,EXPOCODE,SECT_ID,STNNBR,CASTNO,SAMPNO,BTLNBR,BTLNBR_FLAG_W,DATE,LATITUDE,LONGITUDE,DEPTH,CTDPRS,CTDTMP,CTDSAL,CTDSAL_FLAG_W,SALNTY,SALNTY_FLAG_W,OXYGEN,OXYGEN_FLAG_W,SILCAT,SILCAT_FLAG_W,NITRAT,NITRAT_FLAG_W,NITRIT,NITRIT_FLAG_W,PHSPHT,PHSPHT_FLAG_W,AMMONI,AMMONI_FLAG_W,TCARBN,TCARBN_FLAG_W,CHLORA,CHLORA_FLAG_W,THETA
0,  61TG20020206,  SR03,8.0,3.0,23.0,23.0,2.0,20020213.0,-66.4217,139.993,  964,     10.8,  -0.6248,  34.2403,2.0,  34.2480,2.0,    381.1,2.0,    54.70,2.0,    22.38,2.0,     0.16,2.0,     1.37,2.0,     0.12,2.0,   2178.7,2.0,     3.78,5.0,  -0.6251
1,  61TG20020206,  SR03,8.0,3.0,22.0,22.0,2.0,20020213.0,-66.4217,139.993,  964,     21.2,  -0.6186,  34.2393,2.0,-999.0000,9.0,    383.6,2.0,    55.10,2.0,    22.59,2.0,     0.14,2.0,     1.33,2.0,     0.13,2.0,   2180.4,2.0,     4.45,5.0,  -0.6192
2,  61TG20020206,  SR03,8.0,3.0,21.0,21.0,2.0,20020213.0,-66.4217,139.993,  964,     29.6,  -0.6923,  34.2949,2.0,-999.0000,9.0,   -999.0,-999.0,    57.30,2.0,    24.54,2.0,     0.14,2.0,     1.48,2.0,     0.36,2.0,   2188.3,2.0,     3.65,5.0,  -0.6932
3,  61TG20020206,  SR03,8.0,3.0,20.0,20.0,2.0,20020213.0,-66.4217,139.993,  964,     41.0,  -0.7188,  34.3391,2.0,-999.0000,9.0,   -999.0,-999.0,    57.30,2.0,    25.19,2.0,     0.14,2.0,     1.50,2.0,     0.43,2.0,   2198.4,2.0,     3.64,5.0,  -0.7200
4,  61TG20020206,  SR03,8.0,3.0,19.0,19.0,2.0,20020213.0,-66.4217,139.993,  964,     50.9,  -0.7465,  34.3609,2.0,  34.3680,2.0,    347.9,2.0,    58.30,2.0,    25.82,2.0,     0.14,2.0,     1.59,2.0,     0.68,2.0,   2206.2,2.0,     3.05,5.0,  -0.7480
5,  61TG20020206,  SR03,8.0,3.0,18.0,18.0,2.0,20020213.0,-66.4217,139.993,  964,     60.8,  -0.8233,  34.3891,2.0,  34.3880,2.0,    341.2,2.0,    60.70,2.0,    26.86,2.0,     0.14,2.0,     1.70,2.0,     1.13,2.0,   2200.7,2.0,     2.03,5.0,  -0.8250
6,  61TG20020206,  SR03,8.0,3.0,17.0,17.0,2.0,20020213.0,-66.4217,139.993,  964,     71.2,  -0.7941,  34.4023,2.0,  34.4090,2.0,    344.1,2.0,    59.90,2.0,    26.83,2.0,     0.14,2.0,     1.72,2.0,     1.23,2.0,   2205.8,2.0,     1.75,5.0,  -0.7961
7,  61TG20020206,  SR03,8.0,3.0,16.0,16.0,2.0,20020213.0,-66.4217,139.993,  964,     80.4,  -0.8038,  34.4045,2.0,  34.4130,2.0,   -999.0,-999.0,    60.10,2.0,    26.88,2.0,     0.15,2.0,     1.64,2.0,     1.21,2.0,   2204.5,2.0,     1.75,5.0,  -0.8061
8,  61TG20020206,  SR03,8.0,3.0,15.0,15.0,2.0,20020213.0,-66.4217,139.993,  964,    101.1,  -0.8466,  34.4190,2.0,  34.4260,2.0,    341.4,2.0,    61.20,2.0,    27.27,2.0,     0.14,2.0,  -999.00,9.0,     0.97,2.0,   2206.4,2.0,     1.81,5.0,  -0.8495
9,  61TG20020206,  SR03,8.0,3.0,14.0,14.0,2.0,20020213.0,-66.4217,139.993,  964,    127.1,  -0.8966,  34.4276,2.0,  34.4350,2.0,   -999.0,-999.0,    62.50,2.0,    27.83,2.0,     0.14,2.0,     1.66,2.0,        1,2.0,   2208.8,2.0,     1.64,5.0,  -0.9002
10,  61TG20020206,  SR03,8.0,3.0,13.0,13.0,2.0,20020213.0,-66.4217,139.993,  964,    151.0,  -0.9983,  34.4447,2.0,  34.4520,2.0,    335.0,2.0,    65.00,2.0,    28.69,2.0,     0.14,2.0,     1.80,2.0,     1.03,2.0,   2212.8,2.0,     1.20,5.0,  -1.0025
11,  61TG20020206,  SR03,8.0,3.0,12.0,12.0,2.0,20020213.0,-66.4217,139.993,  964,    202.3,  -1.1646,  34.4949,2.0,  34.4990,2.0,    309.2,2.0,    71.60,2.0,    30.86,2.0,     0.13,2.0,     1.93,2.0,     0.71,2.0,   2227.2,2.0,     0.66,5.0,  -1.1700
12,  61TG20020206,  SR03,8.0,3.0,11.0,11.0,2.0,20020213.0,-66.4217,139.993,  964,    253.7,  -1.0517,  34.5213,2.0,  34.5270,2.0,    289.0,2.0,    75.90,2.0,    32.00,2.0,     0.13,2.0,     1.99,2.0,     0.36,2.0,   2230.7,2.0,  -999.00,9.0,  -1.0589
13,  61TG20020206,  SR03,8.0,3.0,10.0,10.0,2.0,20020213.0,-66.4217,139.993,  964,    303.3,  -0.9758,  34.5336,2.0,  34.5410,2.0,    289.4,2.0,    77.50,2.0,    32.30,2.0,     0.14,2.0,     2.02,2.0,     0.28,2.0,   2236.9,2.0,  -999.00,9.0,  -0.9847
14,  61TG20020206,  SR03,8.0,3.0,24.0,24.0,2.0,20020213.0,-66.4217,139.993,  964,    335.0,  -1.0080,  34.5391,2.0,  34.5480,2.0,    297.4,2.0,    77.20,2.0,    32.12,2.0,     0.13,2.0,     1.96,2.0,     0.26,2.0,   2244.9,2.0,  -999.00,9.0,  -1.0179
15,  61TG20020206,  SR03,8.0,3.0,9.0,9.0,2.0,20020213.0,-66.4217,139.993,  964,    404.8,  -1.1796,  34.5475,2.0,  34.5520,2.0,    300.6,2.0,    76.10,2.0,    32.01,2.0,     0.14,2.0,     1.99,2.0,     0.39,2.0,   2237.6,2.0,  -999.00,9.0,  -1.1912
16,  61TG20020206,  SR03,8.0,3.0,8.0,8.0,2.0,20020213.0,-66.4217,139.993,  964,    506.6,  -1.0289,  34.5675,2.0,  34.5730,2.0,    293.4,2.0,    79.60,2.0,    32.44,2.0,     0.13,2.0,     2.01,2.0,     0.21,2.0,   2237.9,2.0,  -999.00,9.0,  -1.0446
17,  61TG20020206,  SR03,8.0,3.0,5.0,5.0,2.0,20020213.0,-66.4217,139.993,  964,    608.8,  -1.1713,  34.5671,2.0,  34.5720,2.0,    297.2,2.0,    78.00,2.0,    32.38,2.0,     0.13,2.0,     1.99,2.0,     0.23,2.0,   2238.7,2.0,  -999.00,9.0,  -1.1900
18,  61TG20020206,  SR03,8.0,3.0,4.0,4.0,2.0,20020213.0,-66.4217,139.993,  964,    809.5,  -1.4997,  34.5623,2.0,  34.5660,2.0,    307.2,2.0,    73.50,2.0,    32.31,2.0,     0.14,2.0,     2.01,2.0,     0.18,2.0,   2238.0,2.0,  -999.00,9.0,  -1.5238
19,  61TG20020206,  SR03,8.0,3.0,1.0,1.0,2.0,20020213.0,-66.4217,139.993,  964,    954.0,  -1.5798,  34.5629,2.0,  34.5670,2.0,    315.9,2.0,    73.40,2.0,    32.18,2.0,     0.13,2.0,     2.05,2.0,     0.15,2.0,   2239.8,2.0,  -999.00,9.0,  -1.6089
20,  61TG20020206,  SR03,5.0,7.0,24.0,24.0,2.0,20020216.0,-64.0,139.998, 3721,      9.4,   1.0620,  33.7440,2.0,  33.7490,2.0,   -999.0,-999.0,    23.50,2.0,    25.22,2.0,     0.21,2.0,  -999.00,9.0,     0.28,2.0,   -999.0,9.0,  -999.00,9.0,   1.0616
21,  61TG20020206,  SR03,5.0,7.0,23.0,23.0,2.0,20020216.0,-64.0,139.998, 3721,     10.1,   1.0600,  33.7450,2.0,  33.7480,2.0,    356.9,2.0,    23.40,2.0,    25.25,2.0,     0.21,2.0,     1.51,2.0,     0.28,2.0,   2151.1,2.0,     0.43,5.0,   1.0596
22,  61TG20020206,  SR03,5.0,7.0,21.0,21.0,2.0,20020216.0,-64.0,139.998, 3721,     19.1,   1.0590,  33.7450,2.0,  33.7560,2.0,    384.6,2.0,    23.30,2.0,    25.33,2.0,     0.20,2.0,     1.51,2.0,     0.28,2.0,   2147.9,2.0,     0.44,5.0,   1.0582
23,  61TG20020206,  SR03,5.0,7.0,22.0,22.0,2.0,20020216.0,-64.0,139.998, 3721,     19.3,   1.0570,  33.7460,2.0,  33.7480,2.0,   -999.0,-999.0,    23.40,2.0,    25.19,2.0,     0.21,2.0,  -999.00,9.0,     0.28,2.0,   -999.0,9.0,  -999.00,9.0,   1.0562
24,  61TG20020206,  SR03,5.0,7.0,20.0,20.0,2.0,20020216.0,-64.0,139.998, 3721,     30.6,   1.0290,  33.7510,2.0,  33.7530,2.0,   -999.0,-999.0,    22.80,2.0,    25.44,2.0,     0.22,2.0,  -999.00,9.0,     0.29,2.0,   -999.0,9.0,  -999.00,9.0,   1.0277
25,  61TG20020206,  SR03,5.0,7.0,19.0,19.0,2.0,20020216.0,-64.0,139.998, 3721,     31.0,   1.0450,  33.7490,2.0,  33.7530,2.0,    354.9,2.0,    23.00,2.0,    25.54,2.0,     0.22,2.0,     1.57,2.0,     0.28,2.0,   2148.4,2.0,     0.42,5.0,   1.0437
26,  61TG20020206,  SR03,5.0,7.0,17.0,17.0,2.0,20020216.0,-64.0,139.998, 3721,     38.6,   1.0040,  33.7530,2.0,  33.7560,2.0,    354.3,2.0,    22.60,2.0,    25.42,2.0,     0.23,2.0,     1.55,2.0,     0.34,2.0,   2148.0,2.0,     0.48,5.0,   1.0024
27,  61TG20020206,  SR03,5.0,7.0,18.0,18.0,2.0,20020216.0,-64.0,139.998, 3721,     38.9,   1.0030,  33.7530,2.0,  33.7560,2.0,   -999.0,-999.0,    22.50,2.0,    25.58,2.0,     0.21,2.0,  -999.00,9.0,     0.33,2.0,   -999.0,9.0,  -999.00,9.0,   1.0014
28,  61TG20020206,  SR03,5.0,7.0,16.0,16.0,2.0,20020216.0,-64.0,139.998, 3721,     49.9,   0.9780,  33.7560,2.0,  33.7230,0.0,   -999.0,-999.0,    22.70,2.0,    25.63,2.0,     0.22,2.0,     1.56,2.0,     0.37,2.0,   -999.0,9.0,  -999.00,9.0,   0.9759
29,  61TG20020206,  SR03,5.0,7.0,15.0,15.0,2.0,20020216.0,-64.0,139.998, 3721,     50.3,   0.9760,  33.7560,2.0,  33.7610,2.0,    354.1,2.0,    22.70,2.0,    25.65,2.0,     0.22,2.0,     1.60,2.0,      0.4,2.0,   2149.8,2.0,     0.64,5.0,   0.9739
30,  61TG20020206,  SR03,5.0,7.0,13.0,13.0,2.0,20020216.0,-64.0,139.998, 3721,     60.9,   0.5350,  33.8480,2.0,  33.8570,2.0,    344.0,2.0,    28.50,2.0,    27.24,2.0,     0.21,2.0,     1.72,2.0,     0.67,2.0,   2167.4,2.0,     0.72,5.0,   0.5326
31,  61TG20020206,  SR03,5.0,7.0,14.0,14.0,2.0,20020216.0,-64.0,139.998, 3721,     61.6,   0.6440,  33.8180,2.0,  33.8170,2.0,   -999.0,-999.0,    26.10,2.0,    26.67,2.0,     0.21,2.0,  -999.00,9.0,     0.65,2.0,   -999.0,9.0,  -999.00,9.0,   0.6416
32,  61TG20020206,  SR03,5.0,7.0,12.0,12.0,2.0,20020216.0,-64.0,139.998, 3721,     70.1,  -0.1210,  34.0450,2.0,  34.0450,2.0,   -999.0,-999.0,    41.60,2.0,    30.29,2.0,     0.17,2.0,  -999.00,9.0,     0.86,2.0,   -999.0,9.0,  -999.00,9.0,  -0.1234
33,  61TG20020206,  SR03,5.0,7.0,11.0,11.0,2.0,20020216.0,-64.0,139.998, 3721,     70.3,  -0.1220,  34.0460,2.0,  34.0500,2.0,    319.3,2.0,    41.80,2.0,    30.24,2.0,     0.17,2.0,     1.94,2.0,      0.9,2.0,   2199.6,3.0,     0.40,5.0,  -0.1244
34,  61TG20020206,  SR03,5.0,7.0,10.0,10.0,2.0,20020216.0,-64.0,139.998, 3721,     80.6,   0.0510,  34.1790,2.0,  34.1790,2.0,   -999.0,-999.0,    49.70,2.0,    32.18,2.0,     0.15,2.0,  -999.00,9.0,     0.81,2.0,   -999.0,9.0,  -999.00,9.0,   0.0481
35,  61TG20020206,  SR03,5.0,7.0,9.0,9.0,2.0,20020216.0,-64.0,139.998, 3721,     81.3,   0.0520,  34.1800,2.0,  34.1810,2.0,    287.6,2.0,    49.80,2.0,    32.14,2.0,     0.16,2.0,     2.04,2.0,     0.81,2.0,   2216.5,3.0,     0.28,5.0,   0.0491
36,  61TG20020206,  SR03,5.0,7.0,8.0,8.0,2.0,20020216.0,-64.0,139.998, 3721,    102.4,   0.6260,  34.3690,2.0,  33.4170,0.0,   -999.0,-999.0,    62.40,2.0,    34.51,2.0,     0.16,2.0,  -999.00,9.0,     0.52,2.0,   -999.0,9.0,  -999.00,9.0,   0.6218
37,  61TG20020206,  SR03,5.0,7.0,7.0,7.0,2.0,20020216.0,-64.0,139.998, 3721,    102.7,   0.6310,  34.3710,2.0,  34.3730,2.0,    239.6,2.0,    62.40,2.0,    34.51,2.0,     0.16,2.0,     2.14,2.0,     0.55,2.0,   2240.3,3.0,     0.12,5.0,   0.6268
38,  61TG20020206,  SR03,5.0,7.0,5.0,5.0,2.0,20020216.0,-64.0,139.998, 3721,    126.5,   1.5600,  34.5240,2.0,  34.5220,2.0,    212.8,2.0,    71.00,2.0,    35.75,2.0,     0.10,2.0,     2.23,2.0,     0.05,2.0,   2256.4,3.0,     0.07,5.0,   1.5538
39,  61TG20020206,  SR03,5.0,7.0,6.0,6.0,2.0,20020216.0,-64.0,139.998, 3721,    127.5,   1.5310,  34.5190,2.0,  34.5200,2.0,   -999.0,-999.0,    71.00,2.0,    35.69,2.0,     0.10,2.0,  -999.00,9.0,     0.08,2.0,   -999.0,9.0,  -999.00,9.0,   1.5248
40,  61TG20020206,  SR03,5.0,7.0,3.0,3.0,2.0,20020216.0,-64.0,139.998, 3721,    151.7,   1.7640,  34.5730,2.0,  34.5770,2.0,    188.2,2.0,    74.30,2.0,    35.76,2.0,     0.03,2.0,     2.20,2.0,     0.06,2.0,   2260.7,3.0,     0.04,5.0,   1.7562
41,  61TG20020206,  SR03,5.0,7.0,4.0,4.0,2.0,20020216.0,-64.0,139.998, 3721,    152.3,   1.7590,  34.5720,2.0,  34.5750,2.0,    189.0,2.0,    74.20,2.0,    35.49,2.0,     0.03,2.0,  -999.00,9.0,     0.06,2.0,   -999.0,9.0,  -999.00,9.0,   1.7512
42,  61TG20020206,  SR03,5.0,7.0,2.0,2.0,2.0,20020216.0,-64.0,139.998, 3721,    203.8,   1.9450,  34.6210,2.0,  34.6250,2.0,    186.5,2.0,    76.10,2.0,    35.01,2.0,     0.02,2.0,     2.21,2.0,     0.05,2.0,   2262.2,3.0,  -999.00,9.0,   1.9342
43,  61TG20020206,  SR03,5.0,7.0,1.0,1.0,2.0,20020216.0,-64.0,139.998, 3721,    304.2,   1.9460,  34.6710,2.0,  34.6750,2.0,    190.4,2.0,    78.00,2.0,    33.74,2.0,     0.01,2.0,     2.13,2.0,     0.06,2.0,   2259.9,3.0,     0.04,5.0,   1.9295
44,  61TG20020206,  SR03,5.0,8.0,23.0,23.0,2.0,20020216.0,-64.0,139.998, 3721,    509.7,   1.8840,  34.7190,2.0,  34.7190,2.0,    198.8,2.0,    80.60,2.0,    32.51,2.0,     0.01,2.0,     1.98,2.0,     0.06,2.0,   2262.3,3.0,  -999.00,9.0,   1.8557
45,  61TG20020206,  SR03,5.0,8.0,22.0,22.0,2.0,20020216.0,-64.0,139.998, 3721,    762.9,   1.7080,  34.7400,2.0,  34.7400,2.0,    206.9,2.0,    85.40,2.0,    31.67,2.0,     0.01,2.0,     1.94,2.0,     0.04,2.0,   2253.5,3.0,  -999.00,9.0,   1.6652
46,  61TG20020206,  SR03,5.0,8.0,19.0,19.0,2.0,20020216.0,-64.0,139.998, 3721,   1011.1,   1.4820,  34.7390,2.0,  34.7390,2.0,   -999.0,-999.0,  -999.00,-999.0,  -999.00,-999.0,  -999.00,-999.0,  -999.00,9.0,     -999,-999.0,   -999.0,9.0,  -999.00,9.0,   1.4250
47,  61TG20020206,  SR03,5.0,8.0,20.0,20.0,2.0,20020216.0,-64.0,139.998, 3721,   1011.4,   1.4850,  34.7390,2.0,  34.7390,2.0,   -999.0,-999.0,  -999.00,-999.0,  -999.00,-999.0,  -999.00,-999.0,  -999.00,9.0,     -999,-999.0,   -999.0,9.0,  -999.00,9.0,   1.4279
48,  61TG20020206,  SR03,5.0,8.0,18.0,18.0,2.0,20020216.0,-64.0,139.998, 3721,   1014.5,   1.4730,  34.7380,2.0,  34.7380,2.0,    213.0,2.0,    91.70,2.0,    31.84,2.0,     0.01,2.0,     1.92,2.0,     0.04,2.0,   2256.6,3.0,  -999.00,9.0,   1.4158
49,  61TG20020206,  SR03,5.0,8.0,16.0,16.0,2.0,20020216.0,-64.0,139.998, 3721,   1267.0,   1.2300,  34.7300,2.0,  34.7300,2.0,    215.0,2.0,    98.80,2.0,    32.14,2.0,     0.01,2.0,     1.93,2.0,     0.06,2.0,   2260.7,3.0,  -999.00,9.0,   1.1584
50,  61TG20020206,  SR03,5.0,8.0,17.0,17.0,2.0,20020216.0,-64.0,139.998, 3721,   1271.0,   1.2240,  34.7300,2.0,  34.7300,2.0,   -999.0,-999.0,  -999.00,-999.0,  -999.00,-999.0,  -999.00,-999.0,  -999.00,9.0,     -999,-999.0,   -999.0,9.0,  -999.00,9.0,   1.1522
51,  61TG20020206,  SR03,5.0,8.0,14.0,14.0,2.0,20020216.0,-64.0,139.998, 3721,   1521.6,   0.9730,  34.7170,2.0,  34.7170,2.0,    218.2,2.0,   105.20,2.0,    32.55,2.0,     0.00,2.0,     1.98,2.0,     0.06,2.0,   2260.4,3.0,  -999.00,9.0,   0.8869
52,  61TG20020206,  SR03,5.0,8.0,15.0,15.0,2.0,20020216.0,-64.0,139.998, 3721,   1523.6,   0.9710,  34.7170,2.0,  34.7170,2.0,   -999.0,-999.0,  -999.00,-999.0,  -999.00,-999.0,  -999.00,-999.0,  -999.00,9.0,     -999,-999.0,   -999.0,9.0,  -999.00,9.0,   0.8848
53,  61TG20020206,  SR03,5.0,8.0,13.0,13.0,2.0,20020216.0,-64.0,139.998, 3721,   1775.5,   0.7270,  34.7040,2.0,  34.7040,2.0,   -999.0,-999.0,  -999.00,-999.0,  -999.00,-999.0,  -999.00,-999.0,  -999.00,9.0,     -999,-999.0,   -999.0,9.0,  -999.00,9.0,   0.6263
54,  61TG20020206,  SR03,5.0,8.0,12.0,12.0,2.0,20020216.0,-64.0,139.998, 3721,   2029.9,   0.4970,  34.6920,2.0,  34.6920,2.0,   -999.0,-999.0,  -999.00,-999.0,  -999.00,-999.0,  -999.00,-999.0,  -999.00,9.0,     -999,-999.0,   -999.0,9.0,  -999.00,9.0,   0.3812
55,  61TG20020206,  SR03,5.0,8.0,10.0,10.0,2.0,20020216.0,-64.0,139.998, 3721,   2030.7,   0.4940,  34.6920,2.0,  34.6920,2.0,    225.9,2.0,   115.30,2.0,    33.26,2.0,     0.00,2.0,     2.08,2.0,     0.05,2.0,   2268.8,3.0,  -999.00,9.0,   0.3782
56,  61TG20020206,  SR03,5.0,8.0,11.0,11.0,2.0,20020216.0,-64.0,139.998, 3721,   2032.1,   0.4930,  34.6920,2.0,  34.6920,2.0,    221.5,2.0,   111.20,2.0,    33.01,2.0,     0.00,2.0,  -999.00,9.0,     0.03,2.0,   -999.0,9.0,  -999.00,9.0,   0.3771
57,  61TG20020206,  SR03,5.0,8.0,9.0,9.0,2.0,20020216.0,-64.0,139.998, 3721,   2282.3,   0.3290,  34.6870,2.0,  34.6870,0.0,   -999.0,-999.0,  -999.00,-999.0,  -999.00,-999.0,  -999.00,-999.0,  -999.00,9.0,     -999,-999.0,   -999.0,9.0,  -999.00,9.0,   0.1971
58,  61TG20020206,  SR03,5.0,8.0,8.0,8.0,2.0,20020216.0,-64.0,139.998, 3721,   2538.2,   0.2040,  34.6820,2.0,  34.6820,2.0,   -999.0,-999.0,  -999.00,-999.0,  -999.00,-999.0,  -999.00,-999.0,  -999.00,9.0,     -999,-999.0,   -999.0,9.0,  -999.00,9.0,   0.0544
59,  61TG20020206,  SR03,5.0,8.0,7.0,7.0,2.0,20020216.0,-64.0,139.998, 3721,   2540.1,   0.2040,  34.6820,2.0,  34.6820,2.0,    233.1,2.0,   120.10,2.0,    33.30,2.0,     0.01,2.0,     2.11,2.0,     0.03,2.0,   2266.6,3.0,  -999.00,9.0,   0.0542
60,  61TG20020206,  SR03,5.0,8.0,6.0,6.0,2.0,20020216.0,-64.0,139.998, 3721,   2789.8,   0.0970,  34.6770,2.0,  34.6770,2.0,    238.6,2.0,   114.90,2.0,    33.27,2.0,     0.00,2.0,     2.03,2.0,     0.04,2.0,   -999.0,9.0,  -999.00,9.0,  -0.0709
61,  61TG20020206,  SR03,5.0,8.0,5.0,5.0,2.0,20020216.0,-64.0,139.998, 3721,   3047.2,  -0.0100,  34.6720,2.0,  34.6720,2.0,   -999.0,-999.0,  -999.00,-999.0,  -999.00,-999.0,  -999.00,-999.0,  -999.00,9.0,     -999,-999.0,   -999.0,9.0,  -999.00,9.0,  -0.1972
62,  61TG20020206,  SR03,5.0,8.0,4.0,4.0,2.0,20020216.0,-64.0,139.998, 3721,   3048.3,  -0.0110,  34.6720,2.0,  34.6720,2.0,   -999.0,-999.0,  -999.00,-999.0,  -999.00,-999.0,  -999.00,-999.0,  -999.00,9.0,     -999,-999.0,   -999.0,9.0,  -999.00,9.0,  -0.1983
63,  61TG20020206,  SR03,5.0,8.0,3.0,3.0,2.0,20020216.0,-64.0,139.998, 3721,   3049.1,  -0.0110,  34.6730,2.0,  34.6730,2.0,    243.6,2.0,   113.70,2.0,    33.27,2.0,     0.01,2.0,     2.01,2.0,     0.05,2.0,   2264.1,3.0,  -999.00,9.0,  -0.1984
64,  61TG20020206,  SR03,5.0,8.0,1.0,1.0,2.0,20020216.0,-64.0,139.998, 3721,   3146.7,  -0.0580,  34.6690,2.0,  34.6690,2.0,    244.0,2.0,   109.20,2.0,    33.13,2.0,     0.00,2.0,     2.00,2.0,     0.05,2.0,   2259.0,2.0,  -999.00,9.0,  -0.2527
65,  61TG20020206,  SR03,5.0,8.0,2.0,2.0,2.0,20020216.0,-64.0,139.998, 3721,   3149.9,  -0.0600,  34.6690,2.0,  34.6690,2.0,   -999.0,-999.0,  -999.00,-999.0,  -999.00,-999.0,  -999.00,-999.0,  -999.00,9.0,     -999,-999.0,   -999.0,9.0,  -999.00,9.0,  -0.2550
66,  61TG20020206,  SR03,7.0,4.0,0.0,0.0,2.0,20020218.0,-65.435,139.85, 2981,      3.0,  -0.9289,  34.2287,2.0,  34.0860,2.0,    351.8,2.0,    51.90,2.0,    25.19,2.0,     0.12,2.0,  -999.00,9.0,     0.44,2.0,   2179.9,2.0,     1.24,5.0,  -0.9290
67,  61TG20020206,  SR03,7.0,4.0,23.0,23.0,2.0,20020218.0,-65.435,139.85, 2981,     11.4,  -0.9142,  34.0763,2.0,  34.0830,2.0,   -999.0,-999.0,    51.90,2.0,    25.30,2.0,     0.11,2.0,     1.65,2.0,     0.36,2.0,   2168.2,2.0,     0.92,5.0,  -0.9145
68,  61TG20020206,  SR03,7.0,4.0,22.0,22.0,2.0,20020218.0,-65.435,139.85, 2981,     19.7,  -0.9142,  34.0772,2.0,  34.0840,2.0,    351.6,2.0,    52.00,2.0,    25.39,2.0,     0.11,2.0,     1.62,2.0,     0.39,2.0,   2161.5,2.0,     1.02,5.0,  -0.9147
69,  61TG20020206,  SR03,7.0,4.0,21.0,21.0,2.0,20020218.0,-65.435,139.85, 2981,     29.4,  -0.9148,  34.0780,2.0,  34.0860,2.0,    351.5,2.0,    52.00,2.0,    25.34,2.0,     0.11,2.0,     1.65,2.0,     0.33,2.0,   2172.1,2.0,     1.28,5.0,  -0.9156
70,  61TG20020206,  SR03,7.0,4.0,20.0,20.0,2.0,20020218.0,-65.435,139.85, 2981,     41.7,  -0.9166,  34.0796,2.0,  34.0860,2.0,    352.0,2.0,    52.00,2.0,    25.41,2.0,     0.11,2.0,     1.60,2.0,     0.34,2.0,   2171.3,2.0,     1.42,5.0,  -0.9177
71,  61TG20020206,  SR03,7.0,4.0,19.0,19.0,2.0,20020218.0,-65.435,139.85, 2981,     51.1,  -0.9197,  34.0802,2.0,  34.0880,2.0,    351.5,2.0,    52.00,2.0,    25.44,2.0,     0.10,2.0,     1.64,2.0,     0.38,2.0,   2171.4,2.0,     0.84,5.0,  -0.9211
72,  61TG20020206,  SR03,7.0,4.0,18.0,18.0,2.0,20020218.0,-65.435,139.85, 2981,     61.5,  -0.9232,  34.0811,2.0,  34.0950,2.0,    350.8,2.0,    52.10,2.0,    25.51,2.0,     0.11,2.0,     1.67,2.0,     0.39,2.0,   2174.3,2.0,     0.82,5.0,  -0.9248
73,  61TG20020206,  SR03,7.0,4.0,17.0,17.0,2.0,20020218.0,-65.435,139.85, 2981,     79.8,  -1.7182,  34.3022,2.0,  34.3130,2.0,    323.8,2.0,    57.40,2.0,    30.84,2.0,     0.10,2.0,     1.97,2.0,     0.29,2.0,   2212.9,2.0,     0.29,5.0,  -1.7198
74,  61TG20020206,  SR03,7.0,4.0,16.0,16.0,2.0,20020218.0,-65.435,139.85, 2981,    100.6,  -1.7305,  34.3160,2.0,  34.3240,2.0,   -999.0,-999.0,    58.20,2.0,    31.16,2.0,     0.08,2.0,     1.96,2.0,     0.17,2.0,   2214.0,2.0,     0.09,5.0,  -1.7326
75,  61TG20020206,  SR03,7.0,4.0,15.0,15.0,2.0,20020218.0,-65.435,139.85, 2981,    123.6,  -1.6885,  34.3268,2.0,  34.3400,2.0,    318.3,2.0,    59.80,2.0,    31.25,2.0,     0.08,2.0,     1.98,2.0,     0.11,2.0,   2216.1,2.0,     0.10,5.0,  -1.6911
76,  61TG20020206,  SR03,7.0,4.0,14.0,14.0,2.0,20020218.0,-65.435,139.85, 2981,    153.0,  -1.5440,  34.3577,2.0,  34.3630,2.0,    309.3,2.0,    62.70,2.0,    31.55,2.0,     0.06,2.0,     1.97,2.0,     0.07,2.0,   2221.2,2.0,     0.06,5.0,  -1.5475
77,  61TG20020206,  SR03,7.0,4.0,13.0,13.0,2.0,20020218.0,-65.435,139.85, 2981,    202.4,  -1.3626,  34.3896,2.0,  34.3980,2.0,    299.9,2.0,    66.00,2.0,    31.98,2.0,     0.05,2.0,     2.00,2.0,     0.05,2.0,   2226.4,2.0,     0.05,5.0,  -1.3676
78,  61TG20020206,  SR03,7.0,4.0,12.0,12.0,2.0,20020218.0,-65.435,139.85, 2981,    302.9,  -0.5003,  34.5280,2.0,  34.5330,2.0,    264.8,2.0,    74.30,2.0,    32.31,2.0,     0.02,2.0,     1.97,2.0,     0.06,2.0,   2241.7,2.0,  -999.00,9.0,  -0.5104
79,  61TG20020206,  SR03,7.0,4.0,11.0,11.0,2.0,20020218.0,-65.435,139.85, 2981,    505.0,   0.2906,  34.6351,2.0,  34.6440,2.0,    233.6,2.0,    87.60,2.0,    32.46,2.0,     0.02,2.0,     2.01,2.0,     0.03,2.0,   2255.5,2.0,  -999.00,9.0,   0.2693
80,  61TG20020206,  SR03,7.0,4.0,9.0,9.0,2.0,20020218.0,-65.435,139.85, 2981,    760.5,   0.5598,  34.6828,2.0,  34.6890,2.0,    218.2,2.0,   101.70,2.0,    33.09,2.0,     0.02,2.0,     2.06,2.0,     0.04,2.0,   2258.7,2.0,  -999.00,9.0,   0.5243
81,  61TG20020206,  SR03,7.0,4.0,7.0,7.0,2.0,20020218.0,-65.435,139.85, 2981,   1013.5,   0.3677,  34.6759,2.0,  34.6830,2.0,    221.1,2.0,   105.90,2.0,    33.33,2.0,     0.02,2.0,     2.10,2.0,     0.05,2.0,   2261.3,2.0,  -999.00,9.0,   0.3197
82,  61TG20020206,  SR03,7.0,4.0,5.0,5.0,2.0,20020218.0,-65.435,139.85, 2981,   1266.4,   0.1145,  34.6697,2.0,  34.6770,2.0,    228.1,2.0,   107.30,2.0,    33.43,2.0,     0.01,2.0,     2.11,2.0,     0.04,2.0,   2261.3,2.0,  -999.00,9.0,   0.0544
83,  61TG20020206,  SR03,7.0,4.0,3.0,3.0,2.0,20020218.0,-65.435,139.85, 2981,   1518.1,  -0.1616,  34.6572,2.0,  34.6640,2.0,    239.2,2.0,   102.40,2.0,    33.02,2.0,     0.03,2.0,     2.08,2.0,     0.06,2.0,   2255.5,2.0,  -999.00,9.0,  -0.2336
84,  61TG20020206,  SR03,7.0,4.0,1.0,1.0,2.0,20020218.0,-65.435,139.85, 2981,   1877.7,  -0.2258,  34.6516,2.0,  34.6590,2.0,    244.5,2.0,    99.50,2.0,    32.88,2.0,     0.02,2.0,     2.07,2.0,     0.06,2.0,   2252.3,2.0,  -999.00,9.0,  -0.3197
85,  61TG20020206,  SR03,6.0,3.0,22.0,22.0,2.0,20020219.0,-64.748,139.84, 3458,    303.1,   1.7080,  34.7110,2.0,  34.7350,0.0,    195.3,2.0,    82.60,2.0,    32.59,2.0,     0.01,2.0,     2.08,2.0,     0.03,2.0,   2262.0,2.0,  -999.00,9.0,   1.6922
86,  61TG20020206,  SR03,6.0,3.0,23.0,23.0,2.0,20020219.0,-64.748,139.84, 3458,    305.0,   1.7160,  34.7120,2.0,-999.0000,9.0,   -999.0,-999.0,  -999.00,-999.0,  -999.00,-999.0,  -999.00,-999.0,  -999.00,9.0,     -999,-999.0,   -999.0,9.0,  -999.00,9.0,   1.7000
87,  61TG20020206,  SR03,6.0,3.0,21.0,21.0,2.0,20020219.0,-64.748,139.84, 3458,    504.5,   1.5780,  34.7320,2.0,-999.0000,9.0,   -999.0,-999.0,  -999.00,-999.0,  -999.00,-999.0,  -999.00,-999.0,  -999.00,9.0,     -999,-999.0,   -999.0,9.0,  -999.00,9.0,   1.5513
88,  61TG20020206,  SR03,6.0,3.0,20.0,20.0,2.0,20020219.0,-64.748,139.84, 3458,    506.1,   1.5770,  34.7330,2.0,  34.7450,2.0,    203.8,2.0,    87.40,2.0,    32.06,2.0,     0.01,2.0,     2.03,2.0,     0.04,2.0,   2257.4,2.0,  -999.00,9.0,   1.5502
89,  61TG20020206,  SR03,6.0,3.0,19.0,19.0,2.0,20020219.0,-64.748,139.84, 3458,    759.8,   1.3020,  34.7300,2.0,-999.0000,9.0,   -999.0,-999.0,  -999.00,-999.0,  -999.00,-999.0,  -999.00,-999.0,  -999.00,9.0,     -999,-999.0,   -999.0,9.0,  -999.00,9.0,   1.2619
90,  61TG20020206,  SR03,6.0,3.0,18.0,18.0,2.0,20020219.0,-64.748,139.84, 3458,    760.6,   1.3040,  34.7300,2.0,  34.7380,2.0,    207.0,2.0,    94.80,2.0,    32.09,2.0,     0.01,2.0,     2.03,2.0,     0.03,2.0,   2256.0,2.0,  -999.00,9.0,   1.2638
91,  61TG20020206,  SR03,6.0,3.0,17.0,17.0,2.0,20020219.0,-64.748,139.84, 3458,   1010.5,   1.0120,  34.7180,2.0,-999.0000,9.0,   -999.0,-999.0,  -999.00,-999.0,  -999.00,-999.0,  -999.00,-999.0,  -999.00,9.0,     -999,-999.0,   -999.0,9.0,  -999.00,9.0,   0.9588
92,  61TG20020206,  SR03,6.0,3.0,16.0,16.0,2.0,20020219.0,-64.748,139.84, 3458,   1011.0,   1.0060,  34.7180,2.0,  34.7270,2.0,    210.9,2.0,   102.90,2.0,    32.59,2.0,     0.01,2.0,     2.06,2.0,     0.03,2.0,   2260.7,2.0,  -999.00,9.0,   0.9528
93,  61TG20020206,  SR03,6.0,3.0,15.0,15.0,2.0,20020219.0,-64.748,139.84, 3458,   1267.2,   0.6050,  34.6910,2.0,  34.6980,2.0,    217.2,2.0,   107.40,2.0,    33.13,2.0,     0.01,2.0,     2.07,2.0,     0.03,2.0,   2251.3,2.0,  -999.00,9.0,   0.5398
94,  61TG20020206,  SR03,6.0,3.0,14.0,14.0,2.0,20020219.0,-64.748,139.84, 3458,   1518.9,   0.3930,  34.6870,2.0,-999.0000,9.0,   -999.0,-999.0,  -999.00,-999.0,  -999.00,-999.0,  -999.00,-999.0,  -999.00,9.0,     -999,-999.0,   -999.0,9.0,  -999.00,9.0,   0.3141
95,  61TG20020206,  SR03,6.0,3.0,13.0,13.0,2.0,20020219.0,-64.748,139.84, 3458,   1520.0,   0.3920,  34.6870,2.0,  34.6940,2.0,    221.7,2.0,   115.10,2.0,    33.44,2.0,     0.01,2.0,     2.16,2.0,     0.02,2.0,   2262.3,2.0,  -999.00,9.0,   0.3131
96,  61TG20020206,  SR03,6.0,3.0,12.0,12.0,2.0,20020219.0,-64.748,139.84, 3458,   1774.2,   0.2140,  34.6790,2.0,  34.6860,2.0,    225.3,2.0,   116.00,2.0,    33.56,2.0,     0.01,2.0,     2.16,2.0,     0.02,2.0,   2259.9,2.0,  -999.00,9.0,   0.1206
97,  61TG20020206,  SR03,6.0,3.0,11.0,11.0,2.0,20020219.0,-64.748,139.84, 3458,   2029.6,   0.0350,  34.6710,2.0,-999.0000,9.0,   -999.0,-999.0,  -999.00,-999.0,  -999.00,-999.0,  -999.00,-999.0,  -999.00,9.0,     -999,-999.0,   -999.0,9.0,  -999.00,9.0,  -0.0734
98,  61TG20020206,  SR03,6.0,3.0,10.0,10.0,2.0,20020219.0,-64.748,139.84, 3458,   2029.9,   0.0350,  34.6710,2.0,  34.6780,2.0,    232.2,2.0,   111.00,2.0,    33.54,2.0,     0.01,2.0,     2.13,2.0,     0.01,2.0,   2256.9,2.0,  -999.00,9.0,  -0.0734
99,  61TG20020206,  SR03,6.0,3.0,9.0,9.0,2.0,20020219.0,-64.748,139.84, 3458,   2286.2,  -0.1120,  34.6650,2.0,  34.6710,2.0,    238.8,2.0,   107.30,2.0,    33.25,2.0,     0.01,2.0,     2.14,2.0,     0.02,2.0,   -999.0,9.0,  -999.00,9.0,  -0.2364
100,  61TG20020206,  SR03,6.0,3.0,7.0,7.0,2.0,20020219.0,-64.748,139.84, 3458,   2541.3,  -0.2920,  34.6550,2.0,  34.6610,2.0,    246.9,2.0,   102.80,2.0,    32.99,2.0,     0.02,2.0,     2.12,2.0,     0.02,2.0,   2252.5,2.0,  -999.00,9.0,  -0.4321
101,  61TG20020206,  SR03,6.0,3.0,8.0,8.0,2.0,20020219.0,-64.748,139.84, 3458,   2543.8,  -0.2920,  34.6550,2.0,-999.0000,9.0,   -999.0,-999.0,  -999.00,-999.0,  -999.00,-999.0,  -999.00,-999.0,  -999.00,9.0,     -999,-999.0,   -999.0,9.0,  -999.00,9.0,  -0.4323
102,  61TG20020206,  SR03,6.0,3.0,5.0,5.0,2.0,20020219.0,-64.748,139.84, 3458,   2695.0,  -0.3880,  34.6480,2.0,-999.0000,9.0,    252.6,2.0,    98.90,2.0,    32.90,2.0,     0.02,2.0,     2.14,2.0,     0.02,2.0,   -999.0,9.0,  -999.00,9.0,  -0.5380
103,  61TG20020206,  SR03,6.0,3.0,6.0,6.0,2.0,20020219.0,-64.748,139.84, 3458,   2697.1,  -0.3870,  34.6480,2.0,  34.6560,2.0,   -999.0,-999.0,  -999.00,-999.0,  -999.00,-999.0,  -999.00,-999.0,  -999.00,9.0,     -999,-999.0,   -999.0,9.0,  -999.00,9.0,  -0.5372
104,  61TG20020206,  SR03,6.0,3.0,2.0,2.0,2.0,20020219.0,-64.748,139.84, 3458,   2803.3,  -0.3810,  34.6470,2.0,-999.0000,9.0,   -999.0,-999.0,  -999.00,-999.0,  -999.00,-999.0,  -999.00,-999.0,  -999.00,9.0,     -999,-999.0,   -999.0,9.0,  -999.00,9.0,  -0.5397
105,  61TG20020206,  SR03,6.0,3.0,1.0,1.0,2.0,20020219.0,-64.748,139.84, 3458,   2804.2,  -0.3810,  34.6470,2.0,  34.6510,2.0,    252.1,2.0,    98.40,2.0,    33.00,2.0,     0.02,2.0,     2.14,2.0,     0.02,2.0,   2249.5,2.0,  -999.00,9.0,  -0.5398
106,  61TG20020206,  SR03,6.0,4.0,21.0,21.0,2.0,20020219.0,-64.748,139.84, 3458,      9.4,   0.3240,  33.9010,2.0,  33.9050,2.0,    338.4,2.0,    39.90,2.0,    25.48,2.0,     0.14,2.0,     1.67,2.0,      0.3,2.0,   2161.3,2.0,     0.78,5.0,   0.3237
107,  61TG20020206,  SR03,6.0,4.0,22.0,22.0,2.0,20020219.0,-64.748,139.84, 3458,      9.9,   0.3210,  33.8990,2.0,-999.0000,9.0,   -999.0,-999.0,  -999.00,-999.0,  -999.00,-999.0,  -999.00,-999.0,  -999.00,9.0,     -999,-999.0,   -999.0,9.0,  -999.00,9.0,   0.3206
108,  61TG20020206,  SR03,6.0,4.0,19.0,19.0,2.0,20020219.0,-64.748,139.84, 3458,     19.6,   0.3750,  33.9500,2.0,  33.9560,2.0,    333.4,2.0,    42.10,2.0,    26.26,2.0,     0.18,2.0,     1.75,2.0,     0.26,2.0,   2167.0,2.0,     1.11,5.0,   0.3743
109,  61TG20020206,  SR03,6.0,4.0,20.0,20.0,2.0,20020219.0,-64.748,139.84, 3458,     20.1,   0.3770,  33.9510,2.0,-999.0000,9.0,   -999.0,-999.0,  -999.00,-999.0,  -999.00,-999.0,  -999.00,-999.0,  -999.00,9.0,     -999,-999.0,   -999.0,9.0,  -999.00,9.0,   0.3763
110,  61TG20020206,  SR03,6.0,4.0,18.0,18.0,2.0,20020219.0,-64.748,139.84, 3458,     29.7,   0.3830,  33.9580,2.0,-999.0000,9.0,   -999.0,-999.0,  -999.00,-999.0,  -999.00,-999.0,  -999.00,-999.0,  -999.00,9.0,     -999,-999.0,   -999.0,9.0,  -999.00,9.0,   0.3819
111,  61TG20020206,  SR03,6.0,4.0,17.0,17.0,2.0,20020219.0,-64.748,139.84, 3458,     30.1,   0.3830,  33.9590,2.0,  33.9620,2.0,    331.6,2.0,    42.20,2.0,    26.39,2.0,     0.17,2.0,     1.66,2.0,     0.27,2.0,   2171.8,2.0,     1.87,5.0,   0.3819
112,  61TG20020206,  SR03,6.0,4.0,15.0,15.0,2.0,20020219.0,-64.748,139.84, 3458,     39.6,   0.4140,  33.9660,2.0,  33.9800,2.0,    327.8,2.0,    43.00,2.0,    26.67,2.0,     0.16,2.0,     1.71,2.0,     0.33,2.0,   2170.7,2.0,     1.07,5.0,   0.4125
113,  61TG20020206,  SR03,6.0,4.0,16.0,16.0,2.0,20020219.0,-64.748,139.84, 3458,     39.9,   0.4120,  33.9660,2.0,-999.0000,9.0,   -999.0,-999.0,  -999.00,-999.0,  -999.00,-999.0,  -999.00,-999.0,  -999.00,9.0,     -999,-999.0,   -999.0,9.0,  -999.00,9.0,   0.4105
114,  61TG20020206,  SR03,6.0,4.0,13.0,13.0,2.0,20020219.0,-64.748,139.84, 3458,     50.7,   0.3410,  34.0770,2.0,  34.0480,0.0,    313.2,2.0,    46.40,2.0,    27.70,2.0,     0.13,2.0,     1.79,2.0,     0.39,2.0,   2185.7,2.0,     1.13,5.0,   0.3391
115,  61TG20020206,  SR03,6.0,4.0,14.0,14.0,2.0,20020219.0,-64.748,139.84, 3458,     51.1,   0.3500,  34.0730,2.0,-999.0000,9.0,   -999.0,-999.0,  -999.00,-999.0,  -999.00,-999.0,  -999.00,-999.0,  -999.00,9.0,     -999,-999.0,   -999.0,9.0,  -999.00,9.0,   0.3481
116,  61TG20020206,  SR03,6.0,4.0,11.0,11.0,2.0,20020219.0,-64.748,139.84, 3458,     60.4,  -0.1560,  34.2050,2.0,  34.2190,2.0,    299.1,2.0,    55.60,2.0,    29.97,2.0,     0.12,2.0,     1.97,2.0,     0.48,2.0,   2205.6,2.0,     0.43,5.0,  -0.1580
117,  61TG20020206,  SR03,6.0,4.0,12.0,12.0,2.0,20020219.0,-64.748,139.84, 3458,     60.8,  -0.1550,  34.2040,2.0,-999.0000,9.0,   -999.0,-999.0,  -999.00,-999.0,  -999.00,-999.0,  -999.00,-999.0,  -999.00,9.0,     -999,-999.0,   -999.0,9.0,  -999.00,9.0,  -0.1570
118,  61TG20020206,  SR03,6.0,4.0,23.0,23.0,2.0,20020219.0,-64.748,139.84, 3458,     69.8,  -0.1110,  34.3640,2.0,  34.3630,2.0,    270.7,2.0,    62.80,2.0,    32.06,2.0,     0.10,2.0,     2.07,2.0,     0.44,2.0,   2221.8,2.0,     0.25,5.0,  -0.1134
119,  61TG20020206,  SR03,6.0,4.0,24.0,24.0,2.0,20020219.0,-64.748,139.84, 3458,     71.2,  -0.1270,  34.3640,2.0,-999.0000,9.0,   -999.0,-999.0,  -999.00,-999.0,  -999.00,-999.0,  -999.00,-999.0,  -999.00,9.0,     -999,-999.0,   -999.0,9.0,  -999.00,9.0,  -0.1294
120,  61TG20020206,  SR03,6.0,4.0,9.0,9.0,2.0,20020219.0,-64.748,139.84, 3458,     81.0,   0.9220,  34.5300,2.0,  34.6990,0.0,    220.7,2.0,    71.40,2.0,    34.25,2.0,     0.11,2.0,     2.16,2.0,      0.2,2.0,   2246.7,2.0,     0.12,5.0,   0.9185
121,  61TG20020206,  SR03,6.0,4.0,10.0,10.0,2.0,20020219.0,-64.748,139.84, 3458,     81.4,   0.9990,  34.5400,2.0,-999.0000,9.0,   -999.0,-999.0,  -999.00,-999.0,  -999.00,-999.0,  -999.00,-999.0,  -999.00,9.0,     -999,-999.0,   -999.0,9.0,  -999.00,9.0,   0.9954
122,  61TG20020206,  SR03,6.0,4.0,7.0,7.0,2.0,20020219.0,-64.748,139.84, 3458,    101.9,   1.3050,  34.5810,2.0,  34.5860,2.0,    200.3,2.0,    75.60,2.0,    34.63,2.0,     0.07,2.0,     2.22,2.0,     0.06,2.0,   2253.5,2.0,     0.05,5.0,   1.3002
123,  61TG20020206,  SR03,6.0,4.0,8.0,8.0,2.0,20020219.0,-64.748,139.84, 3458,    102.0,   1.2910,  34.5800,2.0,-999.0000,9.0,   -999.0,-999.0,  -999.00,-999.0,  -999.00,-999.0,  -999.00,-999.0,  -999.00,9.0,     -999,-999.0,   -999.0,9.0,  -999.00,9.0,   1.2862
124,  61TG20020206,  SR03,6.0,4.0,5.0,5.0,2.0,20020219.0,-64.748,139.84, 3458,    127.6,   1.6950,  34.6310,2.0,  34.6350,2.0,    188.1,2.0,    78.10,2.0,    34.68,2.0,     0.04,2.0,     2.16,2.0,     0.06,2.0,   2258.7,2.0,     0.03,5.0,   1.6886
125,  61TG20020206,  SR03,6.0,4.0,6.0,6.0,2.0,20020219.0,-64.748,139.84, 3458,    133.2,   1.6990,  34.6340,2.0,-999.0000,9.0,   -999.0,-999.0,  -999.00,-999.0,  -999.00,-999.0,  -999.00,-999.0,  -999.00,9.0,     -999,-999.0,   -999.0,9.0,  -999.00,9.0,   1.6923
126,  61TG20020206,  SR03,6.0,4.0,3.0,3.0,2.0,20020219.0,-64.748,139.84, 3458,    150.5,   1.6780,  34.6570,2.0,  34.6630,2.0,    195.9,2.0,    79.10,2.0,    33.97,2.0,     0.03,2.0,     2.14,2.0,     0.04,2.0,   2254.6,2.0,     0.03,5.0,   1.6704
127,  61TG20020206,  SR03,6.0,4.0,4.0,4.0,2.0,20020219.0,-64.748,139.84, 3458,    151.3,   1.6720,  34.6560,2.0,-999.0000,9.0,   -999.0,-999.0,  -999.00,-999.0,  -999.00,-999.0,  -999.00,-999.0,  -999.00,9.0,     -999,-999.0,   -999.0,9.0,  -999.00,9.0,   1.6644
128,  61TG20020206,  SR03,6.0,4.0,2.0,2.0,2.0,20020219.0,-64.748,139.84, 3458,    204.2,   1.7770,  34.6800,2.0,-999.0000,9.0,   -999.0,-999.0,  -999.00,-999.0,  -999.00,-999.0,  -999.00,-999.0,  -999.00,9.0,     -999,-999.0,   -999.0,9.0,  -999.00,9.0,   1.7664
129,  61TG20020206,  SR03,6.0,4.0,1.0,1.0,2.0,20020219.0,-64.748,139.84, 3458,    204.6,   1.7770,  34.6800,2.0,  34.6840,2.0,    192.7,2.0,    80.30,2.0,    33.78,2.0,     0.02,2.0,     2.15,2.0,     0.04,2.0,   2256.3,2.0,     0.02,5.0,   1.7664
130,  61TG20020206,  SR03,4.0,2.0,19.0,19.0,2.0,20020220.0,-63.248,140.015, 3850,      5.2,   1.1300,  33.7020,2.0,-999.0000,9.0,   -999.0,-999.0,    22.50,2.0,    24.96,2.0,     0.21,2.0,  -999.00,9.0,     0.43,2.0,   -999.0,9.0,  -999.00,9.0,   1.1298
131,  61TG20020206,  SR03,4.0,2.0,23.0,23.0,2.0,20020220.0,-63.248,140.015, 3850,     40.9,   0.9520,  33.7310,2.0,-999.0000,9.0,   -999.0,-999.0,    23.10,2.0,    25.04,2.0,     0.20,2.0,  -999.00,9.0,     0.48,2.0,   -999.0,9.0,  -999.00,9.0,   0.9503
132,  61TG20020206,  SR03,4.0,2.0,22.0,22.0,2.0,20020220.0,-63.248,140.015, 3850,     59.4,   0.8670,  33.7420,2.0,-999.0000,9.0,   -999.0,-999.0,    25.10,2.0,    25.42,2.0,     0.19,2.0,  -999.00,9.0,     0.56,2.0,   -999.0,9.0,  -999.00,9.0,   0.8645
133,  61TG20020206,  SR03,4.0,2.0,20.0,20.0,2.0,20020220.0,-63.248,140.015, 3850,    505.9,   1.5690,  34.7250,2.0,  34.7360,2.0,    200.7,2.0,    85.10,2.0,    31.97,2.0,     0.01,2.0,     2.09,2.0,     0.04,2.0,   2250.3,2.0,  -999.00,9.0,   1.5423
134,  61TG20020206,  SR03,4.0,2.0,21.0,21.0,2.0,20020220.0,-63.248,140.015, 3850,    506.5,   1.5800,  34.7270,2.0,-999.0000,9.0,   -999.0,-999.0,  -999.00,-999.0,  -999.00,-999.0,  -999.00,-999.0,  -999.00,9.0,     -999,-999.0,   -999.0,9.0,  -999.00,9.0,   1.5532
135,  61TG20020206,  SR03,4.0,2.0,17.0,17.0,2.0,20020220.0,-63.248,140.015, 3850,    758.4,   1.4390,  34.7340,2.0,  34.7430,2.0,    204.2,2.0,    90.40,2.0,    31.90,2.0,     0.01,2.0,     2.05,2.0,     0.04,2.0,   -999.0,9.0,  -999.00,9.0,   1.3981
136,  61TG20020206,  SR03,4.0,2.0,18.0,18.0,2.0,20020220.0,-63.248,140.015, 3850,    758.8,   1.4200,  34.7310,2.0,-999.0000,9.0,   -999.0,-999.0,  -999.00,-999.0,  -999.00,-999.0,  -999.00,-999.0,  -999.00,9.0,     -999,-999.0,   -999.0,9.0,  -999.00,9.0,   1.3792
137,  61TG20020206,  SR03,4.0,2.0,15.0,15.0,2.0,20020220.0,-63.248,140.015, 3850,   1011.9,   1.2030,  34.7250,2.0,  34.7360,2.0,    208.2,2.0,    96.10,2.0,    32.16,2.0,     0.01,2.0,     2.08,2.0,     0.02,2.0,   2254.2,2.0,  -999.00,9.0,   1.1482
138,  61TG20020206,  SR03,4.0,2.0,16.0,16.0,2.0,20020220.0,-63.248,140.015, 3850,   1012.9,   1.2040,  34.7250,2.0,-999.0000,9.0,   -999.0,-999.0,  -999.00,-999.0,  -999.00,-999.0,  -999.00,-999.0,  -999.00,9.0,     -999,-999.0,   -999.0,9.0,  -999.00,9.0,   1.1491
139,  61TG20020206,  SR03,4.0,2.0,14.0,14.0,2.0,20020220.0,-63.248,140.015, 3850,   1265.6,   1.0210,  34.7160,2.0,  34.7270,2.0,    210.5,2.0,   101.10,2.0,    32.48,2.0,     0.00,2.0,     2.11,2.0,     0.02,2.0,   -999.0,9.0,  -999.00,9.0,   0.9516
140,  61TG20020206,  SR03,4.0,2.0,13.0,13.0,2.0,20020220.0,-63.248,140.015, 3850,   1519.3,   0.8340,  34.7090,2.0,-999.0000,9.0,   -999.0,-999.0,  -999.00,-999.0,  -999.00,-999.0,  -999.00,-999.0,  -999.00,9.0,     -999,-999.0,   -999.0,9.0,  -999.00,9.0,   0.7498
141,  61TG20020206,  SR03,4.0,2.0,12.0,12.0,2.0,20020220.0,-63.248,140.015, 3850,   1519.5,   0.8330,  34.7090,2.0,  34.7190,2.0,    212.5,2.0,   107.60,2.0,    32.75,2.0,     0.01,2.0,     2.12,2.0,     0.03,2.0,   2260.1,2.0,  -999.00,9.0,   0.7487
142,  61TG20020206,  SR03,4.0,2.0,11.0,11.0,2.0,20020220.0,-63.248,140.015, 3850,   1771.7,   0.6380,  34.7000,2.0,  34.7090,2.0,    215.6,2.0,   112.70,2.0,    33.02,2.0,     0.01,2.0,     2.16,2.0,     0.01,2.0,   -999.0,9.0,  -999.00,9.0,   0.5388
143,  61TG20020206,  SR03,4.0,2.0,9.0,9.0,2.0,20020220.0,-63.248,140.015, 3850,   2029.4,   0.4540,  34.6910,2.0,  34.6990,2.0,    219.1,2.0,   115.90,2.0,    33.41,2.0,     0.00,2.0,     2.15,2.0,     0.04,2.0,   2260.6,2.0,  -999.00,9.0,   0.3389
144,  61TG20020206,  SR03,4.0,2.0,10.0,10.0,2.0,20020220.0,-63.248,140.015, 3850,   2029.5,   0.4540,  34.6910,2.0,-999.0000,9.0,   -999.0,-999.0,  -999.00,-999.0,  -999.00,-999.0,  -999.00,-999.0,  -999.00,9.0,     -999,-999.0,   -999.0,9.0,  -999.00,9.0,   0.3389
145,  61TG20020206,  SR03,4.0,2.0,8.0,8.0,2.0,20020220.0,-63.248,140.015, 3850,   2283.9,   0.2840,  34.6820,2.0,  34.6940,2.0,    227.9,2.0,   117.20,2.0,    33.32,2.0,     0.00,2.0,     2.17,2.0,     0.03,2.0,   2259.4,2.0,  -999.00,9.0,   0.1527
146,  61TG20020206,  SR03,4.0,2.0,7.0,7.0,2.0,20020220.0,-63.248,140.015, 3850,   2539.3,   0.1610,  34.6770,2.0,  34.6880,2.0,    228.3,2.0,   116.40,2.0,    33.33,2.0,     0.01,2.0,     2.19,2.0,     0.03,2.0,   2256.0,2.0,  -999.00,9.0,   0.0121
147,  61TG20020206,  SR03,4.0,2.0,6.0,6.0,2.0,20020220.0,-63.248,140.015, 3850,   3051.3,  -0.0250,  34.6720,2.0,-999.0000,9.0,   -999.0,-999.0,  -999.00,-999.0,  -999.00,-999.0,  -999.00,-999.0,  -999.00,9.0,     -999,-999.0,   -999.0,9.0,  -999.00,9.0,  -0.2122
148,  61TG20020206,  SR03,4.0,2.0,5.0,5.0,2.0,20020220.0,-63.248,140.015, 3850,   3051.8,  -0.0260,  34.6720,2.0,  34.6820,2.0,    238.3,2.0,   118.10,2.0,    33.38,2.0,     0.01,2.0,     2.17,2.0,     0.03,2.0,   2257.4,3.0,  -999.00,9.0,  -0.2133
149,  61TG20020206,  SR03,4.0,2.0,4.0,4.0,2.0,20020220.0,-63.248,140.015, 3850,   3307.7,  -0.1340,  34.6670,2.0,  34.6750,2.0,    241.7,2.0,   113.10,2.0,    33.19,2.0,     0.01,2.0,     2.16,2.0,     0.03,2.0,   2249.7,3.0,  -999.00,9.0,  -0.3411
150,  61TG20020206,  SR03,4.0,2.0,3.0,3.0,2.0,20020220.0,-63.248,140.015, 3850,   3563.5,  -0.3430,  34.6480,2.0,-999.0000,9.0,   -999.0,-999.0,  -999.00,-999.0,  -999.00,-999.0,  -999.00,-999.0,  -999.00,9.0,     -999,-999.0,   -999.0,9.0,  -999.00,9.0,  -0.5678
151,  61TG20020206,  SR03,4.0,2.0,2.0,2.0,2.0,20020220.0,-63.248,140.015, 3850,   3564.6,  -0.3430,  34.6480,2.0,  34.6580,2.0,    253.2,2.0,    98.90,2.0,    32.69,2.0,     0.01,2.0,     2.14,2.0,     0.04,2.0,   2243.9,3.0,  -999.00,9.0,  -0.5679
152,  61TG20020206,  SR03,4.0,2.0,24.0,24.0,2.0,20020220.0,-63.248,140.015, 3850,   3727.3,  -0.5020,  34.6380,2.0,  34.6470,2.0,    269.7,2.0,    94.80,2.0,    32.45,2.0,     0.02,2.0,     2.11,2.0,     0.03,2.0,   -999.0,9.0,  -999.00,9.0,  -0.7376
153,  61TG20020206,  SR03,4.0,3.0,24.0,24.0,2.0,20020220.0,-63.248,140.015, 3850,     10.2,   1.2590,  33.6530,2.0,-999.0000,9.0,   -999.0,-999.0,  -999.00,-999.0,  -999.00,-999.0,  -999.00,-999.0,  -999.00,9.0,     -999,-999.0,   -999.0,9.0,  -999.00,9.0,   1.2586
154,  61TG20020206,  SR03,4.0,3.0,23.0,23.0,2.0,20020220.0,-63.248,140.015, 3850,     10.5,   1.2610,  33.6520,2.0,  33.6610,2.0,    349.3,2.0,    20.20,2.0,    24.15,2.0,     0.21,2.0,     1.52,2.0,     0.52,2.0,   2132.5,2.0,     0.29,5.0,   1.2605
155,  61TG20020206,  SR03,4.0,3.0,21.0,21.0,2.0,20020220.0,-63.248,140.015, 3850,     20.8,   1.2190,  33.6560,2.0,  33.6700,2.0,    349.5,2.0,    20.20,2.0,    24.24,2.0,     0.21,2.0,     1.52,2.0,     0.54,2.0,   2134.1,2.0,     0.32,5.0,   1.2181
156,  61TG20020206,  SR03,4.0,3.0,22.0,22.0,2.0,20020220.0,-63.248,140.015, 3850,     21.1,   1.2020,  33.6590,2.0,-999.0000,9.0,   -999.0,-999.0,  -999.00,-999.0,  -999.00,-999.0,  -999.00,-999.0,  -999.00,9.0,     -999,-999.0,   -999.0,9.0,  -999.00,9.0,   1.2011
157,  61TG20020206,  SR03,4.0,3.0,20.0,20.0,2.0,20020220.0,-63.248,140.015, 3850,     30.5,   1.1100,  33.6800,2.0,-999.0000,9.0,   -999.0,-999.0,  -999.00,-999.0,  -999.00,-999.0,  -999.00,-999.0,  -999.00,9.0,     -999,-999.0,   -999.0,9.0,  -999.00,9.0,   1.1087
158,  61TG20020206,  SR03,4.0,3.0,19.0,19.0,2.0,20020220.0,-63.248,140.015, 3850,     30.6,   1.1130,  33.6790,2.0,  33.6930,2.0,    349.6,2.0,    20.70,2.0,    24.43,2.0,     0.21,2.0,     1.56,2.0,     0.52,2.0,   2137.4,2.0,     0.33,5.0,   1.1117
159,  61TG20020206,  SR03,4.0,3.0,17.0,17.0,2.0,20020220.0,-63.248,140.015, 3850,     39.5,   1.0510,  33.7040,2.0,  33.7210,2.0,    349.4,2.0,    21.80,2.0,    24.82,2.0,     0.20,2.0,     1.59,2.0,     0.44,2.0,   2144.3,2.0,     0.38,5.0,   1.0493
160,  61TG20020206,  SR03,4.0,3.0,18.0,18.0,2.0,20020220.0,-63.248,140.015, 3850,     40.4,   1.0560,  33.7030,2.0,-999.0000,9.0,   -999.0,-999.0,  -999.00,-999.0,  -999.00,-999.0,  -999.00,-999.0,  -999.00,9.0,     -999,-999.0,   -999.0,9.0,  -999.00,9.0,   1.0543
161,  61TG20020206,  SR03,4.0,3.0,16.0,16.0,2.0,20020220.0,-63.248,140.015, 3850,     50.4,   0.9040,  33.7440,2.0,-999.0000,9.0,   -999.0,-999.0,  -999.00,-999.0,  -999.00,-999.0,  -999.00,-999.0,  -999.00,9.0,     -999,-999.0,   -999.0,9.0,  -999.00,9.0,   0.9019
162,  61TG20020206,  SR03,4.0,3.0,15.0,15.0,2.0,20020220.0,-63.248,140.015, 3850,     50.5,   0.9130,  33.7420,2.0,  33.7470,2.0,    348.6,2.0,    23.00,2.0,    25.02,2.0,     0.20,2.0,     1.69,2.0,     0.41,2.0,   2137.1,2.0,     0.56,5.0,   0.9109
163,  61TG20020206,  SR03,4.0,3.0,14.0,14.0,2.0,20020220.0,-63.248,140.015, 3850,     58.4,   0.8640,  33.7510,2.0,-999.0000,9.0,   -999.0,-999.0,  -999.00,-999.0,  -999.00,-999.0,  -999.00,-999.0,  -999.00,9.0,     -999,-999.0,   -999.0,9.0,  -999.00,9.0,   0.8616
164,  61TG20020206,  SR03,4.0,3.0,13.0,13.0,2.0,20020220.0,-63.248,140.015, 3850,     60.0,   0.8620,  33.7540,2.0,  33.7710,2.0,    345.9,2.0,    24.70,2.0,    25.53,2.0,     0.19,2.0,     1.66,2.0,     0.46,2.0,   2146.1,2.0,     0.58,5.0,   0.8595
165,  61TG20020206,  SR03,4.0,3.0,11.0,11.0,2.0,20020220.0,-63.248,140.015, 3850,     79.8,  -0.4890,  34.1980,2.0,  34.2100,2.0,    297.4,2.0,    53.00,2.0,    31.64,2.0,     0.14,2.0,     2.16,2.0,     1.01,2.0,   2209.4,2.0,     0.29,5.0,  -0.4915
166,  61TG20020206,  SR03,4.0,3.0,12.0,12.0,2.0,20020220.0,-63.248,140.015, 3850,     80.4,  -0.4820,  34.1970,2.0,-999.0000,9.0,   -999.0,-999.0,  -999.00,-999.0,  -999.00,-999.0,  -999.00,-999.0,  -999.00,9.0,     -999,-999.0,   -999.0,9.0,  -999.00,9.0,  -0.4845
167,  61TG20020206,  SR03,4.0,3.0,9.0,9.0,2.0,20020220.0,-63.248,140.015, 3850,    100.8,   0.6230,  34.4140,2.0,  34.4290,2.0,    232.7,2.0,    65.20,2.0,    34.34,2.0,     0.12,2.0,     2.25,2.0,     0.34,2.0,   2240.0,2.0,     0.14,5.0,   0.6189
168,  61TG20020206,  SR03,4.0,3.0,10.0,10.0,2.0,20020220.0,-63.248,140.015, 3850,    101.8,   0.4160,  34.4060,2.0,-999.0000,9.0,   -999.0,-999.0,  -999.00,-999.0,  -999.00,-999.0,  -999.00,-999.0,  -999.00,9.0,     -999,-999.0,   -999.0,9.0,  -999.00,9.0,   0.4120
169,  61TG20020206,  SR03,4.0,3.0,7.0,7.0,2.0,20020220.0,-63.248,140.015, 3850,    126.4,   0.0800,  34.4390,2.0,  34.4440,2.0,    253.6,2.0,    66.10,2.0,    33.68,2.0,     0.13,2.0,     2.20,2.0,     0.09,2.0,   2233.6,2.0,     0.06,5.0,   0.0754
170,  61TG20020206,  SR03,4.0,3.0,8.0,8.0,2.0,20020220.0,-63.248,140.015, 3850,    128.0,   0.0520,  34.4370,2.0,-999.0000,9.0,   -999.0,-999.0,  -999.00,-999.0,  -999.00,-999.0,  -999.00,-999.0,  -999.00,9.0,     -999,-999.0,   -999.0,9.0,  -999.00,9.0,   0.0473
171,  61TG20020206,  SR03,4.0,3.0,5.0,5.0,2.0,20020220.0,-63.248,140.015, 3850,    152.0,   0.3260,  34.4860,2.0,  34.4840,2.0,    245.9,2.0,    68.60,2.0,    33.63,2.0,     0.07,2.0,     2.21,2.0,     0.03,2.0,   2237.0,2.0,     0.08,5.0,   0.3201
172,  61TG20020206,  SR03,4.0,3.0,6.0,6.0,2.0,20020220.0,-63.248,140.015, 3850,    153.3,   0.3730,  34.4970,2.0,-999.0000,9.0,   -999.0,-999.0,  -999.00,-999.0,  -999.00,-999.0,  -999.00,-999.0,  -999.00,9.0,     -999,-999.0,   -999.0,9.0,  -999.00,9.0,   0.3670
173,  61TG20020206,  SR03,4.0,3.0,4.0,4.0,2.0,20020220.0,-63.248,140.015, 3850,    202.1,   0.8440,  34.5760,2.0,-999.0000,9.0,   -999.0,-999.0,  -999.00,-999.0,  -999.00,-999.0,  -999.00,-999.0,  -999.00,9.0,     -999,-999.0,   -999.0,9.0,  -999.00,9.0,   0.8351
174,  61TG20020206,  SR03,4.0,3.0,3.0,3.0,2.0,20020220.0,-63.248,140.015, 3850,    202.3,   0.8180,  34.5750,2.0,  34.5770,2.0,    225.0,2.0,    74.10,2.0,    33.83,2.0,     0.03,2.0,     2.21,2.0,     0.03,2.0,   2251.4,2.0,     0.02,5.0,   0.8092
175,  61TG20020206,  SR03,4.0,3.0,2.0,2.0,2.0,20020220.0,-63.248,140.015, 3850,    302.7,   1.5220,  34.6770,2.0,-999.0000,9.0,   -999.0,-999.0,  -999.00,-999.0,  -999.00,-999.0,  -999.00,-999.0,  -999.00,9.0,     -999,-999.0,   -999.0,9.0,  -999.00,9.0,   1.5067
176,  61TG20020206,  SR03,4.0,3.0,1.0,1.0,2.0,20020220.0,-63.248,140.015, 3850,    303.1,   1.5320,  34.6780,2.0,  34.6840,2.0,    202.6,2.0,    79.50,2.0,    33.19,2.0,     0.01,2.0,     2.13,2.0,     0.02,2.0,   2257.3,2.0,  -999.00,9.0,   1.5166
177,  61TG20020206,  SR03,3.0,2.0,19.0,19.0,2.0,20020221.0,-62.5,140.003, 4039,      7.0,   1.5000,  33.6610,2.0,-999.0000,9.0,   -999.0,-999.0,    17.60,2.0,    25.81,2.0,     0.25,2.0,  -999.00,9.0,     0.52,2.0,   -999.0,9.0,  -999.00,9.0,   1.4997
178,  61TG20020206,  SR03,3.0,2.0,23.0,23.0,2.0,20020221.0,-62.5,140.003, 4039,     40.3,   1.2200,  33.7030,2.0,-999.0000,9.0,   -999.0,-999.0,    22.50,2.0,    25.83,2.0,     0.22,2.0,  -999.00,9.0,     0.44,2.0,   -999.0,9.0,  -999.00,9.0,   1.2182
179,  61TG20020206,  SR03,3.0,2.0,22.0,22.0,2.0,20020221.0,-62.5,140.003, 4039,     40.7,   1.1280,  33.7140,2.0,-999.0000,9.0,   -999.0,-999.0,    24.30,2.0,    25.84,2.0,     0.22,2.0,  -999.00,9.0,     0.42,2.0,   -999.0,9.0,  -999.00,9.0,   1.1262
180,  61TG20020206,  SR03,3.0,2.0,24.0,24.0,2.0,20020221.0,-62.5,140.003, 4039,    503.7,   1.8140,  34.7120,2.0,-999.0000,9.0,   -999.0,-999.0,  -999.00,-999.0,  -999.00,-999.0,  -999.00,-999.0,  -999.00,9.0,     -999,-999.0,   -999.0,9.0,  -999.00,9.0,   1.7864
181,  61TG20020206,  SR03,3.0,2.0,21.0,21.0,2.0,20020221.0,-62.5,140.003, 4039,    505.1,   1.8150,  34.7120,2.0,  34.7230,2.0,    192.1,2.0,    80.10,2.0,    32.69,2.0,     0.01,2.0,     2.10,2.0,     0.02,2.0,   2250.6,2.0,  -999.00,9.0,   1.7873
182,  61TG20020206,  SR03,3.0,2.0,18.0,18.0,2.0,20020221.0,-62.5,140.003, 4039,    758.8,   1.6870,  34.7350,2.0,  34.7470,2.0,    203.9,2.0,    84.10,2.0,    32.13,2.0,     0.02,2.0,     2.03,2.0,     0.02,2.0,   2252.4,2.0,  -999.00,9.0,   1.6445
183,  61TG20020206,  SR03,3.0,2.0,20.0,20.0,2.0,20020221.0,-62.5,140.003, 4039,    759.7,   1.6870,  34.7360,2.0,-999.0000,9.0,   -999.0,-999.0,  -999.00,-999.0,  -999.00,-999.0,  -999.00,-999.0,  -999.00,9.0,     -999,-999.0,   -999.0,9.0,  -999.00,9.0,   1.6445
184,  61TG20020206,  SR03,3.0,2.0,16.0,16.0,2.0,20020221.0,-62.5,140.003, 4039,   1011.9,   1.5080,  34.7380,2.0,  34.7500,2.0,    198.7,2.0,    89.10,2.0,    31.80,2.0,     0.01,2.0,     2.01,2.0,     0.01,2.0,   2251.1,2.0,  -999.00,9.0,   1.4507
185,  61TG20020206,  SR03,3.0,2.0,17.0,17.0,2.0,20020221.0,-62.5,140.003, 4039,   1012.6,   1.5080,  34.7380,2.0,-999.0000,9.0,   -999.0,-999.0,  -999.00,-999.0,  -999.00,-999.0,  -999.00,-999.0,  -999.00,9.0,     -999,-999.0,   -999.0,9.0,  -999.00,9.0,   1.4507
186,  61TG20020206,  SR03,3.0,2.0,15.0,15.0,2.0,20020221.0,-62.5,140.003, 4039,   1265.5,   1.2780,  34.7320,2.0,  34.7430,2.0,    207.0,2.0,    95.50,2.0,    32.11,2.0,     0.01,2.0,     1.98,2.0,     0.03,2.0,   2254.9,2.0,  -999.00,9.0,   1.2060
187,  61TG20020206,  SR03,3.0,2.0,14.0,14.0,2.0,20020221.0,-62.5,140.003, 4039,   1519.4,   1.0740,  34.7220,2.0,  34.7350,2.0,   -999.0,-999.0,  -999.00,-999.0,  -999.00,-999.0,  -999.00,-999.0,  -999.00,9.0,     -999,-999.0,   -999.0,9.0,  -999.00,9.0,   0.9868
188,  61TG20020206,  SR03,3.0,2.0,13.0,13.0,2.0,20020221.0,-62.5,140.003, 4039,   1772.5,   0.8840,  34.7130,2.0,-999.0000,9.0,    210.3,2.0,   101.20,2.0,    32.49,2.0,     0.02,2.0,     2.06,2.0,     0.03,2.0,   2257.7,2.0,  -999.00,9.0,   0.7813
189,  61TG20020206,  SR03,3.0,2.0,12.0,12.0,2.0,20020221.0,-62.5,140.003, 4039,   1773.4,   0.8830,  34.7120,2.0,  34.7220,2.0,    212.0,2.0,   106.00,2.0,    32.87,2.0,     0.01,2.0,  -999.00,9.0,     0.03,2.0,   -999.0,9.0,  -999.00,9.0,   0.7802
190,  61TG20020206,  SR03,3.0,2.0,11.0,11.0,2.0,20020221.0,-62.5,140.003, 4039,   2027.0,   0.6980,  34.7030,2.0,-999.0000,9.0,   -999.0,-999.0,  -999.00,-999.0,  -999.00,-999.0,  -999.00,-999.0,     2.10,2.0,     -999,-999.0,   -999.0,9.0,  -999.00,9.0,   0.5793
191,  61TG20020206,  SR03,3.0,2.0,10.0,10.0,2.0,20020221.0,-62.5,140.003, 4039,   2027.4,   0.6960,  34.7030,2.0,  34.7140,2.0,    214.7,2.0,   110.90,2.0,    33.13,2.0,     0.01,2.0,  -999.00,9.0,     0.03,2.0,   2263.7,2.0,  -999.00,9.0,   0.5772
192,  61TG20020206,  SR03,3.0,2.0,9.0,9.0,2.0,20020221.0,-62.5,140.003, 4039,   2281.9,   0.5250,  34.6940,2.0,  34.7050,2.0,    218.1,2.0,   114.00,2.0,    33.39,2.0,     0.01,2.0,     2.12,2.0,     0.03,2.0,   2261.1,2.0,  -999.00,9.0,   0.3896
193,  61TG20020206,  SR03,3.0,2.0,8.0,8.0,2.0,20020221.0,-62.5,140.003, 4039,   2539.4,   0.3700,  34.6870,2.0,-999.0000,9.0,   -999.0,-999.0,  -999.00,-999.0,  -999.00,-999.0,  -999.00,-999.0,  -999.00,9.0,     -999,-999.0,   -999.0,9.0,  -999.00,9.0,   0.2171
194,  61TG20020206,  SR03,3.0,2.0,7.0,7.0,2.0,20020221.0,-62.5,140.003, 4039,   2540.2,   0.3690,  34.6870,2.0,  34.6980,2.0,    222.0,2.0,   116.60,2.0,    33.53,2.0,     0.01,2.0,     2.10,2.0,     0.01,2.0,   2256.7,2.0,  -999.00,9.0,   0.2160
195,  61TG20020206,  SR03,3.0,2.0,6.0,6.0,2.0,20020221.0,-62.5,140.003, 4039,   3051.6,   0.1250,  34.6780,2.0,  34.6870,2.0,    230.2,2.0,   118.40,2.0,    33.43,2.0,     0.01,2.0,     2.11,2.0,     0.02,2.0,   2259.0,2.0,  -999.00,9.0,  -0.0658
196,  61TG20020206,  SR03,3.0,2.0,4.0,4.0,2.0,20020221.0,-62.5,140.003, 4039,   3563.3,  -0.0610,  34.6690,2.0,-999.0000,9.0,   -999.0,-999.0,  -999.00,-999.0,  -999.00,-999.0,  -999.00,-999.0,  -999.00,9.0,     -999,-999.0,   -999.0,9.0,  -999.00,9.0,  -0.2933
197,  61TG20020206,  SR03,3.0,2.0,3.0,3.0,2.0,20020221.0,-62.5,140.003, 4039,   3563.9,  -0.0610,  34.6690,2.0,  34.6800,2.0,    238.6,2.0,   114.90,2.0,    33.40,2.0,     0.01,2.0,     2.07,2.0,     0.02,2.0,   2258.0,2.0,  -999.00,9.0,  -0.2934
198,  61TG20020206,  SR03,3.0,2.0,2.0,2.0,2.0,20020221.0,-62.5,140.003, 4039,   3820.6,  -0.1600,  34.6610,2.0,  34.6720,2.0,    244.2,2.0,   110.20,2.0,    33.12,2.0,     0.01,2.0,     2.06,2.0,     0.04,2.0,   2256.3,2.0,  -999.00,9.0,  -0.4140
199,  61TG20020206,  SR03,3.0,2.0,5.0,5.0,2.0,20020221.0,-62.5,140.003, 4039,   3892.7,  -0.2470,  34.6540,2.0,  34.6630,2.0,    248.9,2.0,   106.00,2.0,    32.91,2.0,     0.02,2.0,     2.08,2.0,     0.04,2.0,   2255.7,2.0,  -999.00,9.0,  -0.5055
200,  61TG20020206,  SR03,3.0,2.0,1.0,1.0,2.0,20020221.0,-62.5,140.003, 4039,   3956.4,  -0.3530,  34.6460,2.0,  34.6550,2.0,    255.9,2.0,   100.80,2.0,    32.87,2.0,     0.02,2.0,     2.08,2.0,     0.04,2.0,   2252.6,2.0,  -999.00,9.0,  -0.6146
201,  61TG20020206,  SR03,3.0,3.0,24.0,24.0,2.0,20020221.0,-62.5,140.003, 4039,     10.7,   1.3800,  33.6760,2.0,-999.0000,9.0,   -999.0,-999.0,  -999.00,-999.0,  -999.00,-999.0,  -999.00,-999.0,  -999.00,9.0,     -999,-999.0,   -999.0,9.0,  -999.00,9.0,   1.3795
202,  61TG20020206,  SR03,3.0,3.0,23.0,23.0,2.0,20020221.0,-62.5,140.003, 4039,     10.9,   1.3760,  33.6760,2.0,  33.6860,2.0,    347.1,2.0,    20.60,2.0,    26.00,2.0,     0.25,2.0,     1.59,2.0,     0.46,2.0,   2138.1,3.0,     0.02,5.0,   1.3755
203,  61TG20020206,  SR03,3.0,3.0,22.0,22.0,2.0,20020221.0,-62.5,140.003, 4039,     20.7,   1.3780,  33.6760,2.0,-999.0000,9.0,   -999.0,-999.0,  -999.00,-999.0,  -999.00,-999.0,  -999.00,-999.0,  -999.00,9.0,     -999,-999.0,   -999.0,9.0,  -999.00,9.0,   1.3771
204,  61TG20020206,  SR03,3.0,3.0,21.0,21.0,2.0,20020221.0,-62.5,140.003, 4039,     21.0,   1.3770,  33.6760,2.0,  33.6870,2.0,    342.0,2.0,    20.50,2.0,    26.04,2.0,     0.25,2.0,     1.52,2.0,     0.48,2.0,   2141.9,3.0,     0.03,5.0,   1.3761
205,  61TG20020206,  SR03,3.0,3.0,20.0,20.0,2.0,20020221.0,-62.5,140.003, 4039,     30.3,   1.3710,  33.6770,2.0,-999.0000,9.0,   -999.0,-999.0,  -999.00,-999.0,  -999.00,-999.0,  -999.00,-999.0,  -999.00,9.0,     -999,-999.0,   -999.0,9.0,  -999.00,9.0,   1.3696
206,  61TG20020206,  SR03,3.0,3.0,19.0,19.0,2.0,20020221.0,-62.5,140.003, 4039,     30.5,   1.3690,  33.6760,2.0,  33.6860,2.0,    342.3,2.0,    20.70,2.0,    26.03,2.0,     0.24,2.0,     1.48,2.0,     0.45,2.0,   2142.2,3.0,     0.03,5.0,   1.3676
207,  61TG20020206,  SR03,3.0,3.0,17.0,17.0,2.0,20020221.0,-62.5,140.003, 4039,     40.3,   1.0780,  33.7230,2.0,  33.7200,2.0,    345.1,2.0,    24.10,2.0,    25.78,2.0,     0.22,2.0,     1.59,2.0,     0.45,2.0,   2140.6,3.0,     0.06,5.0,   1.0763
208,  61TG20020206,  SR03,3.0,3.0,18.0,18.0,2.0,20020221.0,-62.5,140.003, 4039,     40.7,   1.0620,  33.7230,2.0,-999.0000,9.0,   -999.0,-999.0,  -999.00,-999.0,  -999.00,-999.0,  -999.00,-999.0,  -999.00,9.0,     -999,-999.0,   -999.0,9.0,  -999.00,9.0,   1.0603
209,  61TG20020206,  SR03,3.0,3.0,15.0,15.0,2.0,20020221.0,-62.5,140.003, 4039,     49.2,   1.0070,  33.7300,2.0,  33.7310,2.0,    345.9,2.0,    26.00,2.0,    25.76,2.0,     0.21,2.0,     1.63,2.0,     0.39,2.0,   2147.7,3.0,     0.18,5.0,   1.0049
210,  61TG20020206,  SR03,3.0,3.0,16.0,16.0,2.0,20020221.0,-62.5,140.003, 4039,     50.2,   1.0370,  33.7260,2.0,-999.0000,9.0,   -999.0,-999.0,  -999.00,-999.0,  -999.00,-999.0,  -999.00,-999.0,  -999.00,9.0,     -999,-999.0,   -999.0,9.0,  -999.00,9.0,   1.0349
211,  61TG20020206,  SR03,3.0,3.0,13.0,13.0,2.0,20020221.0,-62.5,140.003, 4039,     60.8,   0.3960,  33.8830,2.0,  33.8550,0.0,    332.7,2.0,    39.70,2.0,    29.07,2.0,     0.23,2.0,     1.88,2.0,     0.42,2.0,   1638.6,4.0,     0.38,5.0,   0.3937
212,  61TG20020206,  SR03,3.0,3.0,14.0,14.0,2.0,20020221.0,-62.5,140.003, 4039,     60.9,   0.6070,  33.8250,2.0,-999.0000,9.0,   -999.0,-999.0,  -999.00,-999.0,  -999.00,-999.0,  -999.00,-999.0,  -999.00,9.0,     -999,-999.0,   -999.0,9.0,  -999.00,9.0,   0.6046
213,  61TG20020206,  SR03,3.0,3.0,11.0,11.0,2.0,20020221.0,-62.5,140.003, 4039,     81.8,   0.1100,  34.2430,2.0,  34.2560,2.0,    268.5,2.0,    53.80,2.0,    33.28,2.0,     0.17,2.0,     2.19,2.0,     0.75,2.0,   2226.0,2.0,     0.46,5.0,   0.1070
214,  61TG20020206,  SR03,3.0,3.0,12.0,12.0,2.0,20020221.0,-62.5,140.003, 4039,     82.0,   0.0920,  34.2420,2.0,-999.0000,9.0,   -999.0,-999.0,  -999.00,-999.0,  -999.00,-999.0,  -999.00,-999.0,  -999.00,9.0,     -999,-999.0,   -999.0,9.0,  -999.00,9.0,   0.0891
215,  61TG20020206,  SR03,3.0,3.0,9.0,9.0,2.0,20020221.0,-62.5,140.003, 4039,     99.9,   1.5500,  34.4850,2.0,  34.5140,0.0,    188.5,2.0,    68.80,2.0,    35.90,2.0,     0.09,2.0,     2.30,2.0,     0.04,2.0,   2255.0,2.0,     0.31,5.0,   1.5451
216,  61TG20020206,  SR03,3.0,3.0,10.0,10.0,2.0,20020221.0,-62.5,140.003, 4039,    100.4,   1.4770,  34.4650,2.0,-999.0000,9.0,   -999.0,-999.0,  -999.00,-999.0,  -999.00,-999.0,  -999.00,-999.0,  -999.00,9.0,     -999,-999.0,   -999.0,9.0,  -999.00,9.0,   1.4722
217,  61TG20020206,  SR03,3.0,3.0,7.0,7.0,2.0,20020221.0,-62.5,140.003, 4039,    124.8,   1.8560,  34.5500,2.0,  34.5630,2.0,    182.0,2.0,    71.40,2.0,    35.98,2.0,     0.04,2.0,     2.29,2.0,     0.02,2.0,   -999.0,9.0,     0.12,5.0,   1.8496
218,  61TG20020206,  SR03,3.0,3.0,8.0,8.0,2.0,20020221.0,-62.5,140.003, 4039,    125.5,   1.8550,  34.5500,2.0,-999.0000,9.0,   -999.0,-999.0,  -999.00,-999.0,  -999.00,-999.0,  -999.00,-999.0,  -999.00,9.0,     -999,-999.0,   -999.0,9.0,  -999.00,9.0,   1.8485
219,  61TG20020206,  SR03,3.0,3.0,6.0,6.0,2.0,20020221.0,-62.5,140.003, 4039,    150.8,   1.8310,  34.5660,2.0,-999.0000,9.0,   -999.0,-999.0,  -999.00,-999.0,  -999.00,-999.0,  -999.00,-999.0,  -999.00,9.0,     -999,-999.0,   -999.0,9.0,  -999.00,9.0,   1.8232
220,  61TG20020206,  SR03,3.0,3.0,5.0,5.0,2.0,20020221.0,-62.5,140.003, 4039,    151.0,   1.8270,  34.5690,2.0,  34.5800,2.0,    181.6,2.0,    73.10,2.0,    35.76,2.0,     0.04,2.0,     2.27,2.0,     0.02,2.0,   2256.4,2.0,     0.14,5.0,   1.8192
221,  61TG20020206,  SR03,3.0,3.0,3.0,3.0,2.0,20020221.0,-62.5,140.003, 4039,    201.6,   1.8180,  34.6080,2.0,  34.6170,2.0,    181.7,2.0,    75.60,2.0,    35.23,2.0,     0.03,2.0,     2.24,2.0,     0.04,2.0,   2262.5,2.0,     0.15,5.0,   1.8075
222,  61TG20020206,  SR03,3.0,3.0,4.0,4.0,2.0,20020221.0,-62.5,140.003, 4039,    202.6,   1.8170,  34.6060,2.0,-999.0000,9.0,   -999.0,-999.0,  -999.00,-999.0,  -999.00,-999.0,  -999.00,-999.0,  -999.00,9.0,     -999,-999.0,   -999.0,9.0,  -999.00,9.0,   1.8064
223,  61TG20020206,  SR03,3.0,3.0,1.0,1.0,2.0,20020221.0,-62.5,140.003, 4039,    302.9,   1.8070,  34.6560,2.0,  34.6690,2.0,    185.6,2.0,    77.70,2.0,    34.29,2.0,     0.02,2.0,     2.18,2.0,     0.03,2.0,   2257.0,2.0,  -999.00,9.0,   1.7910
224,  61TG20020206,  SR03,3.0,3.0,2.0,2.0,2.0,20020221.0,-62.5,140.003, 4039,    303.6,   1.8380,  34.6600,2.0,-999.0000,9.0,   -999.0,-999.0,  -999.00,-999.0,  -999.00,-999.0,  -999.00,-999.0,  -999.00,9.0,     -999,-999.0,   -999.0,9.0,  -999.00,9.0,   1.8218
225,  61TG20020206,  SR03,2.0,2.0,19.0,19.0,2.0,20020222.0,-61.75,140.002, 4264,      5.2,   1.6310,  33.7490,2.0,-999.0000,9.0,   -999.0,-999.0,    17.00,2.0,    26.34,2.0,     0.26,2.0,  -999.00,9.0,     0.63,2.0,   -999.0,9.0,  -999.00,9.0,   1.6308
226,  61TG20020206,  SR03,2.0,2.0,22.0,22.0,2.0,20020222.0,-61.75,140.002, 4264,     40.5,   1.5990,  33.7510,2.0,-999.0000,9.0,   -999.0,-999.0,    17.20,2.0,    26.36,2.0,     0.26,2.0,  -999.00,9.0,     0.64,2.0,   -999.0,9.0,  -999.00,9.0,   1.5971
227,  61TG20020206,  SR03,2.0,2.0,23.0,23.0,2.0,20020222.0,-61.75,140.002, 4264,     62.0,   1.5140,  33.7840,2.0,-999.0000,9.0,   -999.0,-999.0,    17.10,2.0,    26.41,2.0,     0.25,2.0,  -999.00,9.0,     0.69,2.0,   -999.0,9.0,  -999.00,9.0,   1.5111
228,  61TG20020206,  SR03,2.0,2.0,21.0,21.0,2.0,20020222.0,-61.75,140.002, 4264,    502.7,   2.1210,  34.6780,2.0,  34.6860,2.0,    182.4,2.0,    76.00,2.0,    33.36,2.0,     0.02,2.0,     2.11,2.0,     0.05,2.0,   2254.1,2.0,  -999.00,9.0,   2.0922
229,  61TG20020206,  SR03,2.0,2.0,24.0,24.0,2.0,20020222.0,-61.75,140.002, 4264,    502.9,   2.1220,  34.6790,2.0,-999.0000,9.0,   -999.0,-999.0,  -999.00,-999.0,  -999.00,-999.0,  -999.00,-999.0,  -999.00,9.0,     -999,-999.0,   -999.0,9.0,  -999.00,9.0,   2.0932
230,  61TG20020206,  SR03,2.0,2.0,20.0,20.0,2.0,20020222.0,-61.75,140.002, 4264,    758.9,   1.9510,  34.7210,2.0,-999.0000,9.0,   -999.0,-999.0,  -999.00,-999.0,  -999.00,-999.0,  -999.00,-999.0,  -999.00,9.0,     -999,-999.0,   -999.0,9.0,  -999.00,9.0,   1.9070
231,  61TG20020206,  SR03,2.0,2.0,18.0,18.0,2.0,20020222.0,-61.75,140.002, 4264,    759.6,   1.9510,  34.7210,2.0,  34.7240,2.0,    191.0,2.0,    79.90,2.0,    32.34,2.0,     0.01,2.0,     2.03,2.0,     0.05,2.0,   2255.7,2.0,  -999.00,9.0,   1.9069
232,  61TG20020206,  SR03,2.0,2.0,17.0,17.0,2.0,20020222.0,-61.75,140.002, 4264,   1009.8,   1.7790,  34.7410,2.0,-999.0000,9.0,   -999.0,-999.0,  -999.00,-999.0,  -999.00,-999.0,  -999.00,-999.0,  -999.00,9.0,     -999,-999.0,   -999.0,9.0,  -999.00,9.0,   1.7197
233,  61TG20020206,  SR03,2.0,2.0,16.0,16.0,2.0,20020222.0,-61.75,140.002, 4264,   1010.1,   1.7750,  34.7410,2.0,  34.7440,2.0,    198.9,2.0,    84.40,2.0,    31.67,2.0,     0.01,2.0,     2.01,2.0,     0.03,2.0,   2252.5,2.0,  -999.00,9.0,   1.7157
234,  61TG20020206,  SR03,2.0,2.0,15.0,15.0,2.0,20020222.0,-61.75,140.002, 4264,   1265.1,   1.5720,  34.7420,2.0,  34.7470,2.0,    202.9,2.0,    89.90,2.0,    31.69,2.0,     0.01,2.0,     2.01,9.0,     0.04,2.0,   2255.7,2.0,  -999.00,9.0,   1.4971
235,  61TG20020206,  SR03,2.0,2.0,13.0,13.0,2.0,20020222.0,-61.75,140.002, 4264,   1518.9,   1.3700,  34.7360,2.0,  34.7370,2.0,    206.2,2.0,    95.60,2.0,    31.84,2.0,     0.01,2.0,     2.02,2.0,     0.04,2.0,   2257.4,2.0,  -999.00,9.0,   1.2793
236,  61TG20020206,  SR03,2.0,2.0,14.0,14.0,2.0,20020222.0,-61.75,140.002, 4264,   1519.6,   1.3690,  34.7360,2.0,-999.0000,9.0,   -999.0,-999.0,  -999.00,-999.0,  -999.00,-999.0,  -999.00,-999.0,  -999.00,9.0,     -999,-999.0,   -999.0,9.0,  -999.00,9.0,   1.2783
237,  61TG20020206,  SR03,2.0,2.0,12.0,12.0,2.0,20020222.0,-61.75,140.002, 4264,   1774.4,   1.1560,  34.7260,2.0,-999.0000,9.0,    208.9,2.0,   101.70,2.0,    32.23,2.0,     0.01,2.0,     1.90,3.0,     0.04,2.0,   2257.9,2.0,  -999.00,9.0,   1.0493
238,  61TG20020206,  SR03,2.0,2.0,11.0,11.0,2.0,20020222.0,-61.75,140.002, 4264,   2028.1,   0.9490,  34.7160,2.0,-999.0000,9.0,   -999.0,-999.0,  -999.00,-999.0,  -999.00,-999.0,  -999.00,-999.0,     2.05,2.0,     -999,-999.0,   -999.0,9.0,  -999.00,9.0,   0.8262
239,  61TG20020206,  SR03,2.0,2.0,10.0,10.0,2.0,20020222.0,-61.75,140.002, 4264,   2028.8,   0.9490,  34.7160,2.0,  34.7210,2.0,    211.0,2.0,   107.30,2.0,    32.69,2.0,     0.01,2.0,  -999.00,9.0,     0.03,2.0,   2259.4,3.0,  -999.00,9.0,   0.8261
240,  61TG20020206,  SR03,2.0,2.0,9.0,9.0,2.0,20020222.0,-61.75,140.002, 4264,   2283.3,   0.7500,  34.7060,2.0,-999.0000,9.0,   -999.0,-999.0,  -999.00,-999.0,  -999.00,-999.0,  -999.00,-999.0,  -999.00,9.0,     -999,-999.0,   -999.0,9.0,  -999.00,9.0,   0.6105
241,  61TG20020206,  SR03,2.0,2.0,8.0,8.0,2.0,20020222.0,-61.75,140.002, 4264,   2539.0,   0.5390,  34.6930,2.0,  34.6930,2.0,    218.3,2.0,   115.20,2.0,    33.21,2.0,     0.01,2.0,     2.14,2.0,     0.04,2.0,   2264.8,2.0,  -999.00,9.0,   0.3828
242,  61TG20020206,  SR03,2.0,2.0,7.0,7.0,2.0,20020222.0,-61.75,140.002, 4264,   2793.8,   0.3880,  34.6870,2.0,  34.6820,2.0,    221.8,2.0,   118.20,2.0,    33.17,2.0,     0.01,2.0,     2.13,2.0,     0.05,2.0,   2260.7,2.0,  -999.00,9.0,   0.2136
243,  61TG20020206,  SR03,2.0,2.0,5.0,5.0,2.0,20020222.0,-61.75,140.002, 4264,   3048.2,   0.2470,  34.6820,2.0,  34.6820,2.0,    226.6,2.0,   120.30,2.0,    33.28,2.0,     0.01,2.0,     2.13,2.0,     0.05,2.0,   2262.9,2.0,  -999.00,9.0,   0.0538
244,  61TG20020206,  SR03,2.0,2.0,6.0,6.0,2.0,20020222.0,-61.75,140.002, 4264,   3049.3,   0.2470,  34.6820,2.0,-999.0000,9.0,   -999.0,-999.0,  -999.00,-999.0,  -999.00,-999.0,  -999.00,-999.0,  -999.00,9.0,     -999,-999.0,   -999.0,9.0,  -999.00,9.0,   0.0537
245,  61TG20020206,  SR03,2.0,2.0,4.0,4.0,2.0,20020222.0,-61.75,140.002, 4264,   3564.1,   0.0280,  34.6720,2.0,  34.6730,2.0,    235.3,2.0,   117.90,2.0,    33.26,2.0,     0.01,2.0,     2.12,2.0,     0.05,2.0,   2261.0,2.0,  -999.00,9.0,  -0.2067
246,  61TG20020206,  SR03,2.0,2.0,2.0,2.0,2.0,20020222.0,-61.75,140.002, 4264,   3820.6,  -0.0680,  34.6670,2.0,  34.6850,2.0,    240.5,2.0,   114.20,2.0,    33.07,2.0,     0.01,2.0,     2.12,2.0,     0.05,2.0,   2255.7,3.0,  -999.00,9.0,  -0.3247
247,  61TG20020206,  SR03,2.0,2.0,3.0,3.0,2.0,20020222.0,-61.75,140.002, 4264,   4022.3,  -0.1520,  34.6610,2.0,-999.0000,9.0,   -999.0,-999.0,  -999.00,-999.0,  -999.00,-999.0,  -999.00,-999.0,  -999.00,9.0,     -999,-999.0,   -999.0,9.0,  -999.00,9.0,  -0.4259
248,  61TG20020206,  SR03,2.0,2.0,1.0,1.0,2.0,20020222.0,-61.75,140.002, 4264,   4023.7,  -0.1530,  34.6610,2.0,  34.6580,2.0,    245.0,2.0,   110.80,2.0,    32.80,2.0,     0.01,2.0,     2.10,2.0,     0.05,2.0,   2257.9,3.0,  -999.00,9.0,  -0.4270
249,  61TG20020206,  SR03,2.0,3.0,23.0,23.0,2.0,20020222.0,-61.75,140.002, 4264,     10.2,   1.6690,  33.7490,2.0,  33.7300,2.0,    340.0,2.0,    16.70,2.0,    26.26,2.0,     0.26,2.0,     1.58,2.0,     0.59,2.0,   2152.2,2.0,     0.07,5.0,   1.6685
250,  61TG20020206,  SR03,2.0,3.0,24.0,24.0,2.0,20020222.0,-61.75,140.002, 4264,     10.8,   1.6760,  33.7480,2.0,-999.0000,9.0,   -999.0,-999.0,  -999.00,-999.0,  -999.00,-999.0,  -999.00,-999.0,  -999.00,9.0,     -999,-999.0,   -999.0,9.0,  -999.00,9.0,   1.6755
251,  61TG20020206,  SR03,2.0,3.0,22.0,22.0,2.0,20020222.0,-61.75,140.002, 4264,     20.5,   1.6250,  33.7480,2.0,-999.0000,9.0,   -999.0,-999.0,  -999.00,-999.0,  -999.00,-999.0,  -999.00,-999.0,  -999.00,9.0,     -999,-999.0,   -999.0,9.0,  -999.00,9.0,   1.6240
252,  61TG20020206,  SR03,2.0,3.0,21.0,21.0,2.0,20020222.0,-61.75,140.002, 4264,     20.7,   1.6240,  33.7480,2.0,  33.7300,2.0,    339.9,2.0,    16.70,2.0,    26.38,2.0,     0.26,2.0,     1.55,2.0,      0.6,2.0,   2147.9,2.0,     0.08,5.0,   1.6230
253,  61TG20020206,  SR03,2.0,3.0,19.0,19.0,2.0,20020222.0,-61.75,140.002, 4264,     30.6,   1.6080,  33.7480,2.0,  33.7430,2.0,    340.0,2.0,    16.70,2.0,    26.36,2.0,     0.26,2.0,     1.57,2.0,     0.61,2.0,   2145.9,2.0,     0.08,5.0,   1.6066
254,  61TG20020206,  SR03,2.0,3.0,20.0,20.0,2.0,20020222.0,-61.75,140.002, 4264,     31.2,   1.6090,  33.7480,2.0,-999.0000,9.0,   -999.0,-999.0,  -999.00,-999.0,  -999.00,-999.0,  -999.00,-999.0,  -999.00,9.0,     -999,-999.0,   -999.0,9.0,  -999.00,9.0,   1.6075
255,  61TG20020206,  SR03,2.0,3.0,17.0,17.0,2.0,20020222.0,-61.75,140.002, 4264,     40.4,   1.6050,  33.7490,2.0,  33.7020,0.0,   -999.0,-999.0,    16.80,2.0,    26.30,2.0,     0.26,2.0,     1.56,2.0,     0.61,2.0,   2146.5,2.0,     0.07,5.0,   1.6031
256,  61TG20020206,  SR03,2.0,3.0,18.0,18.0,2.0,20020222.0,-61.75,140.002, 4264,     40.5,   1.6050,  33.7490,2.0,-999.0000,9.0,   -999.0,-999.0,  -999.00,-999.0,  -999.00,-999.0,  -999.00,-999.0,  -999.00,9.0,     -999,-999.0,   -999.0,9.0,  -999.00,9.0,   1.6031
257,  61TG20020206,  SR03,2.0,3.0,15.0,15.0,2.0,20020222.0,-61.75,140.002, 4264,     50.1,   1.5690,  33.7750,2.0,  33.7560,2.0,    341.1,2.0,    17.00,2.0,    26.44,2.0,     0.26,2.0,     1.57,2.0,      0.6,2.0,   2150.5,2.0,     0.08,5.0,   1.5666
258,  61TG20020206,  SR03,2.0,3.0,16.0,16.0,2.0,20020222.0,-61.75,140.002, 4264,     50.4,   1.5610,  33.7790,2.0,-999.0000,9.0,   -999.0,-999.0,  -999.00,-999.0,  -999.00,-999.0,  -999.00,-999.0,  -999.00,9.0,     -999,-999.0,   -999.0,9.0,  -999.00,9.0,   1.5586
259,  61TG20020206,  SR03,2.0,3.0,13.0,13.0,2.0,20020222.0,-61.75,140.002, 4264,     59.6,   1.5030,  33.7910,2.0,  33.7760,2.0,   -999.0,-999.0,    17.40,2.0,    26.60,2.0,     0.26,2.0,     1.59,2.0,      0.6,2.0,   2150.0,2.0,     0.10,5.0,   1.5002
260,  61TG20020206,  SR03,2.0,3.0,14.0,14.0,2.0,20020222.0,-61.75,140.002, 4264,     60.1,   1.5070,  33.7910,2.0,-999.0000,9.0,   -999.0,-999.0,  -999.00,-999.0,  -999.00,-999.0,  -999.00,-999.0,  -999.00,9.0,     -999,-999.0,   -999.0,9.0,  -999.00,9.0,   1.5042
261,  61TG20020206,  SR03,2.0,3.0,12.0,12.0,2.0,20020222.0,-61.75,140.002, 4264,     80.1,   0.4890,  33.9130,2.0,-999.0000,9.0,   -999.0,-999.0,  -999.00,-999.0,  -999.00,-999.0,  -999.00,-999.0,  -999.00,9.0,     -999,-999.0,   -999.0,9.0,  -999.00,9.0,   0.4859
262,  61TG20020206,  SR03,2.0,3.0,11.0,11.0,2.0,20020222.0,-61.75,140.002, 4264,     81.0,   0.4040,  33.9210,2.0,  33.9280,2.0,   -999.0,-999.0,    30.20,2.0,    28.86,2.0,     0.21,2.0,     1.91,2.0,     0.75,2.0,   2175.3,2.0,     0.17,5.0,   0.4009
263,  61TG20020206,  SR03,2.0,3.0,9.0,9.0,2.0,20020222.0,-61.75,140.002, 4264,    100.6,   0.1950,  34.1300,2.0,  34.1440,2.0,    279.9,2.0,    46.40,2.0,    32.90,2.0,     0.20,2.0,     2.19,2.0,     0.34,2.0,   2207.7,2.0,     0.21,5.0,   0.1913
264,  61TG20020206,  SR03,2.0,3.0,10.0,10.0,2.0,20020222.0,-61.75,140.002, 4264,    101.1,   0.2080,  34.1350,2.0,-999.0000,9.0,   -999.0,-999.0,  -999.00,-999.0,  -999.00,-999.0,  -999.00,-999.0,  -999.00,9.0,     -999,-999.0,   -999.0,9.0,  -999.00,9.0,   0.2043
265,  61TG20020206,  SR03,2.0,3.0,8.0,8.0,2.0,20020222.0,-61.75,140.002, 4264,    125.3,   1.2630,  34.2990,2.0,-999.0000,9.0,   -999.0,-999.0,  -999.00,-999.0,  -999.00,-999.0,  -999.00,-999.0,  -999.00,9.0,     -999,-999.0,   -999.0,9.0,  -999.00,9.0,   1.2572
266,  61TG20020206,  SR03,2.0,3.0,7.0,7.0,2.0,20020222.0,-61.75,140.002, 4264,    125.9,   1.2930,  34.3040,2.0,  34.2990,2.0,    222.5,2.0,    55.20,2.0,    35.42,2.0,     0.08,2.0,     2.30,2.0,     0.04,2.0,   2233.6,2.0,     0.10,5.0,   1.2871
267,  61TG20020206,  SR03,2.0,3.0,5.0,5.0,2.0,20020222.0,-61.75,140.002, 4264,    150.8,   1.7220,  34.3860,2.0,  34.3880,2.0,    199.2,2.0,    61.10,2.0,    36.06,2.0,     0.03,2.0,  -999.00,9.0,     0.07,2.0,   2241.6,2.0,     0.04,5.0,   1.7144
268,  61TG20020206,  SR03,2.0,3.0,6.0,6.0,2.0,20020222.0,-61.75,140.002, 4264,    151.1,   1.7200,  34.3860,2.0,-999.0000,9.0,   -999.0,-999.0,  -999.00,-999.0,  -999.00,-999.0,  -999.00,-999.0,  -999.00,9.0,     -999,-999.0,   -999.0,9.0,  -999.00,9.0,   1.7124
269,  61TG20020206,  SR03,2.0,3.0,3.0,3.0,2.0,20020222.0,-61.75,140.002, 4264,    201.6,   2.0950,  34.5010,2.0,  34.4970,2.0,    181.0,2.0,    67.80,2.0,    36.04,2.0,     0.02,2.0,     2.33,2.0,     0.05,2.0,   2256.8,2.0,     0.02,5.0,   2.0841
270,  61TG20020206,  SR03,2.0,3.0,4.0,4.0,2.0,20020222.0,-61.75,140.002, 4264,    201.7,   2.0860,  34.4980,2.0,-999.0000,9.0,   -999.0,-999.0,  -999.00,-999.0,  -999.00,-999.0,  -999.00,-999.0,  -999.00,9.0,     -999,-999.0,   -999.0,9.0,  -999.00,9.0,   2.0751
271,  61TG20020206,  SR03,2.0,3.0,1.0,1.0,2.0,20020222.0,-61.75,140.002, 4264,    304.3,   2.1030,  34.5860,2.0,  34.5810,2.0,    178.0,2.0,    72.30,2.0,    35.40,2.0,     0.02,2.0,     2.24,2.0,     0.04,2.0,   2259.6,2.0,  -999.00,9.0,   2.0862
272,  61TG20020206,  SR03,2.0,3.0,2.0,2.0,2.0,20020222.0,-61.75,140.002, 4264,    305.4,   2.1000,  34.5870,2.0,-999.0000,9.0,   -999.0,-999.0,  -999.00,-999.0,  -999.00,-999.0,  -999.00,-999.0,  -999.00,9.0,     -999,-999.0,   -999.0,9.0,  -999.00,9.0,   2.0831
273,  61TG20020206,  SR03,1.0,6.0,24.0,24.0,2.0,20020223.0,-61.0,139.998, 4354,     10.1,   1.8630,  33.8000,2.0,-999.0000,9.0,   -999.0,-999.0,  -999.00,-999.0,  -999.00,-999.0,  -999.00,-999.0,  -999.00,9.0,     -999,-999.0,   -999.0,9.0,  -999.00,9.0,   1.8625
274,  61TG20020206,  SR03,1.0,6.0,22.0,22.0,2.0,20020223.0,-61.0,139.998, 4354,     10.2,   1.8630,  33.8000,2.0,  33.7800,2.0,    329.2,2.0,    17.80,2.0,    26.16,2.0,     0.26,2.0,     1.67,2.0,     0.61,2.0,   2148.3,2.0,     0.06,5.0,   1.8625
275,  61TG20020206,  SR03,1.0,6.0,23.0,23.0,2.0,20020223.0,-61.0,139.998, 4354,     10.5,   1.8630,  33.8000,2.0,-999.0000,9.0,   -999.0,-999.0,  -999.00,-999.0,  -999.00,-999.0,  -999.00,-999.0,  -999.00,9.0,     -999,-999.0,   -999.0,9.0,  -999.00,9.0,   1.8625
276,  61TG20020206,  SR03,1.0,6.0,20.0,20.0,2.0,20020223.0,-61.0,139.998, 4354,     21.8,   1.8660,  33.8000,2.0,-999.0000,9.0,   -999.0,-999.0,  -999.00,-999.0,  -999.00,-999.0,  -999.00,-999.0,  -999.00,9.0,     -999,-999.0,   -999.0,9.0,  -999.00,9.0,   1.8649
277,  61TG20020206,  SR03,1.0,6.0,21.0,21.0,2.0,20020223.0,-61.0,139.998, 4354,     21.8,   1.8670,  33.8000,2.0,-999.0000,9.0,   -999.0,-999.0,  -999.00,-999.0,  -999.00,-999.0,  -999.00,-999.0,  -999.00,9.0,     -999,-999.0,   -999.0,9.0,  -999.00,9.0,   1.8659
278,  61TG20020206,  SR03,1.0,6.0,19.0,19.0,2.0,20020223.0,-61.0,139.998, 4354,     22.2,   1.8670,  33.8000,2.0,  33.7810,2.0,    329.5,2.0,    17.80,2.0,    26.32,2.0,     0.27,2.0,     1.67,2.0,     0.62,2.0,   2148.6,2.0,     0.05,5.0,   1.8659
279,  61TG20020206,  SR03,1.0,6.0,18.0,18.0,2.0,20020223.0,-61.0,139.998, 4354,     30.2,   1.8670,  33.8000,2.0,-999.0000,9.0,   -999.0,-999.0,  -999.00,-999.0,  -999.00,-999.0,  -999.00,-999.0,  -999.00,9.0,     -999,-999.0,   -999.0,9.0,  -999.00,9.0,   1.8655
280,  61TG20020206,  SR03,1.0,6.0,17.0,17.0,2.0,20020223.0,-61.0,139.998, 4354,     30.9,   1.8670,  33.8000,2.0,  33.7800,2.0,    329.7,2.0,    18.00,2.0,    26.32,2.0,     0.27,2.0,     1.74,2.0,     0.61,2.0,   2150.0,2.0,     0.06,5.0,   1.8655
281,  61TG20020206,  SR03,1.0,6.0,16.0,16.0,2.0,20020223.0,-61.0,139.998, 4354,     39.8,   1.8670,  33.8000,2.0,-999.0000,9.0,   -999.0,-999.0,  -999.00,-999.0,  -999.00,-999.0,  -999.00,-999.0,  -999.00,9.0,     -999,-999.0,   -999.0,9.0,  -999.00,9.0,   1.8650
282,  61TG20020206,  SR03,1.0,6.0,14.0,14.0,2.0,20020223.0,-61.0,139.998, 4354,     41.1,   1.8670,  33.8000,2.0,  33.7790,0.0,    329.7,2.0,    17.80,2.0,    26.20,2.0,     0.27,2.0,     1.68,2.0,     0.61,2.0,   2150.2,3.0,     0.05,5.0,   1.8650
283,  61TG20020206,  SR03,1.0,6.0,15.0,15.0,2.0,20020223.0,-61.0,139.998, 4354,     41.4,   1.8670,  33.8000,2.0,-999.0000,9.0,   -999.0,-999.0,  -999.00,-999.0,  -999.00,-999.0,  -999.00,-999.0,  -999.00,9.0,     -999,-999.0,   -999.0,9.0,  -999.00,9.0,   1.8649
284,  61TG20020206,  SR03,1.0,6.0,12.0,12.0,2.0,20020223.0,-61.0,139.998, 4354,     50.2,   1.7910,  33.8120,2.0,  33.7880,0.0,   -999.0,-999.0,    18.20,2.0,    26.40,2.0,     0.26,2.0,     1.67,2.0,      0.6,2.0,   2155.5,3.0,     0.06,5.0,   1.7885
285,  61TG20020206,  SR03,1.0,6.0,13.0,13.0,2.0,20020223.0,-61.0,139.998, 4354,     51.0,   1.8280,  33.8060,2.0,-999.0000,9.0,   -999.0,-999.0,  -999.00,-999.0,  -999.00,-999.0,  -999.00,-999.0,  -999.00,9.0,     -999,-999.0,   -999.0,9.0,  -999.00,9.0,   1.8255
286,  61TG20020206,  SR03,1.0,6.0,11.0,11.0,2.0,20020223.0,-61.0,139.998, 4354,     58.5,   1.6890,  33.8300,2.0,-999.0000,9.0,   -999.0,-999.0,  -999.00,-999.0,  -999.00,-999.0,  -999.00,-999.0,  -999.00,9.0,     -999,-999.0,   -999.0,9.0,  -999.00,9.0,   1.6862
287,  61TG20020206,  SR03,1.0,6.0,10.0,10.0,2.0,20020223.0,-61.0,139.998, 4354,     59.1,   1.6900,  33.8300,2.0,  33.8200,2.0,    331.5,2.0,    19.20,2.0,    26.54,2.0,     0.26,2.0,     1.67,2.0,     0.58,2.0,   2155.6,3.0,     0.06,5.0,   1.6871
288,  61TG20020206,  SR03,1.0,6.0,9.0,9.0,2.0,20020223.0,-61.0,139.998, 4354,     70.4,   1.6190,  33.8330,2.0,-999.0000,9.0,   -999.0,-999.0,  -999.00,-999.0,  -999.00,-999.0,  -999.00,-999.0,  -999.00,9.0,     -999,-999.0,   -999.0,9.0,  -999.00,9.0,   1.6156
289,  61TG20020206,  SR03,1.0,6.0,8.0,8.0,2.0,20020223.0,-61.0,139.998, 4354,     70.8,   1.6490,  33.8330,2.0,-999.0000,9.0,    332.3,2.0,    19.50,2.0,    26.68,2.0,     0.26,2.0,  -999.00,9.0,     0.62,2.0,   2156.7,3.0,     0.09,5.0,   1.6456
290,  61TG20020206,  SR03,1.0,6.0,6.0,6.0,2.0,20020223.0,-61.0,139.998, 4354,     81.4,   0.2770,  33.8980,2.0,  33.9040,2.0,    346.3,2.0,    26.60,2.0,    27.85,2.0,     0.20,2.0,     1.70,2.0,     0.88,2.0,   2171.5,3.0,     0.14,5.0,   0.2740
291,  61TG20020206,  SR03,1.0,6.0,7.0,7.0,2.0,20020223.0,-61.0,139.998, 4354,     81.6,   0.2510,  33.8980,2.0,-999.0000,9.0,   -999.0,-999.0,  -999.00,-999.0,  -999.00,-999.0,  -999.00,-999.0,  -999.00,9.0,     -999,-999.0,   -999.0,9.0,  -999.00,9.0,   0.2480
292,  61TG20020206,  SR03,1.0,6.0,4.0,4.0,2.0,20020223.0,-61.0,139.998, 4354,    102.7,  -0.1010,  34.0370,2.0,-999.0000,9.0,    310.7,2.0,    35.80,2.0,    29.97,2.0,     0.17,2.0,     1.92,2.0,     0.79,2.0,   2140.2,3.0,     0.19,5.0,  -0.1045
293,  61TG20020206,  SR03,1.0,6.0,5.0,5.0,2.0,20020223.0,-61.0,139.998, 4354,    102.8,  -0.1200,  34.0360,2.0,-999.0000,9.0,   -999.0,-999.0,  -999.00,-999.0,  -999.00,-999.0,  -999.00,-999.0,  -999.00,9.0,     -999,-999.0,   -999.0,9.0,  -999.00,9.0,  -0.1235
294,  61TG20020206,  SR03,1.0,6.0,3.0,3.0,2.0,20020223.0,-61.0,139.998, 4354,    126.5,   0.9580,  34.2130,2.0,  34.0200,0.0,    238.9,2.0,    48.20,2.0,    33.73,2.0,     0.23,2.0,     2.08,2.0,     0.24,2.0,   2225.0,3.0,  -999.00,9.0,   0.9525
295,  61TG20020206,  SR03,1.0,6.0,2.0,2.0,2.0,20020223.0,-61.0,139.998, 4354,    151.6,   1.8420,  34.3860,2.0,  34.3800,2.0,    192.9,2.0,    58.80,2.0,    35.42,2.0,     0.05,2.0,     2.28,2.0,     0.02,2.0,   2241.8,3.0,     0.06,5.0,   1.8342
296,  61TG20020206,  SR03,1.0,6.0,1.0,1.0,2.0,20020223.0,-61.0,139.998, 4354,    205.5,   1.9390,  34.4540,2.0,  34.4450,2.0,    184.3,2.0,    63.50,2.0,    35.36,2.0,     0.03,2.0,     2.34,2.0,     0.02,2.0,   2252.9,3.0,     0.01,5.0,   1.9281
297,  61TG20020206,  SR03,1.0,7.0,24.0,24.0,2.0,20020223.0,-61.0,139.998, 4354,    301.5,   2.0910,  34.5480,2.0,  34.5410,2.0,    174.8,2.0,    69.00,2.0,    34.86,2.0,     0.01,2.0,     2.33,2.0,     0.04,2.0,   2253.9,2.0,  -999.00,9.0,   2.0744
298,  61TG20020206,  SR03,1.0,7.0,23.0,23.0,2.0,20020223.0,-61.0,139.998, 4354,    504.4,   2.0570,  34.6550,2.0,  34.6530,2.0,    176.8,2.0,    74.10,2.0,    33.28,2.0,     0.02,2.0,     2.31,2.0,     0.03,2.0,   2255.3,2.0,  -999.00,9.0,   2.0284
299,  61TG20020206,  SR03,1.0,7.0,22.0,22.0,2.0,20020223.0,-61.0,139.998, 4354,    756.4,   2.0310,  34.7200,2.0,  34.7180,2.0,    189.3,2.0,    76.00,2.0,    31.63,2.0,     0.01,2.0,     2.20,2.0,     0.02,2.0,   2253.6,3.0,  -999.00,9.0,   1.9866
300,  61TG20020206,  SR03,1.0,7.0,19.0,19.0,2.0,20020223.0,-61.0,139.998, 4354,   1013.1,   1.8750,  34.7400,2.0,-999.0000,9.0,    194.2,2.0,    79.80,2.0,    30.99,2.0,     0.00,2.0,     2.03,2.0,     0.02,2.0,   2251.0,3.0,  -999.00,9.0,   1.8147
301,  61TG20020206,  SR03,1.0,7.0,20.0,20.0,2.0,20020223.0,-61.0,139.998, 4354,   1013.8,   1.8770,  34.7400,2.0,-999.0000,9.0,   -999.0,-999.0,  -999.00,-999.0,  -999.00,-999.0,  -999.00,-999.0,  -999.00,9.0,     -999,-999.0,   -999.0,9.0,  -999.00,9.0,   1.8166
302,  61TG20020206,  SR03,1.0,7.0,21.0,21.0,2.0,20020223.0,-61.0,139.998, 4354,   1014.5,   1.8780,  34.7400,2.0,-999.0000,9.0,   -999.0,-999.0,  -999.00,-999.0,  -999.00,-999.0,  -999.00,-999.0,  -999.00,9.0,     -999,-999.0,   -999.0,9.0,  -999.00,9.0,   1.8175
303,  61TG20020206,  SR03,1.0,7.0,17.0,17.0,2.0,20020223.0,-61.0,139.998, 4354,   1265.4,   1.6860,  34.7450,2.0,  34.7500,2.0,    197.2,2.0,    84.80,2.0,    30.70,2.0,     0.00,2.0,     2.01,2.0,     0.03,2.0,   2249.7,3.0,  -999.00,9.0,   1.6099
304,  61TG20020206,  SR03,1.0,7.0,18.0,18.0,2.0,20020223.0,-61.0,139.998, 4354,   1271.6,   1.6800,  34.7440,2.0,-999.0000,9.0,   -999.0,-999.0,  -999.00,-999.0,  -999.00,-999.0,  -999.00,-999.0,  -999.00,9.0,     -999,-999.0,   -999.0,9.0,  -999.00,9.0,   1.6035
305,  61TG20020206,  SR03,1.0,7.0,15.0,15.0,2.0,20020223.0,-61.0,139.998, 4354,   1520.7,   1.4470,  34.7390,2.0,  34.7320,2.0,    199.9,2.0,    91.30,2.0,    31.14,2.0,     0.01,2.0,     2.00,2.0,        0,2.0,   2254.6,3.0,  -999.00,9.0,   1.3553
306,  61TG20020206,  SR03,1.0,7.0,16.0,16.0,2.0,20020223.0,-61.0,139.998, 4354,   1523.0,   1.4480,  34.7390,2.0,-999.0000,9.0,   -999.0,-999.0,  -999.00,-999.0,  -999.00,-999.0,  -999.00,-999.0,  -999.00,9.0,     -999,-999.0,   -999.0,9.0,  -999.00,9.0,   1.3561
307,  61TG20020206,  SR03,1.0,7.0,14.0,14.0,2.0,20020223.0,-61.0,139.998, 4354,   1773.1,   1.2320,  34.7290,2.0,-999.0000,9.0,    202.4,2.0,    97.20,2.0,    31.44,2.0,     0.01,2.0,     2.03,2.0,     0.01,2.0,   2256.9,2.0,  -999.00,9.0,   1.1244
308,  61TG20020206,  SR03,1.0,7.0,11.0,11.0,2.0,20020223.0,-61.0,139.998, 4354,   2024.0,   1.0440,  34.7200,2.0,  34.9570,0.0,    204.5,2.0,   102.80,2.0,    31.76,2.0,     0.01,2.0,     2.05,2.0,     0.03,2.0,   2258.1,2.0,  -999.00,9.0,   0.9200
309,  61TG20020206,  SR03,1.0,7.0,13.0,13.0,2.0,20020223.0,-61.0,139.998, 4354,   2026.7,   1.0420,  34.7200,2.0,-999.0000,9.0,   -999.0,-999.0,  -999.00,-999.0,  -999.00,-999.0,  -999.00,-999.0,  -999.00,9.0,     -999,-999.0,   -999.0,9.0,  -999.00,9.0,   0.9178
310,  61TG20020206,  SR03,1.0,7.0,12.0,12.0,2.0,20020223.0,-61.0,139.998, 4354,   2027.4,   1.0420,  34.7210,2.0,  35.0400,0.0,   -999.0,-999.0,  -999.00,-999.0,  -999.00,-999.0,  -999.00,-999.0,  -999.00,9.0,     -999,-999.0,   -999.0,9.0,  -999.00,9.0,   0.9178
311,  61TG20020206,  SR03,1.0,7.0,10.0,10.0,2.0,20020223.0,-61.0,139.998, 4354,   2282.3,   0.8410,  34.7090,2.0,-999.0000,9.0,    207.0,2.0,   107.80,2.0,    31.78,2.0,     0.01,2.0,     2.06,2.0,     0.03,2.0,   2260.4,3.0,  -999.00,9.0,   0.7000
312,  61TG20020206,  SR03,1.0,7.0,9.0,9.0,2.0,20020223.0,-61.0,139.998, 4354,   2539.7,   0.6420,  34.6990,2.0,  33.7010,0.0,   -999.0,-999.0,  -999.00,-999.0,  -999.00,-999.0,  -999.00,-999.0,  -999.00,9.0,     -999,-999.0,   -999.0,9.0,  -999.00,9.0,   0.4837
313,  61TG20020206,  SR03,1.0,7.0,8.0,8.0,2.0,20020223.0,-61.0,139.998, 4354,   2795.2,   0.4540,  34.6900,2.0,  34.6880,2.0,    214.9,2.0,   115.50,2.0,    32.56,2.0,     0.01,2.0,     2.08,2.0,     0.02,2.0,   2262.1,3.0,  -999.00,9.0,   0.2781
314,  61TG20020206,  SR03,1.0,7.0,5.0,5.0,2.0,20020223.0,-61.0,139.998, 4354,   3050.8,   0.3280,  34.6850,2.0,  34.6830,2.0,    218.3,2.0,   117.20,2.0,    32.62,2.0,     0.00,2.0,     2.11,2.0,     0.02,2.0,   2261.2,3.0,  -999.00,9.0,   0.1327
315,  61TG20020206,  SR03,1.0,7.0,7.0,7.0,2.0,20020223.0,-61.0,139.998, 4354,   3051.1,   0.3290,  34.6850,2.0,  34.6730,2.0,   -999.0,-999.0,  -999.00,-999.0,  -999.00,-999.0,  -999.00,-999.0,  -999.00,9.0,     -999,-999.0,   -999.0,9.0,  -999.00,9.0,   0.1337
316,  61TG20020206,  SR03,1.0,7.0,6.0,6.0,2.0,20020223.0,-61.0,139.998, 4354,   3051.2,   0.3280,  34.6850,2.0,-999.0000,9.0,   -999.0,-999.0,  -999.00,-999.0,  -999.00,-999.0,  -999.00,-999.0,  -999.00,9.0,     -999,-999.0,   -999.0,9.0,  -999.00,9.0,   0.1327
317,  61TG20020206,  SR03,1.0,7.0,4.0,4.0,2.0,20020223.0,-61.0,139.998, 4354,   3563.1,   0.1610,  34.6790,2.0,  34.6760,2.0,    224.1,2.0,   120.40,2.0,    32.69,2.0,     0.01,2.0,     2.13,2.0,     0.01,2.0,   2261.2,3.0,  -999.00,9.0,  -0.0771
318,  61TG20020206,  SR03,1.0,7.0,1.0,1.0,2.0,20020223.0,-61.0,139.998, 4354,   3819.7,   0.0790,  34.6760,2.0,  34.6710,2.0,    228.5,2.0,   121.70,2.0,    32.61,2.0,     0.01,2.0,     2.12,2.0,     0.02,2.0,   2261.3,3.0,  -999.00,9.0,  -0.1816
319,  61TG20020206,  SR03,1.0,7.0,3.0,3.0,2.0,20020223.0,-61.0,139.998, 4354,   4006.2,   0.0270,  34.6740,2.0,-999.0000,9.0,   -999.0,-999.0,  -999.00,-999.0,  -999.00,-999.0,  -999.00,-999.0,  -999.00,9.0,     -999,-999.0,   -999.0,9.0,  -999.00,9.0,  -0.2506
320,  61TG20020206,  SR03,1.0,7.0,2.0,2.0,2.0,20020223.0,-61.0,139.998, 4354,   4007.1,   0.0270,  34.6740,2.0,-999.0000,9.0,    233.5,2.0,   120.80,2.0,    32.67,2.0,     0.00,2.0,     2.12,2.0,     0.01,2.0,   2257.8,3.0,  -999.00,9.0,  -0.2507
