,EXPOCODE,SECT_ID,STNNBR,CASTNO,SAMPNO,BTLNBR,BTLNBR_FLAG_W,DATE,TIME,LATITUDE,LONGITUDE,DEPTH,CTDPRS,CTDTMP,CTDSAL,CTDSAL_FLAG_W,SALNTY,SALNTY_FLAG_W,CTDOXY,CTDOXY_FLAG_W,OXYGEN,OXYGEN_FLAG_W,SILCAT,SILCAT_FLAG_W,NO2+NO3,NO2+NO3_FLAG_W,PHSPHT,PHSPHT_FLAG_W,CFC-11,CFC-11_FLAG_W,CFC-12,CFC-12_FLAG_W,TCARBN,TCARBN_FLAG_W,ALKALI,ALKALI_FLAG_W,THETA
0,09SS20090203, P15,2.0,1.0,24.0,12015.0,2.0,20090206.0,1305.0,-50.0835,-170.0269,5232,1.9,11.26,34.202,2.0,34.2041,2.0,278.2,2.0,274.2,2.0,0.83,2.0,11.72,2.0,0.87,2.0,-999,9.0,-999,9.0,2075.1,6.0,2280.9,2.0,11.2598
1,09SS20090203, P15,2.0,1.0,23.0,12046.0,2.0,20090206.0,1305.0,-50.0835,-170.0269,5232,47.4,11.263,34.203,2.0,34.206,2.0,278,2.0,274.1,2.0,0.84,2.0,11.7,2.0,0.88,2.0,-999,9.0,-999,9.0,2075,2.0,2280.4,2.0,11.2572
2,09SS20090203, P15,2.0,1.0,22.0,12020.0,2.0,20090206.0,1305.0,-50.0835,-170.0269,5232,98.8,7.617,34.215,2.0,34.2142,2.0,287.3,2.0,284.8,2.0,3.25,2.0,16.95,2.0,1.28,2.0,-999,9.0,-999,9.0,2115.6,2.0,2282.6,2.0,7.6075
3,09SS20090203, P15,2.0,1.0,21.0,12003.0,2.0,20090206.0,1305.0,-50.0835,-170.0269,5232,150.1,7.085,34.229,2.0,34.2299,2.0,283.8,2.0,281.6,2.0,4.58,2.0,19.14,2.0,1.32,2.0,-999,9.0,-999,9.0,2120.9,2.0,2275.2,2.0,7.0711
4,09SS20090203, P15,2.0,1.0,20.0,12051.0,2.0,20090206.0,1305.0,-50.0835,-170.0269,5232,199.8,7.065,34.282,2.0,34.2898,2.0,277.5,2.0,274.9,2.0,5.18,2.0,19.42,2.0,1.33,2.0,-999,9.0,-999,9.0,2125.4,2.0,2276.8,2.0,7.0464
5,09SS20090203, P15,2.0,1.0,19.0,12010.0,2.0,20090206.0,1305.0,-50.0835,-170.0269,5232,251.2,6.8,34.27,2.0,34.2714,2.0,275.2,2.0,272.8,2.0,6.04,2.0,20.43,2.0,1.39,2.0,-999,9.0,-999,9.0,2130.7,2.0,2276.8,2.0,6.777
6,09SS20090203, P15,2.0,1.0,18.0,12018.0,2.0,20090206.0,1305.0,-50.0835,-170.0269,5232,300.5,6.367,34.231,2.0,34.2368,2.0,277.3,2.0,275.4,2.0,6.72,2.0,21.18,2.0,1.43,2.0,-999,9.0,-999,9.0,2132.7,2.0,2277.1,2.0,6.3405
7,09SS20090203, P15,2.0,1.0,17.0,12024.0,2.0,20090206.0,1305.0,-50.0835,-170.0269,5232,403.5,5.968,34.24,2.0,34.2528,2.0,261.5,2.0,260.4,2.0,10.13,2.0,23.26,2.0,1.55,2.0,-999,9.0,-999,9.0,2145.1,2.0,2278.1,2.0,5.9333
8,09SS20090203, P15,2.0,1.0,16.0,12001.0,2.0,20090206.0,1305.0,-50.0835,-170.0269,5232,503.6,5.312,34.232,2.0,34.2354,2.0,247.4,2.0,247.3,2.0,15.18,2.0,26.26,2.0,1.72,2.0,-999,9.0,-999,9.0,2160.1,2.0,2280.7,6.0,5.2709
9,09SS20090203, P15,2.0,1.0,15.0,-999.0,9.0,20090206.0,1305.0,-50.0835,-170.0269,5232,605.4,4.972,34.268,2.0,-999,9.0,231.3,2.0,-999,9.0,-999,9.0,-999,9.0,-999,9.0,-999,9.0,-999,9.0,-999,9.0,-999,9.0,4.9237
10,09SS20090203, P15,2.0,1.0,14.0,12041.0,2.0,20090206.0,1305.0,-50.0835,-170.0269,5232,706.3,4.427,34.294,2.0,34.2973,2.0,217.9,2.0,218.4,2.0,28.83,2.0,29.9,2.0,1.96,2.0,-999,9.0,-999,9.0,2188.6,2.0,2296.9,2.0,4.373
11,09SS20090203, P15,2.0,1.0,13.0,12012.0,2.0,20090206.0,1305.0,-50.0835,-170.0269,5232,907.9,3.541,34.324,2.0,34.3282,2.0,205.9,2.0,206.4,2.0,41.29,2.0,32.25,2.0,2.14,2.0,-999,9.0,-999,9.0,2209.9,2.0,2312.4,2.0,3.4764
12,09SS20090203, P15,2.0,1.0,12.0,12022.0,2.0,20090206.0,1305.0,-50.0835,-170.0269,5232,1106,3.056,34.415,2.0,34.4211,2.0,187.1,2.0,187.9,2.0,56.32,2.0,34.01,2.0,2.27,2.0,-999,9.0,-999,9.0,2232.6,6.0,2321.6,6.0,2.9797
13,09SS20090203, P15,2.0,1.0,11.0,12016.0,2.0,20090206.0,1305.0,-50.0835,-170.0269,5232,1307.9,2.747,34.509,2.0,34.5128,2.0,174.8,2.0,175.9,2.0,68.72,2.0,34.56,2.0,2.31,2.0,-999,9.0,-999,9.0,2247.9,2.0,2331.4,2.0,2.6576
14,09SS20090203, P15,2.0,1.0,10.0,12019.0,2.0,20090206.0,1305.0,-50.0835,-170.0269,5232,1507,2.556,34.576,2.0,34.5783,2.0,171.7,2.0,174,2.0,74.97,2.0,34.49,2.0,2.29,2.0,-999,9.0,-999,9.0,2255.1,2.0,2351.8,4.0,2.4527
15,09SS20090203, P15,2.0,1.0,9.0,12031.0,2.0,20090206.0,1305.0,-50.0835,-170.0269,5232,1704.2,2.443,34.625,2.0,34.6285,2.0,172.1,2.0,174.1,2.0,79.59,2.0,33.78,2.0,2.25,2.0,-999,9.0,-999,9.0,2258.7,2.0,2342.4,2.0,2.3249
16,09SS20090203, P15,2.0,1.0,8.0,12021.0,2.0,20090206.0,1305.0,-50.0835,-170.0269,5232,2005.9,2.26,34.684,2.0,34.6896,2.0,178,2.0,179.1,2.0,84.21,2.0,32.72,2.0,2.18,2.0,-999,9.0,-999,9.0,2253.8,2.0,2346.8,2.0,2.1189
17,09SS20090203, P15,2.0,1.0,7.0,12032.0,2.0,20090206.0,1305.0,-50.0835,-170.0269,5232,2506.9,1.922,34.732,2.0,34.7365,2.0,189.7,2.0,192,2.0,91.63,2.0,31.5,2.0,2.09,2.0,-999,9.0,-999,9.0,2254.3,2.0,2357.3,2.0,1.7422
18,09SS20090203, P15,2.0,1.0,6.0,12007.0,2.0,20090206.0,1305.0,-50.0835,-170.0269,5232,3004.4,1.585,34.733,2.0,34.7366,2.0,196.2,2.0,200.2,2.0,101.43,2.0,31.32,2.0,2.11,2.0,-999,9.0,-999,9.0,2257.5,2.0,2362.2,6.0,1.3656
19,09SS20090203, P15,2.0,1.0,5.0,12055.0,2.0,20090206.0,1305.0,-50.0835,-170.0269,5232,3504,1.257,34.722,2.0,34.7251,2.0,202.2,2.0,203.9,2.0,111.59,2.0,31.92,2.0,2.14,2.0,-999,9.0,-999,9.0,2259.9,2.0,2365.9,2.0,0.9964
20,09SS20090203, P15,2.0,1.0,4.0,12009.0,2.0,20090206.0,1305.0,-50.0835,-170.0269,5232,4002.3,1.043,34.712,2.0,34.7151,2.0,207.3,2.0,207,2.0,118.67,2.0,32.21,2.0,2.17,2.0,-999,9.0,-999,9.0,2262.8,2.0,2363.9,2.0,0.7366
21,09SS20090203, P15,2.0,1.0,3.0,12033.0,2.0,20090206.0,1305.0,-50.0835,-170.0269,5232,4504.7,0.966,34.707,2.0,34.7105,2.0,210.7,2.0,208.5,2.0,122.6,2.0,32.39,2.0,2.17,2.0,-999,9.0,-999,9.0,2263.8,2.0,2367.6,2.0,0.607
22,09SS20090203, P15,2.0,1.0,2.0,12006.0,2.0,20090206.0,1305.0,-50.0835,-170.0269,5232,4997.1,0.981,34.705,2.0,34.7086,2.0,212.9,2.0,211.7,2.0,124.04,2.0,32.47,2.0,2.19,2.0,-999,9.0,-999,9.0,2264.1,2.0,2371.2,2.0,0.5646
23,09SS20090203, P15,2.0,1.0,1.0,12045.0,2.0,20090206.0,1305.0,-50.0835,-170.0269,5232,5404.6,1.021,34.704,2.0,34.7076,2.0,214.8,2.0,210.6,2.0,124.24,2.0,32.37,2.0,2.18,2.0,-999,9.0,-999,9.0,2264.8,6.0,2365.6,2.0,0.5537
24,09SS20090203, P15,3.0,1.0,24.0,12015.0,2.0,20090207.0,52.0,-49.5323,-169.9871,5225,3.5,11.432,34.218,2.0,34.2209,2.0,276.5,2.0,272.7,2.0,0.86,2.0,10.97,2.0,0.83,2.0,3.459,6.0,1.971,6.0,2074.6,2.0,2285.1,2.0,11.4316
25,09SS20090203, P15,3.0,1.0,23.0,12046.0,2.0,20090207.0,52.0,-49.5323,-169.9871,5225,64.7,9.786,34.171,2.0,34.1755,2.0,290,2.0,286.3,2.0,1.23,2.0,13.73,2.0,1.01,2.0,-999,9.0,-999,9.0,-999,9.0,-999,9.0,9.7787
26,09SS20090203, P15,3.0,1.0,22.0,12020.0,2.0,20090207.0,52.0,-49.5323,-169.9871,5225,107,7.535,34.215,2.0,34.2182,2.0,283.7,2.0,281.4,2.0,3.76,2.0,18,2.0,1.28,2.0,4.309,2.0,2.359,2.0,-999,9.0,-999,9.0,7.5247
27,09SS20090203, P15,3.0,1.0,21.0,12003.0,2.0,20090207.0,52.0,-49.5323,-169.9871,5225,166.4,7.308,34.287,2.0,34.2926,2.0,277,2.0,274.8,2.0,4.64,2.0,18.72,2.0,1.31,2.0,-999,9.0,-999,9.0,-999,9.0,-999,9.0,7.2922
28,09SS20090203, P15,3.0,1.0,20.0,12051.0,2.0,20090207.0,52.0,-49.5323,-169.9871,5225,215.2,7.224,34.308,2.0,34.3106,2.0,274.2,2.0,272.1,2.0,5.13,2.0,19.21,2.0,1.33,2.0,-999,9.0,-999,9.0,-999,9.0,-999,9.0,7.2037
29,09SS20090203, P15,3.0,1.0,19.0,12010.0,2.0,20090207.0,52.0,-49.5323,-169.9871,5225,265.4,7.041,34.303,2.0,34.3053,2.0,271.8,2.0,270.9,2.0,5.83,2.0,19.98,2.0,1.39,2.0,4.244,2.0,2.227,2.0,-999,9.0,-999,9.0,7.0162
30,09SS20090203, P15,3.0,1.0,18.0,12018.0,2.0,20090207.0,52.0,-49.5323,-169.9871,5225,324,7.012,34.343,2.0,34.3449,2.0,263,2.0,261.2,2.0,7.15,2.0,20.73,2.0,1.43,2.0,-999,9.0,-999,9.0,-999,9.0,-999,9.0,6.9817
31,09SS20090203, P15,3.0,1.0,17.0,12024.0,2.0,20090207.0,52.0,-49.5323,-169.9871,5225,430.2,6.604,34.352,2.0,34.3545,2.0,244.5,2.0,243.3,2.0,11.33,2.0,23.22,2.0,1.59,2.0,4.555,3.0,1.876,2.0,-999,9.0,-999,9.0,6.5647
32,09SS20090203, P15,3.0,1.0,16.0,12001.0,2.0,20090207.0,52.0,-49.5323,-169.9871,5225,530.9,5.968,34.312,2.0,34.3149,2.0,238.5,2.0,237.3,2.0,14.89,2.0,25.25,2.0,1.72,2.0,-999,9.0,-999,9.0,-999,9.0,-999,9.0,5.9218
33,09SS20090203, P15,3.0,1.0,15.0,12025.0,2.0,20090207.0,52.0,-49.5323,-169.9871,5225,629.8,5.35,34.295,2.0,34.2977,2.0,229.1,2.0,229.5,2.0,19.6,2.0,27.09,2.0,1.84,2.0,3.058,2.0,1.588,2.0,-999,9.0,-999,9.0,5.2977
34,09SS20090203, P15,3.0,1.0,14.0,12041.0,2.0,20090207.0,52.0,-49.5323,-169.9871,5225,748.5,4.566,34.281,2.0,34.2834,2.0,222.5,2.0,221.7,2.0,26.19,2.0,29.4,2.0,1.98,2.0,-999,9.0,-999,9.0,-999,9.0,-999,9.0,4.5078
35,09SS20090203, P15,3.0,1.0,13.0,12012.0,2.0,20090207.0,52.0,-49.5323,-169.9871,5225,965.2,3.589,34.331,2.0,34.3337,2.0,204.5,2.0,205,2.0,41.86,2.0,32.09,2.0,2.19,2.0,2.067,2.0,1.031,2.0,-999,9.0,-999,9.0,3.5196
36,09SS20090203, P15,3.0,1.0,12.0,12022.0,2.0,20090207.0,52.0,-49.5323,-169.9871,5225,1162.9,3.093,34.407,2.0,34.4117,2.0,188.4,2.0,189.8,2.0,55.47,2.0,33.54,2.0,2.3,2.0,-999,9.0,-999,9.0,-999,9.0,-999,9.0,3.0119
37,09SS20090203, P15,3.0,1.0,11.0,12016.0,2.0,20090207.0,52.0,-49.5323,-169.9871,5225,1363.2,2.782,34.499,2.0,34.5044,2.0,176,2.0,176,2.0,67.76,2.0,33.97,2.0,2.34,2.0,0.82,2.0,0.384,2.0,-999,9.0,-999,9.0,2.6879
38,09SS20090203, P15,3.0,1.0,10.0,12019.0,2.0,20090207.0,52.0,-49.5323,-169.9871,5225,1598.8,2.535,34.59,2.0,34.5938,2.0,171.7,2.0,172.3,2.0,77.27,2.0,33.73,2.0,2.32,2.0,-999,9.0,-999,9.0,-999,9.0,-999,9.0,2.4245
39,09SS20090203, P15,3.0,1.0,9.0,12031.0,2.0,20090207.0,52.0,-49.5323,-169.9871,5225,1779.6,2.418,34.636,2.0,34.6395,2.0,173.6,2.0,175.1,2.0,80.25,2.0,33.13,2.0,2.28,2.0,0.3,2.0,0.13,2.0,-999,9.0,-999,9.0,2.294
40,09SS20090203, P15,3.0,1.0,8.0,12021.0,2.0,20090207.0,52.0,-49.5323,-169.9871,5225,2132,2.221,34.7,2.0,34.7039,2.0,182.1,2.0,182.3,2.0,83.37,2.0,31.81,2.0,2.18,2.0,-999,9.0,-999,9.0,-999,9.0,-999,9.0,2.0696
41,09SS20090203, P15,3.0,1.0,7.0,12032.0,2.0,20090207.0,52.0,-49.5323,-169.9871,5225,2664.1,1.894,34.735,2.0,34.7368,2.0,192,2.0,192.5,2.0,92.32,2.0,31.03,2.0,2.12,2.0,0.113,2.0,0.052,2.0,-999,9.0,-999,9.0,1.7003
42,09SS20090203, P15,3.0,1.0,6.0,12007.0,2.0,20090207.0,52.0,-49.5323,-169.9871,5225,3163.8,1.476,34.731,2.0,34.7329,2.0,199.2,2.0,200.1,2.0,105.13,2.0,31.26,2.0,2.14,2.0,-999,9.0,-999,9.0,-999,9.0,-999,9.0,1.2437
43,09SS20090203, P15,3.0,1.0,5.0,12055.0,2.0,20090207.0,52.0,-49.5323,-169.9871,5225,3665.7,1.214,34.72,2.0,34.7235,2.0,203.9,2.0,203.5,2.0,113.87,2.0,31.56,2.0,2.16,2.0,0.117,2.0,0.046,2.0,-999,9.0,-999,9.0,0.938
44,09SS20090203, P15,3.0,1.0,4.0,12009.0,2.0,20090207.0,52.0,-49.5323,-169.9871,5225,4164.5,0.983,34.709,2.0,34.7133,2.0,208.8,2.0,207.7,2.0,121.48,2.0,32.04,2.0,2.2,2.0,-999,9.0,-999,9.0,-999,9.0,-999,9.0,0.661
45,09SS20090203, P15,3.0,1.0,3.0,12033.0,2.0,20090207.0,52.0,-49.5323,-169.9871,5225,4663.2,0.961,34.706,2.0,34.7088,2.0,210.9,2.0,208.4,2.0,123.7,2.0,32.04,2.0,2.21,2.0,0.155,2.0,0.073,2.0,-999,9.0,-999,9.0,0.5842
46,09SS20090203, P15,3.0,1.0,2.0,12006.0,2.0,20090207.0,52.0,-49.5323,-169.9871,5225,5164.4,0.99,34.704,2.0,34.7064,2.0,212.4,2.0,209.1,2.0,124.87,2.0,32.24,2.0,2.2,2.0,-999,9.0,-999,9.0,-999,9.0,-999,9.0,0.5532
47,09SS20090203, P15,3.0,1.0,1.0,12045.0,2.0,20090207.0,52.0,-49.5323,-169.9871,5225,5347.6,1.011,34.704,2.0,34.7078,2.0,212.7,2.0,208.6,2.0,125.08,2.0,32.06,2.0,2.2,2.0,0.19,6.0,0.086,6.0,-999,9.0,-999,9.0,0.5511
48,09SS20090203, P15,4.0,1.0,24.0,12015.0,2.0,20090207.0,906.0,-49.0084,-169.9429,5169,2.7,10.876,34.191,2.0,34.1905,2.0,279.6,2.0,277.3,2.0,0.74,2.0,11.98,2.0,0.88,2.0,3.588,2.0,2.02,6.0,2075.3,6.0,2277,6.0,10.8757
49,09SS20090203, P15,4.0,1.0,23.0,12046.0,2.0,20090207.0,906.0,-49.0084,-169.9429,5169,22.4,10.874,34.19,2.0,34.19,2.0,279.7,2.0,276.6,2.0,0.74,2.0,11.94,2.0,0.89,2.0,-999,9.0,-999,9.0,2074,2.0,2276.4,2.0,10.8713
50,09SS20090203, P15,4.0,1.0,22.0,12020.0,2.0,20090207.0,906.0,-49.0084,-169.9429,5169,80.3,8.41,34.225,2.0,34.2213,2.0,288.2,2.0,287.2,2.0,2.54,2.0,15.69,2.0,1.16,2.0,3.997,2.0,2.12,6.0,2103.5,2.0,2283.5,2.0,8.4018
51,09SS20090203, P15,4.0,1.0,21.0,12003.0,2.0,20090207.0,906.0,-49.0084,-169.9429,5169,131,7.674,34.288,2.0,34.2888,2.0,278.1,2.0,276.4,2.0,3.95,2.0,18.39,2.0,1.26,2.0,4.107,4.0,2.284,2.0,2119,2.0,2273.2,2.0,7.6613
52,09SS20090203, P15,4.0,1.0,20.0,12051.0,2.0,20090207.0,906.0,-49.0084,-169.9429,5169,180.3,7.434,34.302,2.0,34.302,2.0,277.4,2.0,275.4,2.0,4.35,2.0,18.98,2.0,1.29,2.0,-999,9.0,-999,9.0,2122.1,2.0,2278,2.0,7.4167
53,09SS20090203, P15,4.0,1.0,19.0,12010.0,2.0,20090207.0,906.0,-49.0084,-169.9429,5169,221.3,7.3,34.303,2.0,34.3033,2.0,278.2,2.0,276.4,2.0,4.55,2.0,19,2.0,1.3,2.0,4.101,2.0,2.33,2.0,2122.1,2.0,2274.5,2.0,7.279
54,09SS20090203, P15,4.0,1.0,18.0,12018.0,2.0,20090207.0,906.0,-49.0084,-169.9429,5169,264.7,7.223,34.304,2.0,34.3041,2.0,278.1,2.0,277.3,2.0,4.72,2.0,19.26,2.0,1.3,2.0,-999,9.0,-999,9.0,2122.9,2.0,2277,2.0,7.1979
55,09SS20090203, P15,4.0,1.0,17.0,12024.0,2.0,20090207.0,906.0,-49.0084,-169.9429,5169,364,7.176,34.347,2.0,34.3531,2.0,264.7,2.0,263.8,2.0,6.61,2.0,20.44,2.0,1.38,2.0,4.005,2.0,2.22,2.0,2130.3,2.0,2279.7,2.0,7.1414
56,09SS20090203, P15,4.0,1.0,16.0,12001.0,2.0,20090207.0,906.0,-49.0084,-169.9429,5169,465.4,6.741,34.318,2.0,34.3184,2.0,261.6,2.0,261.9,2.0,8.06,2.0,22.02,2.0,1.46,2.0,-999,9.0,-999,9.0,2135.4,3.0,2276.7,6.0,6.698
57,09SS20090203, P15,4.0,1.0,15.0,12025.0,2.0,20090207.0,906.0,-49.0084,-169.9429,5169,548.2,6.596,34.347,2.0,34.3427,2.0,244.9,2.0,245,2.0,10.99,2.0,23.51,2.0,1.55,2.0,3.569,2.0,1.937,2.0,2148.2,2.0,2275.9,2.0,6.5456
58,09SS20090203, P15,4.0,1.0,14.0,12041.0,2.0,20090207.0,906.0,-49.0084,-169.9429,5169,631.2,6.132,34.327,2.0,-999,9.0,235.4,2.0,236,2.0,14.4,2.0,25.51,2.0,1.66,2.0,-999,9.0,-999,9.0,2156.9,2.0,2274.5,2.0,6.0758
59,09SS20090203, P15,4.0,1.0,13.0,12012.0,2.0,20090207.0,906.0,-49.0084,-169.9429,5169,830.7,4.812,34.287,2.0,34.2888,2.0,221.9,2.0,222.9,2.0,24.6,2.0,29.28,2.0,1.91,2.0,2.174,3.0,1.441,3.0,2180.5,2.0,2284.2,2.0,4.7453
60,09SS20090203, P15,4.0,1.0,12.0,12022.0,2.0,20090207.0,906.0,-49.0084,-169.9429,5169,1029.8,3.89,34.326,2.0,34.3276,2.0,205.7,2.0,206.6,2.0,38.39,2.0,31.99,2.0,2.1,2.0,-999,9.0,-999,9.0,2203.6,6.0,2289.9,6.0,3.813
61,09SS20090203, P15,4.0,1.0,11.0,12016.0,2.0,20090207.0,906.0,-49.0084,-169.9429,5169,1230.7,3.072,34.369,2.0,34.3711,2.0,194.5,2.0,195.8,2.0,51.32,2.0,33.81,2.0,2.24,2.0,1.723,3.0,0.867,2.0,2223.8,2.0,2303.4,2.0,2.9858
62,09SS20090203, P15,4.0,1.0,10.0,12019.0,2.0,20090207.0,906.0,-49.0084,-169.9429,5169,1415.6,2.887,34.481,2.0,34.4823,2.0,177.4,2.0,179,2.0,65.71,2.0,34.59,2.0,2.3,2.0,-999,9.0,-999,9.0,2243.1,2.0,2319.8,2.0,2.7876
63,09SS20090203, P15,4.0,1.0,9.0,12031.0,2.0,20090207.0,906.0,-49.0084,-169.9429,5169,1563.8,2.685,34.542,2.0,34.5407,2.0,172.3,2.0,172.6,2.0,73.25,2.0,34.42,2.0,2.31,2.0,0.567,2.0,0.267,2.0,2252.3,2.0,2325.4,2.0,2.5757
64,09SS20090203, P15,4.0,1.0,8.0,12021.0,2.0,20090207.0,906.0,-49.0084,-169.9429,5169,1746.9,2.525,34.598,2.0,34.5995,2.0,172,2.0,173.1,2.0,77.77,2.0,33.63,2.0,2.22,2.0,-999,9.0,-999,9.0,2254.7,2.0,2330.9,2.0,2.4024
65,09SS20090203, P15,4.0,1.0,7.0,12032.0,2.0,20090207.0,906.0,-49.0084,-169.9429,5169,2331.8,2.141,34.711,2.0,34.7129,2.0,183.3,2.0,184.1,2.0,86.94,2.0,32.28,2.0,2.14,2.0,0.162,2.0,0.068,2.0,2253,2.0,2340,2.0,1.9732
66,09SS20090203, P15,4.0,1.0,6.0,12007.0,2.0,20090207.0,906.0,-49.0084,-169.9429,5169,2833.1,1.822,34.737,2.0,34.7372,2.0,193.3,2.0,196.5,2.0,94.79,2.0,31.34,2.0,2.09,2.0,-999,9.0,-999,9.0,2253,2.0,2344.3,6.0,1.6139
67,09SS20090203, P15,4.0,1.0,5.0,12055.0,2.0,20090207.0,906.0,-49.0084,-169.9429,5169,3331.9,1.426,34.729,2.0,34.7302,2.0,200,2.0,200.6,2.0,107.27,2.0,31.87,2.0,2.13,2.0,0.083,2.0,0.04,2.0,2257.2,2.0,2355,2.0,1.1784
68,09SS20090203, P15,4.0,1.0,4.0,12009.0,2.0,20090207.0,906.0,-49.0084,-169.9429,5169,3831.3,1.136,34.716,2.0,34.7168,2.0,205.7,2.0,206.2,2.0,116,2.0,32.02,2.0,2.16,2.0,-999,9.0,-999,9.0,2260.2,2.0,2349.5,3.0,0.845
69,09SS20090203, P15,4.0,1.0,3.0,12033.0,2.0,20090207.0,906.0,-49.0084,-169.9429,5169,4332.6,0.975,34.708,2.0,34.7109,2.0,209.8,2.0,208.9,2.0,122.19,2.0,32.53,2.0,2.18,2.0,0.18,2.0,0.078,2.0,2260.9,2.0,2361,2.0,0.6349
70,09SS20090203, P15,4.0,1.0,2.0,12006.0,2.0,20090207.0,906.0,-49.0084,-169.9429,5169,4914.8,0.963,34.705,2.0,34.7062,2.0,211.7,2.0,209.8,2.0,124.63,2.0,32.55,2.0,2.2,2.0,-999,9.0,-999,9.0,2261,2.0,2363.8,2.0,0.5569
71,09SS20090203, P15,4.0,1.0,1.0,12045.0,2.0,20090207.0,906.0,-49.0084,-169.9429,5169,5282.5,0.997,34.705,2.0,34.7049,2.0,212.1,2.0,209.8,2.0,124.94,2.0,32.6,2.0,2.19,2.0,0.23,6.0,0.105,6.0,2263,6.0,2356.2,6.0,0.5456
72,09SS20090203, P15,5.0,1.0,24.0,12015.0,2.0,20090207.0,1621.0,-48.49100000000001,-169.9859,5284,18.5,12.121,34.262,2.0,-999,9.0,271.4,2.0,268.8,2.0,0.81,2.0,9.84,2.0,0.68,2.0,-999,9.0,-999,9.0,2066,2.0,2271.7,2.0,12.1186
73,09SS20090203, P15,5.0,1.0,23.0,12046.0,2.0,20090207.0,1621.0,-48.49100000000001,-169.9859,5284,70.2,10.535,34.71,2.0,-999,9.0,258.2,2.0,262.3,2.0,1.72,2.0,9.4,2.0,0.73,2.0,-999,9.0,-999,9.0,-999,9.0,-999,9.0,10.5267
74,09SS20090203, P15,5.0,1.0,22.0,12020.0,2.0,20090207.0,1621.0,-48.49100000000001,-169.9859,5284,99.1,10.546,34.754,2.0,-999,9.0,255.8,2.0,254.5,2.0,2.54,2.0,11.09,2.0,0.8,2.0,-999,9.0,-999,9.0,-999,9.0,-999,9.0,10.5342
75,09SS20090203, P15,5.0,1.0,21.0,12003.0,2.0,20090207.0,1621.0,-48.49100000000001,-169.9859,5284,154.2,9.722,34.65,2.0,-999,9.0,256.4,2.0,255.7,2.0,3.13,2.0,13.14,2.0,0.94,2.0,-999,9.0,-999,9.0,-999,9.0,-999,9.0,9.7045
76,09SS20090203, P15,5.0,1.0,20.0,12051.0,2.0,20090207.0,1621.0,-48.49100000000001,-169.9859,5284,199.5,9.876,34.721,2.0,-999,9.0,250.9,2.0,250.2,2.0,3.51,2.0,13.15,2.0,0.92,2.0,-999,9.0,-999,9.0,-999,9.0,-999,9.0,9.8531
77,09SS20090203, P15,5.0,1.0,19.0,12010.0,2.0,20090207.0,1621.0,-48.49100000000001,-169.9859,5284,248.1,9.544,34.693,2.0,-999,9.0,240.5,2.0,238.8,2.0,4.6,2.0,15.51,2.0,1.07,2.0,-999,9.0,-999,9.0,-999,9.0,-999,9.0,9.5161
78,09SS20090203, P15,5.0,1.0,18.0,12018.0,2.0,20090207.0,1621.0,-48.49100000000001,-169.9859,5284,298.1,8.933,34.599,2.0,-999,9.0,240.8,2.0,238.6,2.0,5.21,2.0,17.15,2.0,1.17,2.0,-999,9.0,-999,9.0,-999,9.0,-999,9.0,8.9007
79,09SS20090203, P15,5.0,1.0,17.0,12024.0,2.0,20090207.0,1621.0,-48.49100000000001,-169.9859,5284,419,8.034,34.49,2.0,-999,9.0,238.8,2.0,236.9,2.0,6.45,2.0,19.54,2.0,1.33,2.0,-999,9.0,-999,9.0,-999,9.0,-999,9.0,7.9912
80,09SS20090203, P15,5.0,1.0,16.0,12001.0,2.0,20090207.0,1621.0,-48.49100000000001,-169.9859,5284,502.1,7.669,34.456,2.0,-999,9.0,238.6,2.0,237,2.0,7.53,2.0,20.64,2.0,1.41,2.0,-999,9.0,-999,9.0,-999,9.0,-999,9.0,7.6188
81,09SS20090203, P15,5.0,1.0,15.0,12025.0,2.0,20090207.0,1621.0,-48.49100000000001,-169.9859,5284,597.4,6.988,34.374,2.0,-999,9.0,248.3,2.0,248.4,2.0,9.34,2.0,21.79,2.0,1.49,2.0,-999,9.0,-999,9.0,-999,9.0,-999,9.0,6.9311
82,09SS20090203, P15,5.0,1.0,14.0,12041.0,2.0,20090207.0,1621.0,-48.49100000000001,-169.9859,5284,715.1,6.203,34.323,2.0,-999,9.0,236.6,2.0,243.9,2.0,12.37,2.0,23.81,2.0,1.61,2.0,-999,9.0,-999,9.0,-999,9.0,-999,9.0,6.1386
83,09SS20090203, P15,5.0,1.0,13.0,12012.0,2.0,20090207.0,1621.0,-48.49100000000001,-169.9859,5284,898,5.136,34.296,2.0,-999,9.0,223.5,2.0,224.7,2.0,21.74,2.0,27.78,2.0,1.88,2.0,-999,9.0,-999,9.0,-999,9.0,-999,9.0,5.0612
84,09SS20090203, P15,5.0,1.0,12.0,12022.0,2.0,20090207.0,1621.0,-48.49100000000001,-169.9859,5284,1097,4.027,34.308,2.0,-999,9.0,211.1,2.0,213.3,2.0,34.5,2.0,30.74,2.0,2.08,2.0,-999,9.0,-999,9.0,-999,9.0,-999,9.0,3.9433
85,09SS20090203, P15,5.0,1.0,11.0,12016.0,2.0,20090207.0,1621.0,-48.49100000000001,-169.9859,5284,1304.6,3.673,34.411,2.0,-999,9.0,185.7,2.0,185.7,2.0,52.67,2.0,32.42,2.0,2.21,2.0,-999,9.0,-999,9.0,-999,9.0,-999,9.0,3.5748
86,09SS20090203, P15,5.0,1.0,10.0,-999.0,9.0,20090207.0,1621.0,-48.49100000000001,-169.9859,5284,1497.8,2.913,34.468,2.0,-999,9.0,178.5,2.0,-999,9.0,-999,9.0,-999,9.0,-999,9.0,-999,9.0,-999,9.0,-999,9.0,-999,9.0,2.8066
87,09SS20090203, P15,5.0,1.0,9.0,12031.0,2.0,20090207.0,1621.0,-48.49100000000001,-169.9859,5284,1697.7,2.645,34.545,2.0,-999,9.0,173.7,2.0,175.6,2.0,70.65,2.0,33.89,2.0,2.31,2.0,-999,9.0,-999,9.0,-999,9.0,-999,9.0,2.5251
88,09SS20090203, P15,5.0,1.0,8.0,12021.0,2.0,20090207.0,1621.0,-48.49100000000001,-169.9859,5284,1997.7,2.526,34.613,2.0,-999,9.0,174.3,2.0,175.4,2.0,74.83,2.0,33.18,2.0,2.27,2.0,-999,9.0,-999,9.0,-999,9.0,-999,9.0,2.3819
89,09SS20090203, P15,5.0,1.0,7.0,12032.0,2.0,20090207.0,1621.0,-48.49100000000001,-169.9859,5284,2502.6,2.25,34.7,2.0,-999,9.0,181.8,2.0,182.7,2.0,83.54,2.0,31.74,2.0,2.17,2.0,-999,9.0,-999,9.0,-999,9.0,-999,9.0,2.0646
90,09SS20090203, P15,5.0,1.0,6.0,12007.0,2.0,20090207.0,1621.0,-48.49100000000001,-169.9859,5284,2999.4,1.881,34.735,2.0,-999,9.0,192.9,2.0,194.3,2.0,93,2.0,30.92,2.0,2.12,2.0,-999,9.0,-999,9.0,-999,9.0,-999,9.0,1.6556
91,09SS20090203, P15,5.0,1.0,5.0,12055.0,2.0,20090207.0,1621.0,-48.49100000000001,-169.9859,5284,3496.5,1.474,34.73,2.0,-999,9.0,199.8,2.0,200.3,2.0,105.33,2.0,31.25,2.0,2.15,2.0,-999,9.0,-999,9.0,-999,9.0,-999,9.0,1.2086
92,09SS20090203, P15,5.0,1.0,4.0,12009.0,2.0,20090207.0,1621.0,-48.49100000000001,-169.9859,5284,3997.3,1.168,34.717,2.0,-999,9.0,205.5,2.0,205.7,2.0,114.7,2.0,31.66,2.0,2.18,2.0,-999,9.0,-999,9.0,-999,9.0,-999,9.0,0.8586
93,09SS20090203, P15,5.0,1.0,3.0,12033.0,2.0,20090207.0,1621.0,-48.49100000000001,-169.9859,5284,4497.9,0.996,34.708,2.0,-999,9.0,209.7,2.0,209.7,2.0,121,2.0,31.91,2.0,2.2,2.0,-999,9.0,-999,9.0,-999,9.0,-999,9.0,0.6368
94,09SS20090203, P15,5.0,1.0,2.0,-999.0,9.0,20090207.0,1621.0,-48.49100000000001,-169.9859,5284,4996.5,0.98,34.705,2.0,-999,9.0,211.2,2.0,-999,9.0,-999,9.0,-999,9.0,-999,9.0,-999,9.0,-999,9.0,-999,9.0,-999,9.0,0.5637
95,09SS20090203, P15,5.0,1.0,1.0,12045.0,2.0,20090207.0,1621.0,-48.49100000000001,-169.9859,5284,5417.9,1.02,34.704,2.0,-999,9.0,212,2.0,209.7,2.0,124.03,2.0,32.05,2.0,2.22,2.0,-999,9.0,-999,9.0,-999,9.0,-999,9.0,0.5511
96,09SS20090203, P15,6.0,1.0,24.0,12015.0,2.0,20090207.0,2304.0,-47.983999999999995,-170.0248,5292,2.3,13.111,34.314,2.0,-999,9.0,264.9,2.0,263.1,2.0,0.78,2.0,8.46,2.0,0.65,2.0,2.96,2.0,1.819,2.0,2060.7,2.0,2288.7,6.0,13.1107
97,09SS20090203, P15,6.0,1.0,23.0,12046.0,2.0,20090207.0,2304.0,-47.983999999999995,-170.0248,5292,64,11.488,34.754,2.0,-999,9.0,259.9,2.0,258.5,2.0,1.81,2.0,8.23,2.0,0.69,2.0,-999,9.0,-999,9.0,2095.8,2.0,2294.7,2.0,11.48
98,09SS20090203, P15,6.0,1.0,22.0,12020.0,2.0,20090207.0,2304.0,-47.983999999999995,-170.0248,5292,113.6,10.746,34.795,2.0,-999,9.0,251,2.0,250.7,2.0,2.72,2.0,10.88,2.0,0.8,2.0,-999,9.0,-999,9.0,2109.8,2.0,2295.2,2.0,10.7323
99,09SS20090203, P15,6.0,1.0,21.0,12003.0,2.0,20090207.0,2304.0,-47.983999999999995,-170.0248,5292,162.9,10.349,34.762,2.0,-999,9.0,252.3,2.0,252.5,2.0,2.4,2.0,10.79,2.0,0.67,2.0,3.371,2.0,1.957,2.0,2100.4,2.0,2297.6,2.0,10.3298
100,09SS20090203, P15,6.0,1.0,20.0,12051.0,2.0,20090207.0,2304.0,-47.983999999999995,-170.0248,5292,214.5,10.087,34.74,2.0,-999,9.0,252.4,2.0,250.8,2.0,3.23,2.0,12.29,2.0,0.88,2.0,-999,9.0,-999,9.0,2113.8,2.0,2295.4,2.0,10.062
101,09SS20090203, P15,6.0,1.0,19.0,12010.0,2.0,20090207.0,2304.0,-47.983999999999995,-170.0248,5292,262.8,9.796,34.708,2.0,-999,9.0,243.8,2.0,242.2,2.0,4.05,2.0,14.25,2.0,1,2.0,-999,9.0,-999,9.0,2123.4,2.0,2290.9,2.0,9.7659
102,09SS20090203, P15,6.0,1.0,18.0,12018.0,2.0,20090207.0,2304.0,-47.983999999999995,-170.0248,5292,322.5,9.343,34.653,2.0,-999,9.0,242.1,2.0,240.6,2.0,4.71,2.0,15.87,2.0,1.09,2.0,-999,9.0,-999,9.0,2127,2.0,2289.4,2.0,9.307
103,09SS20090203, P15,6.0,1.0,17.0,12024.0,2.0,20090207.0,2304.0,-47.983999999999995,-170.0248,5292,430.8,8.401,34.533,2.0,-999,9.0,237.7,2.0,236.6,2.0,6.09,2.0,18.9,2.0,1.29,2.0,3.557,2.0,1.984,2.0,2137.3,2.0,2283.8,2.0,8.3558
104,09SS20090203, P15,6.0,1.0,16.0,12001.0,2.0,20090207.0,2304.0,-47.983999999999995,-170.0248,5292,530.5,7.662,34.442,2.0,-999,9.0,244.9,2.0,243.1,2.0,7.12,2.0,20.5,2.0,1.39,2.0,-999,9.0,-999,9.0,2139.4,2.0,2288.8,6.0,7.6089
105,09SS20090203, P15,6.0,1.0,15.0,12025.0,2.0,20090207.0,2304.0,-47.983999999999995,-170.0248,5292,630.3,7.44,34.442,2.0,-999,9.0,234.3,2.0,232.5,2.0,8.75,2.0,21.75,2.0,1.36,2.0,-999,9.0,-999,9.0,2145.5,2.0,2291.9,2.0,7.3776
106,09SS20090203, P15,6.0,1.0,14.0,12041.0,2.0,20090207.0,2304.0,-47.983999999999995,-170.0248,5292,747.2,6.789,34.378,2.0,-999,9.0,239,2.0,238.4,2.0,11.59,2.0,23.04,2.0,1.56,2.0,-999,9.0,-999,9.0,2150.7,2.0,2288.5,2.0,6.7181
107,09SS20090203, P15,6.0,1.0,13.0,12012.0,2.0,20090207.0,2304.0,-47.983999999999995,-170.0248,5292,963.9,5.613,34.346,2.0,-999,9.0,215.5,2.0,215.5,2.0,21.16,2.0,27.21,2.0,1.84,2.0,2.17,2.0,1.176,2.0,2174.7,2.0,2296.6,2.0,5.5287
108,09SS20090203, P15,6.0,1.0,12.0,12022.0,2.0,20090207.0,2304.0,-47.983999999999995,-170.0248,5292,1164.7,4.315,34.299,2.0,-999,9.0,214.5,2.0,215.4,2.0,30.83,2.0,30.02,2.0,2.03,2.0,-999,9.0,-999,9.0,2193.1,6.0,2295.4,6.0,4.223
109,09SS20090203, P15,6.0,1.0,11.0,12016.0,2.0,20090207.0,2304.0,-47.983999999999995,-170.0248,5292,1364.6,3.508,34.356,2.0,-999,9.0,197.3,2.0,199,2.0,45.85,2.0,32.31,2.0,2.21,2.0,-999,9.0,-999,9.0,2217.1,2.0,2307.1,2.0,3.4065
110,09SS20090203, P15,6.0,1.0,10.0,12019.0,2.0,20090207.0,2304.0,-47.983999999999995,-170.0248,5292,1564.9,3.055,34.437,2.0,-999,9.0,182.2,2.0,183.9,2.0,59.55,2.0,33.6,2.0,2.3,2.0,-999,9.0,-999,9.0,2234.8,2.0,2322.8,2.0,2.9414
111,09SS20090203, P15,6.0,1.0,9.0,12031.0,2.0,20090207.0,2304.0,-47.983999999999995,-170.0248,5292,1780.5,2.713,34.524,2.0,-999,9.0,173.4,2.0,174.8,2.0,70.16,2.0,33.91,2.0,2.33,2.0,0.712,2.0,0.34,2.0,2249.5,2.0,2338,2.0,2.5852
112,09SS20090203, P15,6.0,1.0,8.0,12021.0,2.0,20090207.0,2304.0,-47.983999999999995,-170.0248,5292,2129.1,2.432,34.642,2.0,-999,9.0,173.3,2.0,174.3,2.0,80.41,2.0,33.05,2.0,2.26,2.0,-999,9.0,-999,9.0,2255.5,2.0,2341.9,2.0,2.2776
113,09SS20090203, P15,6.0,1.0,7.0,12032.0,2.0,20090207.0,2304.0,-47.983999999999995,-170.0248,5292,2664.3,2.092,34.724,2.0,-999,9.0,186.5,2.0,187.6,2.0,87.4,2.0,31.02,2.0,2.14,2.0,-999,9.0,-999,9.0,2253.2,2.0,2350.7,2.0,1.8944
114,09SS20090203, P15,6.0,1.0,6.0,12007.0,2.0,20090207.0,2304.0,-47.983999999999995,-170.0248,5292,3164.8,1.714,34.736,2.0,-999,9.0,195.2,2.0,196.1,2.0,98.07,2.0,30.98,2.0,2.13,2.0,-999,9.0,-999,9.0,2253.6,2.0,2354.5,6.0,1.4761
115,09SS20090203, P15,6.0,1.0,5.0,12055.0,2.0,20090207.0,2304.0,-47.983999999999995,-170.0248,5292,3665.5,1.349,34.725,2.0,-999,9.0,201.5,2.0,201.6,2.0,109.52,2.0,31.35,2.0,2.17,2.0,0.089,2.0,0.042,2.0,2258.7,2.0,2359.8,2.0,1.0695
116,09SS20090203, P15,6.0,1.0,4.0,12009.0,2.0,20090207.0,2304.0,-47.983999999999995,-170.0248,5292,4164.9,1.083,34.713,2.0,-999,9.0,207,2.0,206.2,2.0,118.15,2.0,31.66,2.0,2.2,2.0,-999,9.0,-999,9.0,2259.9,2.0,2362.6,2.0,0.758
117,09SS20090203, P15,6.0,1.0,3.0,12033.0,2.0,20090207.0,2304.0,-47.983999999999995,-170.0248,5292,4664.1,0.976,34.707,2.0,-999,9.0,210.4,2.0,209,2.0,122.76,2.0,31.93,2.0,2.21,2.0,-999,9.0,-999,9.0,2262.5,2.0,2363.2,2.0,0.5986
118,09SS20090203, P15,6.0,1.0,2.0,12006.0,2.0,20090207.0,2304.0,-47.983999999999995,-170.0248,5292,5164.9,0.995,34.705,2.0,-999,9.0,211.8,2.0,208.6,2.0,123.17,2.0,31.82,2.0,2.21,2.0,-999,9.0,-999,9.0,2263.1,2.0,2361.6,2.0,0.558
119,09SS20090203, P15,6.0,1.0,1.0,12045.0,2.0,20090207.0,2304.0,-47.983999999999995,-170.0248,5292,5396.6,1.02,34.704,2.0,-999,9.0,213.4,2.0,210.6,2.0,124.32,2.0,32,2.0,2.21,2.0,0.208,6.0,0.096,6.0,2262.5,6.0,2367.6,6.0,0.5538
120,09SS20090203, P15,7.0,1.0,24.0,12015.0,2.0,20090208.0,611.0,-47.515,-169.9942,5210,2,13.563,34.482,2.0,-999,9.0,263,2.0,261.2,2.0,0.66,2.0,5.8,2.0,0.46,2.0,-999,9.0,-999,9.0,2056.4,2.0,2295.6,2.0,13.5627
121,09SS20090203, P15,7.0,1.0,23.0,12046.0,2.0,20090208.0,611.0,-47.515,-169.9942,5210,21.4,13.561,34.481,2.0,-999,9.0,263.5,2.0,261,2.0,0.66,2.0,5.8,2.0,0.46,2.0,-999,9.0,-999,9.0,-999,9.0,-999,9.0,13.558
122,09SS20090203, P15,7.0,1.0,22.0,12020.0,2.0,20090208.0,611.0,-47.515,-169.9942,5210,80,11.718,34.903,2.0,-999,9.0,251.6,2.0,249.5,2.0,2.09,2.0,8.12,2.0,0.63,2.0,-999,9.0,-999,9.0,-999,9.0,-999,9.0,11.7078
123,09SS20090203, P15,7.0,1.0,21.0,12003.0,2.0,20090208.0,611.0,-47.515,-169.9942,5210,130,10.763,34.792,2.0,-999,9.0,250.1,2.0,248.2,2.0,2.73,2.0,10.92,2.0,0.79,2.0,-999,9.0,-999,9.0,-999,9.0,-999,9.0,10.7473
124,09SS20090203, P15,7.0,1.0,20.0,12051.0,2.0,20090208.0,611.0,-47.515,-169.9942,5210,178.9,9.65,34.629,2.0,-999,9.0,256.4,2.0,255,2.0,3.22,2.0,13.53,2.0,0.96,2.0,-999,9.0,-999,9.0,-999,9.0,-999,9.0,9.6298
125,09SS20090203, P15,7.0,1.0,19.0,12010.0,2.0,20090208.0,611.0,-47.515,-169.9942,5210,222.2,9.494,34.635,2.0,-999,9.0,250.1,2.0,248.1,2.0,3.98,2.0,14.49,2.0,1.01,2.0,-999,9.0,-999,9.0,-999,9.0,-999,9.0,9.4691
126,09SS20090203, P15,7.0,1.0,18.0,12018.0,2.0,20090208.0,611.0,-47.515,-169.9942,5210,264.4,9.406,34.646,2.0,-999,9.0,244.6,2.0,242.6,2.0,4.46,2.0,15.39,2.0,1.06,2.0,-999,9.0,-999,9.0,-999,9.0,-999,9.0,9.3765
127,09SS20090203, P15,7.0,1.0,17.0,12024.0,2.0,20090208.0,611.0,-47.515,-169.9942,5210,364.3,8.614,34.548,2.0,-999,9.0,248.1,2.0,246.9,2.0,5.21,2.0,17.24,2.0,1.18,2.0,-999,9.0,-999,9.0,-999,9.0,-999,9.0,8.5753
128,09SS20090203, P15,7.0,1.0,16.0,12001.0,2.0,20090208.0,611.0,-47.515,-169.9942,5210,464.3,8.11,34.501,2.0,-999,9.0,236.4,2.0,235.6,2.0,6.87,2.0,19.87,2.0,1.34,2.0,-999,9.0,-999,9.0,-999,9.0,-999,9.0,8.0622
129,09SS20090203, P15,7.0,1.0,15.0,12025.0,2.0,20090208.0,611.0,-47.515,-169.9942,5210,547.3,7.635,34.447,2.0,-999,9.0,242.9,2.0,242.5,2.0,7.44,2.0,20.57,2.0,1.39,2.0,-999,9.0,-999,9.0,-999,9.0,-999,9.0,7.5803
130,09SS20090203, P15,7.0,1.0,14.0,12041.0,2.0,20090208.0,611.0,-47.515,-169.9942,5210,632,7.312,34.422,2.0,-999,9.0,241.8,2.0,241.9,2.0,8.51,2.0,21.4,2.0,1.44,2.0,-999,9.0,-999,9.0,-999,9.0,-999,9.0,7.25
131,09SS20090203, P15,7.0,1.0,13.0,12012.0,2.0,20090208.0,611.0,-47.515,-169.9942,5210,831.4,6.377,34.357,2.0,-999,9.0,231,2.0,231.2,2.0,13.94,2.0,24.5,2.0,1.64,2.0,-999,9.0,-999,9.0,-999,9.0,-999,9.0,6.3003
132,09SS20090203, P15,7.0,1.0,12.0,12022.0,2.0,20090208.0,611.0,-47.515,-169.9942,5210,1031.1,5.106,34.307,2.0,-999,9.0,219.2,2.0,220.4,2.0,23.53,2.0,28.18,2.0,1.89,2.0,-999,9.0,-999,9.0,-999,9.0,-999,9.0,5.0194
133,09SS20090203, P15,7.0,1.0,11.0,12016.0,2.0,20090208.0,611.0,-47.515,-169.9942,5210,1231.6,4.037,34.318,2.0,-999,9.0,207.6,2.0,209.8,2.0,35.88,2.0,30.89,2.0,2.08,2.0,-999,9.0,-999,9.0,-999,9.0,-999,9.0,3.9417
134,09SS20090203, P15,7.0,1.0,10.0,12019.0,2.0,20090208.0,611.0,-47.515,-169.9942,5210,1413.8,3.437,34.395,2.0,-999,9.0,188.6,2.0,190.9,2.0,51.5,2.0,32.76,2.0,2.22,2.0,-999,9.0,-999,9.0,-999,9.0,-999,9.0,3.332
135,09SS20090203, P15,7.0,1.0,9.0,12031.0,2.0,20090208.0,611.0,-47.515,-169.9942,5210,1565.8,3.034,34.46,2.0,-999,9.0,178.5,2.0,179.9,2.0,62.6,2.0,33.61,2.0,2.3,2.0,-999,9.0,-999,9.0,-999,9.0,-999,9.0,2.9205
136,09SS20090203, P15,7.0,1.0,8.0,-999.0,9.0,20090208.0,611.0,-47.515,-169.9942,5210,1747.7,2.766,34.535,2.0,-999,9.0,170.5,2.0,-999,9.0,-999,9.0,-999,9.0,-999,9.0,-999,9.0,-999,9.0,-999,9.0,-999,9.0,2.6403
137,09SS20090203, P15,7.0,1.0,7.0,12032.0,2.0,20090208.0,611.0,-47.515,-169.9942,5210,2247.4,2.344,34.659,2.0,-999,9.0,171.3,2.0,171.8,2.0,-999,9.0,32.93,2.0,2.14,2.0,-999,9.0,-999,9.0,-999,9.0,-999,9.0,2.1805
138,09SS20090203, P15,7.0,1.0,6.0,12007.0,2.0,20090208.0,611.0,-47.515,-169.9942,5210,2830.7,1.973,34.732,2.0,-999,9.0,189.7,2.0,190.4,2.0,90.82,2.0,30.99,2.0,2.13,2.0,-999,9.0,-999,9.0,-999,9.0,-999,9.0,1.762
139,09SS20090203, P15,7.0,1.0,5.0,12055.0,2.0,20090208.0,611.0,-47.515,-169.9942,5210,3331.8,1.568,34.732,2.0,-999,9.0,197.7,2.0,197.9,2.0,102.73,2.0,31.05,2.0,2.14,2.0,-999,9.0,-999,9.0,-999,9.0,-999,9.0,1.3169
140,09SS20090203, P15,7.0,1.0,4.0,12009.0,2.0,20090208.0,611.0,-47.515,-169.9942,5210,3830.5,1.238,34.721,2.0,-999,9.0,203.6,2.0,203.9,2.0,113.48,2.0,31.48,2.0,2.17,2.0,-999,9.0,-999,9.0,-999,9.0,-999,9.0,0.9443
141,09SS20090203, P15,7.0,1.0,3.0,12033.0,2.0,20090208.0,611.0,-47.515,-169.9942,5210,4331.4,1.014,34.71,2.0,-999,9.0,208.4,2.0,207.3,2.0,121.52,2.0,31.59,2.0,2.2,2.0,-999,9.0,-999,9.0,-999,9.0,-999,9.0,0.6728
142,09SS20090203, P15,7.0,1.0,2.0,12006.0,2.0,20090208.0,611.0,-47.515,-169.9942,5210,4915.2,0.985,34.706,2.0,-999,9.0,210.5,2.0,208.4,2.0,123.19,2.0,31.97,2.0,2.21,2.0,-999,9.0,-999,9.0,-999,9.0,-999,9.0,0.5781
143,09SS20090203, P15,7.0,1.0,1.0,12045.0,2.0,20090208.0,611.0,-47.515,-169.9942,5210,5364.4,1.019,34.704,2.0,-999,9.0,211.3,2.0,208.3,2.0,125.99,2.0,32.06,2.0,2.22,2.0,-999,9.0,-999,9.0,-999,9.0,-999,9.0,0.5568
144,09SS20090203, P15,8.0,1.0,24.0,12015.0,2.0,20090208.0,1318.0,-47.1149,-170.4309,5305,3.9,13.702,34.506,2.0,-999,9.0,261,2.0,259.1,2.0,0.61,2.0,5.83,2.0,0.44,2.0,3.174,2.0,1.776,2.0,2057.3,6.0,2293.2,6.0,13.7015
145,09SS20090203, P15,8.0,1.0,23.0,12046.0,2.0,20090208.0,1318.0,-47.1149,-170.4309,5305,47.7,13.162,34.461,2.0,-999,9.0,262.3,2.0,260.5,2.0,0.66,2.0,7.22,2.0,0.54,2.0,3.143,2.0,1.828,2.0,2064.5,2.0,2288.9,2.0,13.1555
146,09SS20090203, P15,8.0,1.0,22.0,12020.0,2.0,20090208.0,1318.0,-47.1149,-170.4309,5305,95.4,8.825,34.329,2.0,-999,9.0,277.2,2.0,278.2,2.0,2.11,2.0,15.72,2.0,1.08,2.0,4.089,6.0,2.262,6.0,2105.9,2.0,2278.9,2.0,8.8149
147,09SS20090203, P15,8.0,1.0,21.0,12003.0,2.0,20090208.0,1318.0,-47.1149,-170.4309,5305,146.2,8.431,34.403,2.0,-999,9.0,264,2.0,-999,9.0,3.94,2.0,17.32,2.0,1.17,2.0,4.037,2.0,2.202,2.0,2119.9,2.0,-999,9.0,8.4159
148,09SS20090203, P15,8.0,1.0,20.0,12051.0,2.0,20090208.0,1318.0,-47.1149,-170.4309,5305,198.7,8.293,34.437,2.0,-999,9.0,263.2,2.0,262.7,2.0,4.48,2.0,17.37,2.0,1.17,2.0,3.964,2.0,2.23,2.0,2120.9,2.0,2281.4,2.0,8.2726
149,09SS20090203, P15,8.0,1.0,19.0,12010.0,2.0,20090208.0,1318.0,-47.1149,-170.4309,5305,248.7,8.078,34.433,2.0,-999,9.0,264.3,2.0,263.2,2.0,4.79,2.0,17.69,2.0,1.2,2.0,4.042,2.0,2.191,2.0,2123.4,2.0,2282.6,2.0,8.0528
150,09SS20090203, P15,8.0,1.0,18.0,12018.0,2.0,20090208.0,1318.0,-47.1149,-170.4309,5305,297.9,7.731,34.39,2.0,-999,9.0,268.6,2.0,267.8,2.0,4.82,2.0,18.19,2.0,1.24,2.0,4.099,2.0,2.27,2.0,2124.4,2.0,2281.4,2.0,7.7015
151,09SS20090203, P15,8.0,1.0,17.0,12024.0,2.0,20090208.0,1318.0,-47.1149,-170.4309,5305,396.7,7.351,34.335,2.0,-999,9.0,273.8,2.0,273.8,2.0,4.76,2.0,18.68,2.0,1.26,2.0,4.248,2.0,2.292,2.0,2122.5,2.0,2277.9,2.0,7.3127
152,09SS20090203, P15,8.0,1.0,16.0,12001.0,2.0,20090208.0,1318.0,-47.1149,-170.4309,5305,498.3,7.414,34.397,2.0,-999,9.0,257.2,2.0,257.2,2.0,6.59,2.0,20.12,2.0,1.35,2.0,4.019,2.0,2.142,2.0,2134.4,2.0,2280.4,6.0,7.3652
153,09SS20090203, P15,8.0,1.0,15.0,12025.0,2.0,20090208.0,1318.0,-47.1149,-170.4309,5305,599,7.064,34.377,2.0,-999,9.0,255.4,2.0,255.5,2.0,7.95,2.0,21.04,2.0,1.42,2.0,3.739,2.0,2.092,2.0,2137.2,2.0,2279.8,2.0,7.0066
154,09SS20090203, P15,8.0,1.0,14.0,12041.0,2.0,20090208.0,1318.0,-47.1149,-170.4309,5305,698.5,6.562,34.333,2.0,-999,9.0,247.7,2.0,248.4,2.0,10.46,2.0,22.59,2.0,1.53,2.0,3.572,2.0,1.983,2.0,2146.7,2.0,2281.9,2.0,6.4972
155,09SS20090203, P15,8.0,1.0,13.0,12012.0,2.0,20090208.0,1318.0,-47.1149,-170.4309,5305,898.4,5.929,34.375,2.0,-999,9.0,212.4,2.0,212.4,2.0,20.17,2.0,26.49,2.0,1.79,2.0,1.878,3.0,0.989,3.0,-999,9.0,2288.2,2.0,5.8487
156,09SS20090203, P15,8.0,1.0,12.0,12022.0,2.0,20090208.0,1318.0,-47.1149,-170.4309,5305,1096.4,4.395,34.3,2.0,-999,9.0,214.4,2.0,216.7,2.0,30.42,2.0,29.7,2.0,2,2.0,2.487,2.0,1.291,2.0,2189.4,6.0,2292.1,6.0,4.3083
157,09SS20090203, P15,8.0,1.0,11.0,12016.0,2.0,20090208.0,1318.0,-47.1149,-170.4309,5305,1297.6,3.619,34.363,2.0,-999,9.0,196.1,2.0,198.2,2.0,45.52,2.0,32.11,2.0,2.17,2.0,1.719,2.0,0.9,2.0,2213.8,2.0,2309.2,2.0,3.522
158,09SS20090203, P15,8.0,1.0,10.0,12019.0,2.0,20090208.0,1318.0,-47.1149,-170.4309,5305,1496.6,3.103,34.431,2.0,-999,9.0,183.1,2.0,-999,9.0,58.42,2.0,33.39,2.0,2.28,2.0,1.184,2.0,0.573,2.0,2233.1,2.0,2317.8,2.0,2.9946
159,09SS20090203, P15,8.0,1.0,9.0,12031.0,2.0,20090208.0,1318.0,-47.1149,-170.4309,5305,1799.7,2.682,34.548,2.0,-999,9.0,171.8,2.0,173,2.0,73.12,2.0,33.68,2.0,2.31,2.0,0.591,2.0,0.272,2.0,2251.9,2.0,2334.9,3.0,2.5529
160,09SS20090203, P15,8.0,1.0,8.0,12021.0,2.0,20090208.0,1318.0,-47.1149,-170.4309,5305,1997.1,2.49,34.616,2.0,-999,9.0,172.8,2.0,174.1,2.0,75.79,2.0,33.07,2.0,2.27,2.0,0.412,2.0,0.188,2.0,2253.4,2.0,2332.9,2.0,2.3464
161,09SS20090203, P15,8.0,1.0,7.0,12032.0,2.0,20090208.0,1318.0,-47.1149,-170.4309,5305,2499.2,2.175,34.71,2.0,-999,9.0,182.8,2.0,184.2,2.0,85.59,2.0,31.19,2.0,2.15,2.0,0.175,2.0,0.072,2.0,2253.1,2.0,2347.2,2.0,1.9913
162,09SS20090203, P15,8.0,1.0,6.0,12007.0,2.0,20090208.0,1318.0,-47.1149,-170.4309,5305,3003.4,1.811,34.735,2.0,-999,9.0,193.2,2.0,194.4,2.0,94.85,2.0,30.7,2.0,2.11,2.0,-999,9.0,-999,9.0,2252.2,2.0,2352.8,6.0,1.5867
163,09SS20090203, P15,8.0,1.0,5.0,12055.0,2.0,20090208.0,1318.0,-47.1149,-170.4309,5305,3500.1,1.458,34.729,2.0,-999,9.0,199.5,2.0,200.7,2.0,105.94,2.0,31.05,2.0,2.14,2.0,0.104,2.0,0.042,2.0,2257.5,2.0,2355.6,2.0,1.1926
164,09SS20090203, P15,8.0,1.0,4.0,12009.0,2.0,20090208.0,1318.0,-47.1149,-170.4309,5305,3997.1,1.157,34.717,2.0,-999,9.0,205.2,2.0,205.7,2.0,115.22,2.0,31.25,2.0,2.18,2.0,0.134,6.0,0.058,6.0,2260.2,2.0,2378,4.0,0.8479
165,09SS20090203, P15,8.0,1.0,3.0,12033.0,2.0,20090208.0,1318.0,-47.1149,-170.4309,5305,4499.3,0.999,34.708,2.0,-999,9.0,209.2,2.0,207.7,2.0,121.04,2.0,31.39,2.0,2.2,2.0,0.153,2.0,0.066,2.0,2261.9,2.0,2361.2,2.0,0.6396
166,09SS20090203, P15,8.0,1.0,2.0,12006.0,2.0,20090208.0,1318.0,-47.1149,-170.4309,5305,4998.6,0.989,34.705,2.0,-999,9.0,210.6,2.0,208.9,2.0,123.47,2.0,31.8,2.0,2.22,2.0,0.198,2.0,0.084,2.0,2261.6,2.0,2360.2,2.0,0.5722
167,09SS20090203, P15,8.0,1.0,1.0,12045.0,2.0,20090208.0,1318.0,-47.1149,-170.4309,5305,5430.3,1.027,34.704,2.0,-999,9.0,211.4,2.0,208.7,2.0,124.25,2.0,31.84,2.0,2.22,2.0,0.221,2.0,0.095,2.0,2263.4,6.0,2362.4,6.0,0.5563
168,09SS20090203, P15,9.0,1.0,24.0,12015.0,2.0,20090208.0,2126.0,-46.7237,-170.8905,5277,3.3,13.764,34.453,2.0,-999,9.0,258.6,2.0,257.3,2.0,0.64,2.0,6.32,2.0,0.48,2.0,-999,9.0,-999,9.0,2056.9,2.0,2290.7,2.0,13.7635
169,09SS20090203, P15,9.0,1.0,23.0,12046.0,2.0,20090208.0,2126.0,-46.7237,-170.8905,5277,65.6,12.413,34.676,2.0,-999,9.0,261.9,2.0,260,2.0,0.9,2.0,6,2.0,0.57,2.0,-999,9.0,-999,9.0,-999,9.0,-999,9.0,12.4043
170,09SS20090203, P15,9.0,1.0,22.0,12020.0,2.0,20090208.0,2126.0,-46.7237,-170.8905,5277,116,11.185,34.843,2.0,-999,9.0,250.5,2.0,249.1,2.0,2.45,2.0,9.69,2.0,0.72,2.0,-999,9.0,-999,9.0,-999,9.0,-999,9.0,11.1706
171,09SS20090203, P15,9.0,1.0,21.0,12003.0,2.0,20090208.0,2126.0,-46.7237,-170.8905,5277,164.4,10.564,34.782,2.0,-999,9.0,248.6,2.0,247.1,2.0,3.01,2.0,11.44,2.0,0.83,2.0,-999,9.0,-999,9.0,-999,9.0,-999,9.0,10.5443
172,09SS20090203, P15,9.0,1.0,20.0,-999.0,9.0,20090208.0,2126.0,-46.7237,-170.8905,5277,214.2,10.248,34.763,2.0,-999,9.0,253.4,2.0,-999,9.0,-999,9.0,-999,9.0,-999,9.0,-999,9.0,-999,9.0,-999,9.0,-999,9.0,10.2228
173,09SS20090203, P15,9.0,1.0,19.0,12010.0,2.0,20090208.0,2126.0,-46.7237,-170.8905,5277,261.7,9.449,34.628,2.0,-999,9.0,250.7,2.0,249.7,2.0,3.86,2.0,14.66,2.0,1.01,2.0,-999,9.0,-999,9.0,-999,9.0,-999,9.0,9.4197
174,09SS20090203, P15,9.0,1.0,18.0,12018.0,2.0,20090208.0,2126.0,-46.7237,-170.8905,5277,321.8,9.333,34.65,2.0,-999,9.0,241.7,2.0,240.7,2.0,4.78,2.0,15.9,2.0,1.08,2.0,-999,9.0,-999,9.0,-999,9.0,-999,9.0,9.2972
175,09SS20090203, P15,9.0,1.0,17.0,12024.0,2.0,20090208.0,2126.0,-46.7237,-170.8905,5277,430.5,8.339,34.513,2.0,-999,9.0,247.2,2.0,247.3,2.0,5.64,2.0,18.06,2.0,1.23,2.0,-999,9.0,-999,9.0,-999,9.0,-999,9.0,8.294
176,09SS20090203, P15,9.0,1.0,16.0,12001.0,2.0,20090208.0,2126.0,-46.7237,-170.8905,5277,530.2,7.89,34.477,2.0,-999,9.0,237.1,2.0,236.9,2.0,7.16,2.0,20.55,2.0,1.36,2.0,-999,9.0,-999,9.0,-999,9.0,-999,9.0,7.836
177,09SS20090203, P15,9.0,1.0,15.0,12025.0,2.0,20090208.0,2126.0,-46.7237,-170.8905,5277,631.9,7.379,34.431,2.0,-999,9.0,239.6,2.0,239.5,2.0,8.48,2.0,21.48,2.0,1.45,2.0,-999,9.0,-999,9.0,-999,9.0,-999,9.0,7.3167
178,09SS20090203, P15,9.0,1.0,14.0,12041.0,2.0,20090208.0,2126.0,-46.7237,-170.8905,5277,747.9,6.927,34.403,2.0,-999,9.0,231.3,2.0,232.5,2.0,11.06,2.0,23.1,2.0,1.54,2.0,-999,9.0,-999,9.0,-999,9.0,-999,9.0,6.8553
179,09SS20090203, P15,9.0,1.0,13.0,12012.0,2.0,20090208.0,2126.0,-46.7237,-170.8905,5277,963.4,5.775,34.361,2.0,-999,9.0,213.3,2.0,214,2.0,20.7,2.0,27.34,2.0,1.82,2.0,-999,9.0,-999,9.0,-999,9.0,-999,9.0,5.6896
180,09SS20090203, P15,9.0,1.0,12.0,12022.0,2.0,20090208.0,2126.0,-46.7237,-170.8905,5277,1164.7,4.375,34.32,2.0,-999,9.0,209.5,2.0,211.1,2.0,32.33,2.0,30.1,2.0,2.03,2.0,-999,9.0,-999,9.0,-999,9.0,-999,9.0,4.2825
181,09SS20090203, P15,9.0,1.0,11.0,12016.0,2.0,20090208.0,2126.0,-46.7237,-170.8905,5277,1367,3.694,34.376,2.0,-999,9.0,193.3,2.0,194.8,2.0,46.59,2.0,32.38,2.0,2.17,2.0,-999,9.0,-999,9.0,-999,9.0,-999,9.0,3.5903
182,09SS20090203, P15,9.0,1.0,10.0,12019.0,2.0,20090208.0,2126.0,-46.7237,-170.8905,5277,1564.8,3.043,34.436,2.0,-999,9.0,183.1,2.0,185.2,2.0,59.79,2.0,33.76,2.0,2.29,2.0,-999,9.0,-999,9.0,-999,9.0,-999,9.0,2.9296
183,09SS20090203, P15,9.0,1.0,9.0,12031.0,2.0,20090208.0,2126.0,-46.7237,-170.8905,5277,1779.2,2.771,34.521,2.0,-999,9.0,173.4,2.0,174.3,2.0,69.98,2.0,33.87,2.0,2.33,2.0,-999,9.0,-999,9.0,-999,9.0,-999,9.0,2.6426
184,09SS20090203, P15,9.0,1.0,8.0,12021.0,2.0,20090208.0,2126.0,-46.7237,-170.8905,5277,1996.3,2.532,34.603,2.0,-999,9.0,171.1,2.0,171.3,2.0,77.59,2.0,33.61,2.0,2.3,2.0,-999,9.0,-999,9.0,-999,9.0,-999,9.0,2.3879
185,09SS20090203, P15,9.0,1.0,7.0,12032.0,2.0,20090208.0,2126.0,-46.7237,-170.8905,5277,2664.8,2.092,34.726,2.0,-999,9.0,186.9,2.0,188.6,2.0,86.35,2.0,31.24,2.0,2.13,2.0,-999,9.0,-999,9.0,-999,9.0,-999,9.0,1.8944
186,09SS20090203, P15,9.0,1.0,6.0,12007.0,2.0,20090208.0,2126.0,-46.7237,-170.8905,5277,3164.9,1.722,34.735,2.0,-999,9.0,194.9,2.0,196,2.0,97.1,2.0,30.89,2.0,2.13,2.0,-999,9.0,-999,9.0,-999,9.0,-999,9.0,1.4839
187,09SS20090203, P15,9.0,1.0,5.0,12055.0,2.0,20090208.0,2126.0,-46.7237,-170.8905,5277,3663,1.345,34.725,2.0,-999,9.0,201.3,2.0,201.7,2.0,108.77,2.0,31.46,2.0,2.16,2.0,-999,9.0,-999,9.0,-999,9.0,-999,9.0,1.0658
188,09SS20090203, P15,9.0,1.0,4.0,12009.0,2.0,20090208.0,2126.0,-46.7237,-170.8905,5277,4161.6,1.088,34.713,2.0,-999,9.0,206.6,2.0,206,2.0,116.78,2.0,31.78,2.0,2.2,2.0,-999,9.0,-999,9.0,-999,9.0,-999,9.0,0.7632
189,09SS20090203, P15,9.0,1.0,3.0,12033.0,2.0,20090208.0,2126.0,-46.7237,-170.8905,5277,4664.6,0.985,34.707,2.0,-999,9.0,209.7,2.0,208.1,2.0,121.43,2.0,31.81,2.0,2.22,2.0,-999,9.0,-999,9.0,-999,9.0,-999,9.0,0.6073
190,09SS20090203, P15,9.0,1.0,2.0,12006.0,2.0,20090208.0,2126.0,-46.7237,-170.8905,5277,5164.9,0.997,34.705,2.0,-999,9.0,210.8,2.0,209.4,2.0,122.94,2.0,32.08,2.0,2.23,2.0,-999,9.0,-999,9.0,-999,9.0,-999,9.0,0.5599
191,09SS20090203, P15,9.0,1.0,1.0,12045.0,2.0,20090208.0,2126.0,-46.7237,-170.8905,5277,5380.6,1.022,34.705,2.0,-999,9.0,211.7,2.0,209.5,2.0,123.19,2.0,31.9,2.0,2.22,2.0,-999,9.0,-999,9.0,-999,9.0,-999,9.0,0.5577
192,09SS20090203, P15,10.0,1.0,24.0,12015.0,2.0,20090209.0,428.0,-46.3378,-171.3544,5084,2.9,13.728,34.646,2.0,34.6503,2.0,261.3,2.0,259,2.0,-999,9.0,4.07,2.0,0.35,2.0,-999,9.0,-999,9.0,2058.3,6.0,2300,6.0,13.7276
193,09SS20090203, P15,10.0,1.0,23.0,12046.0,2.0,20090209.0,428.0,-46.3378,-171.3544,5084,22.1,13.731,34.645,2.0,34.6505,2.0,261.1,2.0,258.8,2.0,-999,9.0,4.11,2.0,0.36,2.0,-999,9.0,-999,9.0,2059.4,2.0,2298.5,2.0,13.7279
194,09SS20090203, P15,10.0,1.0,22.0,12020.0,2.0,20090209.0,428.0,-46.3378,-171.3544,5084,80,11.457,34.821,2.0,34.8254,2.0,255.9,2.0,254.2,2.0,-999,9.0,9.04,2.0,0.66,2.0,-999,9.0,-999,9.0,2096.9,2.0,2295.2,2.0,11.4469
195,09SS20090203, P15,10.0,1.0,21.0,12003.0,2.0,20090209.0,428.0,-46.3378,-171.3544,5084,129.6,11.083,34.845,2.0,34.8507,2.0,248,2.0,246,2.0,-999,9.0,10.53,2.0,0.74,2.0,-999,9.0,-999,9.0,2107,2.0,2301.2,2.0,11.067
196,09SS20090203, P15,10.0,1.0,20.0,12051.0,2.0,20090209.0,428.0,-46.3378,-171.3544,5084,180.7,10.439,34.758,2.0,34.7628,2.0,253.7,2.0,252.9,2.0,-999,9.0,11.28,2.0,0.79,2.0,-999,9.0,-999,9.0,2107.8,2.0,2293.1,2.0,10.4175
197,09SS20090203, P15,10.0,1.0,19.0,-999.0,9.0,20090209.0,428.0,-46.3378,-171.3544,5084,223.3,10.254,34.755,2.0,-999,9.0,249.2,2.0,-999,9.0,-999,9.0,-999,9.0,-999,9.0,-999,9.0,-999,9.0,2189.7,4.0,2295.9,2.0,10.2277
198,09SS20090203, P15,10.0,1.0,18.0,-999.0,9.0,20090209.0,428.0,-46.3378,-171.3544,5084,263.8,9.718,34.678,2.0,-999,9.0,241.1,2.0,-999,9.0,-999,9.0,-999,9.0,-999,9.0,-999,9.0,-999,9.0,2257.3,4.0,2308,3.0,9.6879
199,09SS20090203, P15,10.0,1.0,17.0,12024.0,2.0,20090209.0,428.0,-46.3378,-171.3544,5084,364.9,8.988,34.594,2.0,34.5938,2.0,246.8,2.0,246.3,2.0,-999,9.0,16.57,2.0,1.11,2.0,-999,9.0,-999,9.0,2127.1,2.0,2285.7,2.0,8.9482
200,09SS20090203, P15,10.0,1.0,16.0,12001.0,2.0,20090209.0,428.0,-46.3378,-171.3544,5084,463.9,8.12,34.488,2.0,34.4926,2.0,242.6,2.0,242.5,2.0,-999,9.0,19.17,2.0,-999,9.0,-999,9.0,-999,9.0,2134.5,2.0,2284.3,6.0,8.0722
201,09SS20090203, P15,10.0,1.0,15.0,12025.0,2.0,20090209.0,428.0,-46.3378,-171.3544,5084,546.8,7.638,34.433,2.0,34.4376,2.0,248.3,2.0,249.1,2.0,7.02,2.0,20.02,2.0,1.35,2.0,-999,9.0,-999,9.0,2136.4,2.0,2283.1,2.0,7.5834
202,09SS20090203, P15,10.0,1.0,14.0,12041.0,2.0,20090209.0,428.0,-46.3378,-171.3544,5084,629.7,7.406,34.427,2.0,34.4305,2.0,242.2,2.0,243.3,2.0,8.12,2.0,21.28,2.0,1.42,2.0,-999,9.0,-999,9.0,2139.5,2.0,2281.5,2.0,7.3438
203,09SS20090203, P15,10.0,1.0,13.0,12012.0,2.0,20090209.0,428.0,-46.3378,-171.3544,5084,832.7,6.541,34.37,2.0,34.3741,2.0,229.9,2.0,231.4,2.0,12.77,2.0,24.26,2.0,1.6,2.0,-999,9.0,-999,9.0,2152,2.0,2282.7,2.0,6.4631
204,09SS20090203, P15,10.0,1.0,12.0,12022.0,2.0,20090209.0,428.0,-46.3378,-171.3544,5084,1030.7,5.626,34.378,2.0,34.3854,2.0,205.3,2.0,205.1,2.0,24.2,2.0,27.85,2.0,1.86,2.0,-999,9.0,-999,9.0,2178.4,6.0,2293.9,6.0,5.5352
205,09SS20090203, P15,10.0,1.0,11.0,12016.0,2.0,20090209.0,428.0,-46.3378,-171.3544,5084,1231.7,4.293,34.347,2.0,34.3513,2.0,201.7,2.0,203.4,2.0,37.01,2.0,30.54,2.0,2.08,2.0,-999,9.0,-999,9.0,2201.3,2.0,2301.6,2.0,4.1952
206,09SS20090203, P15,10.0,1.0,10.0,12019.0,2.0,20090209.0,428.0,-46.3378,-171.3544,5084,1414.2,3.366,34.379,2.0,34.3843,2.0,192.2,2.0,193.8,2.0,50.61,2.0,32.55,2.0,2.23,2.0,-999,9.0,-999,9.0,2222.2,2.0,2311.6,2.0,3.2618
207,09SS20090203, P15,10.0,1.0,9.0,12031.0,2.0,20090209.0,428.0,-46.3378,-171.3544,5084,1748.4,2.767,34.533,2.0,-999,9.0,171.4,2.0,172.3,2.0,74.31,2.0,34,2.0,2.33,2.0,-999,9.0,-999,9.0,2251.3,2.0,2337.3,2.0,2.6412
208,09SS20090203, P15,10.0,1.0,8.0,12021.0,2.0,20090209.0,428.0,-46.3378,-171.3544,5084,1996.7,2.508,34.612,2.0,34.6168,2.0,169.9,2.0,-999,9.0,81.67,2.0,33.59,2.0,2.3,2.0,-999,9.0,-999,9.0,2259.2,2.0,2342.9,2.0,2.3642
209,09SS20090203, P15,10.0,1.0,7.0,12032.0,2.0,20090209.0,428.0,-46.3378,-171.3544,5084,2332.4,2.261,34.69,2.0,34.6949,2.0,178.5,2.0,-999,9.0,85.22,2.0,32.05,2.0,2.21,2.0,-999,9.0,-999,9.0,2254.5,2.0,2350.1,2.0,2.0911
210,09SS20090203, P15,10.0,1.0,6.0,12007.0,2.0,20090209.0,428.0,-46.3378,-171.3544,5084,2833,1.918,34.733,2.0,34.7368,2.0,190.7,2.0,191.7,2.0,92.56,2.0,30.77,2.0,2.12,2.0,-999,9.0,-999,9.0,2252.2,2.0,2353.1,2.0,1.7079
211,09SS20090203, P15,10.0,1.0,5.0,12055.0,2.0,20090209.0,428.0,-46.3378,-171.3544,5084,3330.4,1.506,34.731,2.0,34.7355,2.0,198.4,2.0,198.9,2.0,104.56,2.0,31.08,2.0,2.15,2.0,-999,9.0,-999,9.0,2258.8,2.0,2357.6,2.0,1.2566
212,09SS20090203, P15,10.0,1.0,4.0,12009.0,2.0,20090209.0,428.0,-46.3378,-171.3544,5084,3831.8,1.168,34.718,2.0,34.7221,2.0,204.4,2.0,205.6,2.0,114.77,2.0,31.34,2.0,2.19,2.0,-999,9.0,-999,9.0,2258,2.0,2360,2.0,0.8761
213,09SS20090203, P15,10.0,1.0,3.0,12033.0,2.0,20090209.0,428.0,-46.3378,-171.3544,5084,4331.9,0.996,34.709,2.0,34.7133,2.0,208.3,2.0,207.2,2.0,120.8,2.0,31.92,2.0,2.21,2.0,-999,9.0,-999,9.0,2260.7,2.0,2361.7,2.0,0.6553
214,09SS20090203, P15,10.0,1.0,2.0,12006.0,2.0,20090209.0,428.0,-46.3378,-171.3544,5084,4915.2,0.972,34.705,2.0,34.7094,2.0,209.8,2.0,208.9,2.0,123.59,2.0,31.91,2.0,2.22,2.0,-999,9.0,-999,9.0,2262.3,2.0,2363.5,2.0,0.5656
215,09SS20090203, P15,10.0,1.0,1.0,12045.0,2.0,20090209.0,428.0,-46.3378,-171.3544,5084,5176,0.995,34.704,2.0,34.7107,2.0,210.3,2.0,208.7,2.0,123.85,2.0,31.8,2.0,2.22,2.0,-999,9.0,-999,9.0,2261.6,6.0,2364,6.0,0.5567
216,09SS20090203, P15,11.0,1.0,24.0,12015.0,2.0,20090209.0,1147.0,-45.943999999999996,-171.8136,5140,3.5,14.095,34.697,2.0,34.7004,2.0,258.5,2.0,256.8,2.0,0.68,2.0,3.46,2.0,0.3,2.0,2.976,2.0,1.745,2.0,2057.9,2.0,2300.2,2.0,14.0945
217,09SS20090203, P15,11.0,1.0,23.0,12046.0,2.0,20090209.0,1147.0,-45.943999999999996,-171.8136,5140,47.2,13.824,34.709,2.0,34.7135,2.0,258.4,2.0,257,2.0,0.72,2.0,3.64,2.0,0.32,2.0,-999,9.0,-999,9.0,-999,9.0,-999,9.0,13.8173
218,09SS20090203, P15,11.0,1.0,22.0,12020.0,2.0,20090209.0,1147.0,-45.943999999999996,-171.8136,5140,96.3,12,35.011,2.0,35.0134,2.0,248.2,2.0,246.8,2.0,2.26,2.0,8.43,2.0,0.61,2.0,-999,9.0,-999,9.0,-999,9.0,-999,9.0,11.9875
219,09SS20090203, P15,11.0,1.0,21.0,12003.0,2.0,20090209.0,1147.0,-45.943999999999996,-171.8136,5140,146.7,11.506,34.939,2.0,34.9417,2.0,245.1,2.0,243.9,2.0,2.68,2.0,9.48,2.0,0.69,2.0,-999,9.0,-999,9.0,-999,9.0,-999,9.0,11.4874
220,09SS20090203, P15,11.0,1.0,20.0,12051.0,2.0,20090209.0,1147.0,-45.943999999999996,-171.8136,5140,198.6,10.814,34.836,2.0,34.837,2.0,248.5,2.0,246.9,2.0,2.87,2.0,10.41,2.0,0.76,2.0,-999,9.0,-999,9.0,-999,9.0,-999,9.0,10.7898
221,09SS20090203, P15,11.0,1.0,19.0,12010.0,2.0,20090209.0,1147.0,-45.943999999999996,-171.8136,5140,249.1,10.407,34.789,2.0,34.7906,2.0,248.5,2.0,248,2.0,3.13,2.0,11.33,2.0,0.83,2.0,-999,9.0,-999,9.0,-999,9.0,-999,9.0,10.3774
222,09SS20090203, P15,11.0,1.0,18.0,12018.0,2.0,20090209.0,1147.0,-45.943999999999996,-171.8136,5140,300.1,10.011,34.751,2.0,34.7527,2.0,234.8,2.0,234,2.0,4.44,2.0,14.35,2.0,1,2.0,3.255,2.0,1.918,2.0,-999,9.0,-999,9.0,9.9761
223,09SS20090203, P15,11.0,1.0,17.0,12024.0,2.0,20090209.0,1147.0,-45.943999999999996,-171.8136,5140,400.3,9.313,34.662,2.0,34.6638,2.0,236.4,2.0,235.4,2.0,5.06,2.0,16.18,2.0,1.11,2.0,-999,9.0,-999,9.0,-999,9.0,-999,9.0,9.2683
224,09SS20090203, P15,11.0,1.0,16.0,12001.0,2.0,20090209.0,1147.0,-45.943999999999996,-171.8136,5140,499,8.335,34.526,2.0,34.5281,2.0,236.9,2.0,236.2,2.0,6.25,2.0,18.9,2.0,1.29,2.0,-999,9.0,-999,9.0,-999,9.0,-999,9.0,8.2826
225,09SS20090203, P15,11.0,1.0,15.0,12025.0,2.0,20090209.0,1147.0,-45.943999999999996,-171.8136,5140,599.4,7.695,34.454,2.0,34.4562,2.0,239.2,2.0,239.1,2.0,7.32,2.0,20.6,2.0,1.39,2.0,-999,9.0,-999,9.0,-999,9.0,-999,9.0,7.6346
226,09SS20090203, P15,11.0,1.0,14.0,12041.0,2.0,20090209.0,1147.0,-45.943999999999996,-171.8136,5140,698.3,7.247,34.42,2.0,34.4221,2.0,236.9,2.0,237.3,2.0,8.99,2.0,21.98,2.0,1.47,2.0,-999,9.0,-999,9.0,-999,9.0,-999,9.0,7.1786
227,09SS20090203, P15,11.0,1.0,13.0,12012.0,2.0,20090209.0,1147.0,-45.943999999999996,-171.8136,5140,897.4,6.148,34.347,2.0,34.3498,2.0,228.6,2.0,229.3,2.0,15.85,2.0,25.2,2.0,1.69,2.0,-999,9.0,-999,9.0,-999,9.0,-999,9.0,6.0663
228,09SS20090203, P15,11.0,1.0,12.0,12022.0,2.0,20090209.0,1147.0,-45.943999999999996,-171.8136,5140,1099.4,5.319,34.381,2.0,34.3841,2.0,200.4,2.0,200.4,2.0,28.55,2.0,28.72,2.0,1.94,2.0,1.361,3.0,0.662,3.0,-999,9.0,-999,9.0,5.2242
229,09SS20090203, P15,11.0,1.0,11.0,12016.0,2.0,20090209.0,1147.0,-45.943999999999996,-171.8136,5140,1298.6,3.919,34.341,2.0,34.3482,2.0,201.4,2.0,202.4,2.0,40.16,2.0,31.55,2.0,2.13,2.0,-999,9.0,-999,9.0,-999,9.0,-999,9.0,3.819
230,09SS20090203, P15,11.0,1.0,10.0,12019.0,2.0,20090209.0,1147.0,-45.943999999999996,-171.8136,5140,1498.3,3.239,34.432,2.0,34.4336,2.0,182.4,2.0,183.3,2.0,57.45,2.0,33.24,2.0,2.26,2.0,-999,9.0,-999,9.0,-999,9.0,-999,9.0,3.1289
231,09SS20090203, P15,11.0,1.0,9.0,12031.0,2.0,20090209.0,1147.0,-45.943999999999996,-171.8136,5140,1696.7,2.88,34.496,2.0,34.4995,2.0,175,2.0,175.3,2.0,66.58,2.0,33.91,2.0,2.3,2.0,0.824,2.0,0.367,2.0,-999,9.0,-999,9.0,2.7573
232,09SS20090203, P15,11.0,1.0,8.0,12021.0,2.0,20090209.0,1147.0,-45.943999999999996,-171.8136,5140,1997.6,2.507,34.613,2.0,34.6148,2.0,169.7,2.0,169.5,2.0,82.22,2.0,33.83,2.0,2.28,2.0,-999,9.0,-999,9.0,-999,9.0,-999,9.0,2.3632
233,09SS20090203, P15,11.0,1.0,7.0,12032.0,2.0,20090209.0,1147.0,-45.943999999999996,-171.8136,5140,2498.2,2.16,34.711,2.0,34.7145,2.0,183.4,2.0,183.3,2.0,86.55,2.0,31.66,2.0,2.15,2.0,-999,9.0,-999,9.0,-999,9.0,-999,9.0,1.9767
234,09SS20090203, P15,11.0,1.0,6.0,12007.0,2.0,20090209.0,1147.0,-45.943999999999996,-171.8136,5140,2997.6,1.77,34.735,2.0,34.7384,2.0,194.2,2.0,193.8,2.0,97,2.0,30.87,2.0,2.12,2.0,0.105,2.0,0.042,2.0,-999,9.0,-999,9.0,1.5472
235,09SS20090203, P15,11.0,1.0,5.0,12055.0,2.0,20090209.0,1147.0,-45.943999999999996,-171.8136,5140,3496.1,1.369,34.726,2.0,34.7292,2.0,201,2.0,200.9,2.0,108.87,2.0,31.37,2.0,2.15,2.0,-999,9.0,-999,9.0,-999,9.0,-999,9.0,1.1063
236,09SS20090203, P15,11.0,1.0,4.0,12009.0,2.0,20090209.0,1147.0,-45.943999999999996,-171.8136,5140,3999.1,1.062,34.713,2.0,34.7172,2.0,206.9,2.0,205.7,2.0,117.79,2.0,31.98,2.0,2.17,2.0,-999,9.0,-999,9.0,-999,9.0,-999,9.0,0.7554
237,09SS20090203, P15,11.0,1.0,3.0,12033.0,2.0,20090209.0,1147.0,-45.943999999999996,-171.8136,5140,4498.5,0.969,34.707,2.0,34.7111,2.0,209.8,2.0,-999,9.0,121.37,2.0,31.98,2.0,2.18,2.0,0.194,2.0,0.077,2.0,-999,9.0,-999,9.0,0.6106
238,09SS20090203, P15,11.0,1.0,2.0,12006.0,2.0,20090209.0,1147.0,-45.943999999999996,-171.8136,5140,4998.1,0.983,34.704,2.0,34.7082,2.0,210.5,2.0,207.7,2.0,122.16,2.0,31.89,2.0,2.17,2.0,-999,9.0,-999,9.0,-999,9.0,-999,9.0,0.5664
239,09SS20090203, P15,11.0,1.0,1.0,12045.0,2.0,20090209.0,1147.0,-45.943999999999996,-171.8136,5140,5245.8,0.999,34.705,2.0,34.708,2.0,212.1,2.0,215.5,2.0,124.68,2.0,32.15,2.0,2.18,2.0,0.249,2.0,0.104,2.0,-999,9.0,-999,9.0,0.552
240,09SS20090203, P15,12.0,1.0,24.0,12015.0,2.0,20090209.0,2020.0,-45.3836,-172.4672,4869,2.5,14.79,34.688,2.0,34.6905,2.0,256.2,2.0,255.3,2.0,0.52,2.0,2.97,2.0,0.28,2.0,2.858,6.0,1.714,6.0,2053.4,6.0,2297.7,6.0,14.7896
241,09SS20090203, P15,12.0,1.0,23.0,12046.0,2.0,20090209.0,2020.0,-45.3836,-172.4672,4869,64.4,12.826,34.668,2.0,34.6778,2.0,270.5,2.0,268.3,2.0,0.51,2.0,5.02,2.0,0.45,2.0,3.257,2.0,1.888,2.0,2073,2.0,2296.9,2.0,12.8173
242,09SS20090203, P15,12.0,1.0,22.0,12020.0,2.0,20090209.0,2020.0,-45.3836,-172.4672,4869,114.3,10.789,34.778,2.0,34.7802,2.0,254,2.0,253.3,2.0,2.43,2.0,10.49,2.0,0.76,2.0,3.426,2.0,1.99,2.0,2104.4,2.0,2294.3,2.0,10.7752
243,09SS20090203, P15,12.0,1.0,21.0,12003.0,2.0,20090209.0,2020.0,-45.3836,-172.4672,4869,165.5,10.422,34.756,2.0,34.7573,2.0,254.7,2.0,254,2.0,2.62,2.0,11.24,2.0,0.8,2.0,3.519,2.0,2.019,2.0,2106.8,2.0,2293.7,2.0,10.4024
244,09SS20090203, P15,12.0,1.0,20.0,12051.0,2.0,20090209.0,2020.0,-45.3836,-172.4672,4869,214.2,10.273,34.765,2.0,34.7667,2.0,248.8,2.0,247.1,2.0,3.23,2.0,12.23,2.0,0.86,2.0,3.484,2.0,1.992,2.0,2114.7,2.0,2289.8,2.0,10.2478
245,09SS20090203, P15,12.0,1.0,19.0,12010.0,2.0,20090209.0,2020.0,-45.3836,-172.4672,4869,263.2,10.077,34.753,2.0,34.7549,2.0,248.9,2.0,248.2,2.0,3.51,2.0,12.91,2.0,0.9,2.0,3.511,2.0,1.991,2.0,2116.7,2.0,2290.4,2.0,10.0463
246,09SS20090203, P15,12.0,1.0,18.0,12018.0,2.0,20090209.0,2020.0,-45.3836,-172.4672,4869,323.5,9.696,34.713,2.0,34.7151,2.0,239.9,2.0,238.8,2.0,4.55,2.0,15.19,2.0,1.04,2.0,3.604,2.0,1.996,2.0,2126.5,2.0,2289.5,2.0,9.6591
247,09SS20090203, P15,12.0,1.0,17.0,12024.0,2.0,20090209.0,2020.0,-45.3836,-172.4672,4869,430.8,8.665,34.565,2.0,34.5668,2.0,235.2,2.0,234.6,2.0,5.93,2.0,18.53,2.0,1.24,2.0,3.58,2.0,1.982,2.0,2135.2,2.0,2281.4,2.0,8.6189
248,09SS20090203, P15,12.0,1.0,16.0,12001.0,2.0,20090209.0,2020.0,-45.3836,-172.4672,4869,532.8,7.863,34.47,2.0,34.474,2.0,238.9,2.0,238.3,2.0,7.05,2.0,20.46,2.0,1.37,2.0,3.687,2.0,1.99,2.0,2140,2.0,2280.1,6.0,7.8089
249,09SS20090203, P15,12.0,1.0,15.0,12025.0,2.0,20090209.0,2020.0,-45.3836,-172.4672,4869,634,7.406,34.425,2.0,34.4291,2.0,243.4,2.0,243.8,2.0,7.97,2.0,21.11,2.0,1.43,2.0,3.638,2.0,1.942,2.0,2139.5,2.0,2282.2,2.0,7.3434
250,09SS20090203, P15,12.0,1.0,14.0,12041.0,2.0,20090209.0,2020.0,-45.3836,-172.4672,4869,751.1,6.934,34.393,2.0,34.3966,2.0,234.2,2.0,234.6,2.0,10.26,2.0,22.73,2.0,1.54,2.0,3.17,6.0,1.675,6.0,2146.5,2.0,2279.9,2.0,6.8619
251,09SS20090203, P15,12.0,1.0,13.0,12012.0,2.0,20090209.0,2020.0,-45.3836,-172.4672,4869,966.1,5.939,34.354,2.0,34.358,2.0,218.7,2.0,218.8,2.0,18.55,2.0,26.36,2.0,1.78,2.0,2.404,2.0,1.228,2.0,2165.6,2.0,2283,2.0,5.8521
252,09SS20090203, P15,12.0,1.0,12.0,12022.0,2.0,20090209.0,2020.0,-45.3836,-172.4672,4869,1163.6,4.645,34.338,2.0,34.3427,2.0,206.3,2.0,206.7,2.0,31.83,2.0,29.51,2.0,2.02,2.0,2.021,2.0,0.994,2.0,2191.2,6.0,2294.9,6.0,4.5501
253,09SS20090203, P15,12.0,1.0,11.0,12016.0,2.0,20090209.0,2020.0,-45.3836,-172.4672,4869,1363.7,3.689,34.374,2.0,34.3782,2.0,193.6,2.0,194.8,2.0,46.45,2.0,31.97,2.0,2.19,2.0,2.568,4.0,0.743,2.0,2216.3,2.0,2306.9,2.0,3.5856
254,09SS20090203, P15,12.0,1.0,10.0,12019.0,2.0,20090209.0,2020.0,-45.3836,-172.4672,4869,1563,3.209,34.45,2.0,34.4548,2.0,179.7,2.0,180.3,2.0,60.38,2.0,33.39,2.0,2.28,2.0,1.01,2.0,0.447,2.0,2236.3,2.0,2321,2.0,3.0937
255,09SS20090203, P15,12.0,1.0,9.0,12031.0,2.0,20090209.0,2020.0,-45.3836,-172.4672,4869,1762.8,2.859,34.513,2.0,34.5175,2.0,173.2,2.0,173.5,2.0,70.25,2.0,32.99,2.0,2.31,2.0,0.748,2.0,0.323,2.0,2248.9,2.0,2330.9,2.0,2.7308
256,09SS20090203, P15,12.0,1.0,8.0,12021.0,2.0,20090209.0,2020.0,-45.3836,-172.4672,4869,1980.2,2.583,34.593,2.0,34.597,2.0,168.8,2.0,169.1,2.0,81.07,2.0,33.43,2.0,2.3,2.0,0.412,2.0,0.166,2.0,2259.3,2.0,2341.4,2.0,2.4396
257,09SS20090203, P15,12.0,1.0,7.0,12032.0,2.0,20090209.0,2020.0,-45.3836,-172.4672,4869,2298.8,2.333,34.664,2.0,34.6678,2.0,173.1,2.0,172.4,2.0,87.08,2.0,32.78,2.0,2.25,2.0,0.215,2.0,0.085,2.0,2261.4,2.0,2345.6,2.0,2.165
258,09SS20090203, P15,12.0,1.0,6.0,12007.0,2.0,20090209.0,2020.0,-45.3836,-172.4672,4869,2629.2,2.129,34.716,2.0,34.72,2.0,185.2,2.0,185,2.0,86.65,2.0,31.39,2.0,2.15,2.0,0.164,2.0,0.065,2.0,2252.7,2.0,2346.2,6.0,1.934
259,09SS20090203, P15,12.0,1.0,5.0,12055.0,2.0,20090209.0,2020.0,-45.3836,-172.4672,4869,3163.3,1.705,34.735,2.0,34.7388,2.0,195.9,2.0,195.4,2.0,99.08,2.0,30.86,2.0,2.14,2.0,0.116,2.0,0.043,2.0,2254.9,2.0,2353.2,2.0,1.4675
260,09SS20090203, P15,12.0,1.0,4.0,12009.0,2.0,20090209.0,2020.0,-45.3836,-172.4672,4869,3664,1.3,34.723,2.0,34.7263,2.0,202.8,2.0,201.9,2.0,110.92,2.0,31.13,2.0,2.16,2.0,0.12,2.0,0.049,2.0,2257.1,2.0,2354.8,2.0,1.0219
261,09SS20090203, P15,12.0,1.0,3.0,12033.0,2.0,20090209.0,2020.0,-45.3836,-172.4672,4869,4165,1.041,34.711,2.0,34.7143,2.0,208,2.0,206,2.0,118.46,2.0,31.63,2.0,2.18,2.0,0.2,6.0,0.077,6.0,2260.4,2.0,2355.5,2.0,0.7172
262,09SS20090203, P15,12.0,1.0,2.0,12006.0,2.0,20090209.0,2020.0,-45.3836,-172.4672,4869,4663.1,0.962,34.706,2.0,34.7096,2.0,210.4,2.0,208,2.0,121.57,2.0,31.95,2.0,2.18,2.0,0.225,2.0,0.092,2.0,2260.6,2.0,2359.3,2.0,0.5852
263,09SS20090203, P15,12.0,1.0,1.0,12045.0,2.0,20090209.0,2020.0,-45.3836,-172.4672,4869,4957.7,0.964,34.706,2.0,34.7086,2.0,211.1,2.0,208.6,2.0,124.3,2.0,31.81,2.0,2.19,2.0,0.246,2.0,0.101,2.0,2262.1,6.0,2360,6.0,0.5528
