,EXPOCODE,SECT_ID,STNNBR,CASTNO,BTLNBR,BTLNBR_FLAG_W,DATE,LATITUDE,LONGITUDE,DEPTH,CTDPRS,CTDTMP,CTDSAL,CTDSAL_FLAG_W,SALNTY,SALNTY_FLAG_W,CTDOXY,CTDOXY_FLAG_W,OXYGEN,OXYGEN_FLAG_W,SILCAT,SILCAT_FLAG_W,NITRAT,NITRAT_FLAG_W,PHSPHT,PHSPHT_FLAG_W,TCARBN,TCARBN_FLAG_W,ALKALI,ALKALI_FLAG_W,CHLORA,CHLORA_FLAG_W,THETA
0,  35MF20030123,  SR03,1.0,1.0,19.0,2.0,20030129.0,-45.0,146.22, 3200,      4.1,  15.7440,  35.4240,2.0,  35.4420,2.0,    239.0,2.0,    241.6,2.0,     0.15,2.0,     2.37,2.0,     0.14,2.0,   2062.3,2.0,   2330.0,2.0,     0.78,2.0,  15.7434
1,  35MF20030123,  SR03,1.0,1.0,18.0,2.0,20030129.0,-45.0,146.22, 3200,     11.6,  15.7500,  35.4240,2.0,-999.0000,9.0,    239.9,2.0,   -999.0,9.0,     0.14,2.0,     2.39,2.0,     0.14,2.0,   2062.8,2.0,   2332.6,2.0,     0.79,2.0,  15.7482
2,  35MF20030123,  SR03,1.0,1.0,17.0,2.0,20030129.0,-45.0,146.22, 3200,     22.0,  15.5310,  35.3940,2.0,  35.4100,2.0,    242.3,2.0,    241.8,2.0,     0.18,2.0,     2.54,2.0,     0.15,2.0,   2067.5,2.0,   2335.6,2.0,     0.78,2.0,  15.5276
3,  35MF20030123,  SR03,1.0,1.0,16.0,2.0,20030129.0,-45.0,146.22, 3200,     32.0,  14.7640,  35.2930,2.0,-999.0000,9.0,    237.3,2.0,   -999.0,9.0,     0.62,2.0,     4.53,2.0,     0.28,2.0,   2074.9,2.0,   2327.0,2.0,     0.46,2.0,  14.7592
4,  35MF20030123,  SR03,1.0,1.0,15.0,2.0,20030129.0,-45.0,146.22, 3200,     41.1,  14.4780,  35.2510,2.0,-999.0000,9.0,    237.8,2.0,   -999.0,9.0,     0.59,2.0,     4.52,2.0,     0.27,2.0,   2086.5,2.0,   2320.5,2.0,     0.33,2.0,  14.4719
5,  35MF20030123,  SR03,1.0,1.0,14.0,2.0,20030129.0,-45.0,146.22, 3200,     51.5,  14.4770,  35.2600,2.0,  35.2810,2.0,    238.7,2.0,    239.1,2.0,     0.66,2.0,     4.68,2.0,     0.28,2.0,   2072.5,2.0,   2322.2,2.0,     0.28,2.0,  14.4694
6,  35MF20030123,  SR03,1.0,1.0,13.0,2.0,20030129.0,-45.0,146.22, 3200,     74.1,  14.1410,  35.3110,2.0,-999.0000,9.0,    220.3,2.0,   -999.0,9.0,     1.46,2.0,     7.31,2.0,     0.40,2.0,   2073.8,2.0,   2325.3,2.0,     0.09,2.0,  14.1302
7,  35MF20030123,  SR03,1.0,1.0,12.0,2.0,20030129.0,-45.0,146.22, 3200,    100.4,  13.7280,  35.3960,2.0,-999.0000,9.0,    236.2,2.0,   -999.0,9.0,     1.02,2.0,     5.87,2.0,     0.34,2.0,   2093.8,2.0,   2332.1,2.0,     0.05,2.0,  13.7137
8,  35MF20030123,  SR03,1.0,1.0,11.0,2.0,20030129.0,-45.0,146.22, 3200,    126.0,  13.5710,  35.3700,2.0,-999.0000,9.0,    239.4,2.0,   -999.0,9.0,     1.03,2.0,     6.06,2.0,     0.33,2.0,   2091.0,2.0,   2326.3,2.0,     0.04,2.0,  13.5531
9,  35MF20030123,  SR03,1.0,1.0,10.0,2.0,20030129.0,-45.0,146.22, 3200,    151.4,  13.4360,  35.3420,2.0,-999.0000,9.0,    240.0,2.0,   -999.0,9.0,     1.05,2.0,     6.42,2.0,     0.37,2.0,   2088.1,2.0,   2323.7,2.0,  -999.00,9.0,  13.4147
10,  35MF20030123,  SR03,1.0,1.0,9.0,2.0,20030129.0,-45.0,146.22, 3200,    202.8,  12.3210,  35.1620,2.0,  35.1710,2.0,    223.5,2.0,    224.9,2.0,     2.74,2.0,    10.52,2.0,     0.59,2.0,   2109.7,2.0,   2312.9,2.0,  -999.00,9.0,  12.2940
11,  35MF20030123,  SR03,1.0,1.0,8.0,2.0,20030129.0,-45.0,146.22, 3200,    249.0,  11.4740,  35.0400,2.0,-999.0000,9.0,    238.5,2.0,   -999.0,9.0,     2.76,2.0,    11.25,2.0,     0.64,2.0,   2098.6,2.0,   2296.7,2.0,  -999.00,9.0,  11.4424
12,  35MF20030123,  SR03,1.0,1.0,7.0,2.0,20030129.0,-45.0,146.22, 3200,    298.6,  11.0020,  34.9660,2.0,-999.0000,9.0,    250.3,2.0,   -999.0,9.0,     2.56,2.0,    11.49,2.0,     0.65,2.0,   2096.6,2.0,   2291.1,2.0,  -999.00,9.0,  10.9650
13,  35MF20030123,  SR03,1.0,1.0,6.0,2.0,20030129.0,-45.0,146.22, 3200,    396.9,   9.2900,  34.6480,2.0,-999.0000,9.0,    260.6,2.0,   -999.0,9.0,     3.42,2.0,    15.11,2.0,     0.87,2.0,   2101.0,2.0,   2280.1,2.0,  -999.00,9.0,   9.2457
14,  35MF20030123,  SR03,1.0,1.0,5.0,2.0,20030129.0,-45.0,146.22, 3200,    498.6,   9.0490,  34.6360,2.0,  34.6650,2.0,    250.6,2.0,    247.7,2.0,     4.25,2.0,    16.62,2.0,     0.96,2.0,   2110.5,2.0,   2280.8,2.0,  -999.00,9.0,   8.9940
15,  35MF20030123,  SR03,1.0,1.0,4.0,2.0,20030129.0,-45.0,146.22, 3200,    599.0,   8.5070,  34.5780,2.0,-999.0000,9.0,    228.1,2.0,   -999.0,9.0,     7.06,2.0,    20.20,2.0,     1.17,2.0,   2124.3,2.0,   2279.7,2.0,  -999.00,9.0,   8.4429
16,  35MF20030123,  SR03,1.0,1.0,3.0,2.0,20030129.0,-45.0,146.22, 3200,    800.2,   7.0710,  34.5140,2.0,-999.0000,9.0,    187.7,2.0,   -999.0,9.0,    17.15,2.0,    26.17,2.0,     1.57,2.0,   2155.5,2.0,   2282.0,2.0,  -999.00,9.0,   6.9930
17,  35MF20030123,  SR03,1.0,1.0,1.0,2.0,20030129.0,-45.0,146.22, 3200,   1007.1,   5.5470,  34.4610,2.0,  34.4950,2.0,    183.3,2.0,    182.3,2.0,    30.67,2.0,    29.75,2.0,     1.81,2.0,   2185.1,2.0,   2297.4,2.0,  -999.00,9.0,   5.4589
18,  35MF20030123,  SR03,1.0,1.0,2.0,2.0,20030129.0,-45.0,146.22, 3200,   1007.6,   5.5460,  34.4610,2.0,-999.0000,9.0,    182.8,2.0,   -999.0,9.0,    29.96,2.0,    29.75,2.0,     1.83,2.0,   2181.9,2.0,   2295.0,2.0,  -999.00,9.0,   5.4579
19,  35MF20030123,  SR03,2.0,1.0,19.0,2.0,20030130.0,-48.0,146.02, 2700,      0.7,  10.8840,  34.5060,2.0,  34.5090,2.0,    281.2,2.0,    280.8,2.0,     0.91,2.0,    11.29,2.0,     0.63,2.0,   2067.9,2.0,   2280.8,2.0,     0.46,2.0,  10.8839
20,  35MF20030123,  SR03,2.0,1.0,18.0,2.0,20030130.0,-48.0,146.02, 2700,      9.6,  10.8850,  34.5060,2.0,-999.0000,9.0,    281.3,2.0,   -999.0,9.0,     0.93,2.0,    11.13,2.0,     0.63,2.0,   2069.9,2.0,   2281.8,2.0,     0.49,2.0,  10.8838
21,  35MF20030123,  SR03,2.0,1.0,17.0,2.0,20030130.0,-48.0,146.02, 2700,     21.3,  10.8850,  34.5060,2.0,  34.5070,2.0,    280.8,2.0,    281.3,2.0,     0.91,2.0,    11.10,2.0,     0.62,2.0,   2068.7,2.0,   2282.3,2.0,     0.45,2.0,  10.8824
22,  35MF20030123,  SR03,2.0,1.0,16.0,2.0,20030130.0,-48.0,146.02, 2700,     30.2,  10.7390,  34.5090,2.0,-999.0000,9.0,    283.8,2.0,   -999.0,9.0,     0.94,2.0,    11.16,2.0,     0.62,2.0,   2070.3,2.0,   2282.7,2.0,     0.59,2.0,  10.7354
23,  35MF20030123,  SR03,2.0,1.0,24.0,2.0,20030130.0,-48.0,146.02, 2700,     30.5,  10.7460,  34.5090,2.0,-999.0000,9.0,    282.4,2.0,   -999.0,9.0,  -999.00,9.0,  -999.00,9.0,  -999.00,9.0,   -999.0,9.0,   -999.0,9.0,  -999.00,9.0,  10.7423
24,  35MF20030123,  SR03,2.0,1.0,15.0,2.0,20030130.0,-48.0,146.02, 2700,     40.1,  10.5720,  34.5290,2.0,-999.0000,9.0,    281.4,2.0,   -999.0,9.0,     0.94,2.0,    11.24,2.0,     0.64,2.0,   2072.7,2.0,   2283.5,2.0,     0.70,2.0,  10.5672
25,  35MF20030123,  SR03,2.0,1.0,23.0,2.0,20030130.0,-48.0,146.02, 2700,     46.4,  10.4160,  34.5430,2.0,  34.5860,2.0,    279.0,2.0,    278.4,2.0,     1.05,2.0,    11.43,2.0,     0.67,2.0,   2078.3,2.0,   2286.0,2.0,     0.61,2.0,  10.4105
26,  35MF20030123,  SR03,2.0,1.0,14.0,2.0,20030130.0,-48.0,146.02, 2700,     49.3,  10.3700,  34.5450,2.0,-999.0000,9.0,    278.4,2.0,   -999.0,9.0,  -999.00,9.0,  -999.00,9.0,  -999.00,9.0,   -999.0,9.0,   -999.0,9.0,  -999.00,9.0,  10.3642
27,  35MF20030123,  SR03,2.0,1.0,22.0,2.0,20030130.0,-48.0,146.02, 2700,     58.2,  10.3110,  34.5430,2.0,-999.0000,9.0,    276.1,2.0,   -999.0,9.0,  -999.00,9.0,  -999.00,9.0,  -999.00,9.0,   -999.0,9.0,   -999.0,9.0,  -999.00,9.0,  10.3042
28,  35MF20030123,  SR03,2.0,1.0,21.0,2.0,20030130.0,-48.0,146.02, 2700,     70.7,  10.0440,  34.5530,2.0,-999.0000,9.0,    273.9,2.0,   -999.0,9.0,  -999.00,9.0,  -999.00,9.0,  -999.00,9.0,   -999.0,9.0,   -999.0,9.0,  -999.00,9.0,  10.0359
29,  35MF20030123,  SR03,2.0,1.0,13.0,2.0,20030130.0,-48.0,146.02, 2700,     75.0,   9.8000,  34.5700,2.0,-999.0000,9.0,    271.2,2.0,   -999.0,9.0,     1.73,2.0,    12.28,2.0,     0.76,2.0,   2100.4,2.0,   2294.8,2.0,     0.24,2.0,   9.7915
30,  35MF20030123,  SR03,2.0,1.0,20.0,2.0,20030130.0,-48.0,146.02, 2700,     79.8,   9.6440,  34.5940,2.0,-999.0000,9.0,    270.3,2.0,   -999.0,9.0,  -999.00,9.0,  -999.00,9.0,  -999.00,9.0,   -999.0,9.0,   -999.0,9.0,  -999.00,9.0,   9.6350
31,  35MF20030123,  SR03,2.0,1.0,12.0,2.0,20030130.0,-48.0,146.02, 2700,     98.4,   9.3700,  34.6050,2.0,-999.0000,9.0,    268.0,2.0,   -999.0,9.0,     2.68,2.0,    13.93,2.0,     0.80,2.0,   2095.3,2.0,   2283.1,2.0,     0.07,2.0,   9.3591
32,  35MF20030123,  SR03,2.0,1.0,11.0,2.0,20030130.0,-48.0,146.02, 2700,    125.3,   9.2150,  34.6370,2.0,-999.0000,9.0,    268.7,2.0,   -999.0,9.0,     2.99,2.0,    14.17,2.0,     0.80,2.0,   2105.5,2.0,   2289.4,2.0,     0.03,2.0,   9.2013
33,  35MF20030123,  SR03,2.0,1.0,10.0,2.0,20030130.0,-48.0,146.02, 2700,    149.8,   9.2200,  34.6490,2.0,-999.0000,9.0,    269.6,2.0,   -999.0,9.0,     2.89,2.0,    13.94,2.0,     0.79,2.0,   2100.4,2.0,   2286.3,2.0,  -999.00,9.0,   9.2036
34,  35MF20030123,  SR03,2.0,1.0,9.0,2.0,20030130.0,-48.0,146.02, 2700,    199.9,   9.2500,  34.6650,2.0,  34.6710,2.0,    269.0,2.0,    269.1,2.0,     2.81,2.0,    13.90,2.0,     0.76,2.0,   2100.7,2.0,   2286.1,2.0,  -999.00,9.0,   9.2280
35,  35MF20030123,  SR03,2.0,1.0,8.0,2.0,20030130.0,-48.0,146.02, 2700,    249.0,   9.2090,  34.6650,2.0,-999.0000,9.0,    267.0,2.0,   -999.0,9.0,     2.93,2.0,    13.97,2.0,     0.79,2.0,   2101.5,2.0,   2286.2,2.0,  -999.00,9.0,   9.1816
36,  35MF20030123,  SR03,2.0,1.0,7.0,2.0,20030130.0,-48.0,146.02, 2700,    296.5,   9.1690,  34.6650,2.0,-999.0000,9.0,    263.0,2.0,   -999.0,9.0,     3.11,2.0,    14.49,2.0,     0.83,2.0,   2105.5,2.0,   2287.4,2.0,  -999.00,9.0,   9.1364
37,  35MF20030123,  SR03,2.0,1.0,6.0,2.0,20030130.0,-48.0,146.02, 2700,    397.7,   9.0490,  34.6500,2.0,-999.0000,9.0,    259.9,2.0,   -999.0,9.0,     3.42,2.0,    15.23,2.0,     0.89,2.0,   2108.5,2.0,   2287.7,2.0,  -999.00,9.0,   9.0053
38,  35MF20030123,  SR03,2.0,1.0,5.0,2.0,20030130.0,-48.0,146.02, 2700,    500.6,   8.7390,  34.5980,2.0,  34.6260,2.0,    253.1,2.0,    253.8,2.0,     4.37,2.0,    16.89,2.0,     0.98,2.0,   2114.0,2.0,   2283.9,2.0,  -999.00,9.0,   8.6849
39,  35MF20030123,  SR03,2.0,1.0,4.0,2.0,20030130.0,-48.0,146.02, 2700,    599.9,   8.0710,  34.5040,2.0,-999.0000,9.0,    243.3,2.0,   -999.0,9.0,    15.29,3.0,    25.85,3.0,     1.55,3.0,   2125.3,2.0,   2281.8,2.0,  -999.00,9.0,   8.0088
40,  35MF20030123,  SR03,2.0,1.0,3.0,2.0,20030130.0,-48.0,146.02, 2700,    803.5,   6.8380,  34.4590,2.0,-999.0000,9.0,    198.5,2.0,   -999.0,9.0,    15.26,2.0,    25.84,2.0,     1.53,2.0,   2159.6,2.0,   2284.7,2.0,  -999.00,9.0,   6.7611
41,  35MF20030123,  SR03,2.0,1.0,1.0,2.0,20030130.0,-48.0,146.02, 2700,   1002.5,   4.9630,  34.3580,2.0,  34.3740,2.0,    208.0,2.0,    207.8,2.0,    24.58,2.0,    29.61,2.0,     1.79,2.0,   2178.5,2.0,   2289.0,2.0,  -999.00,9.0,   4.8800
42,  35MF20030123,  SR03,2.0,1.0,2.0,2.0,20030130.0,-48.0,146.02, 2700,   1003.2,   4.9480,  34.3580,2.0,-999.0000,9.0,    207.5,2.0,   -999.0,9.0,    24.59,2.0,    29.54,2.0,     1.80,2.0,   2179.9,2.0,   2289.1,2.0,  -999.00,9.0,   4.8650
43,  35MF20030123,  SR03,3.0,1.0,24.0,2.0,20030131.0,-50.0,146.0, 4725,      5.3,   9.6910,  34.3640,2.0,  34.4010,2.0,    283.7,2.0,    283.3,2.0,     1.55,2.0,    13.76,2.0,     0.78,2.0,   2079.0,2.0,   2280.1,2.0,     0.39,2.0,   9.6904
44,  35MF20030123,  SR03,3.0,1.0,23.0,2.0,20030131.0,-50.0,146.0, 4725,     10.0,   9.6920,  34.3640,2.0,-999.0000,9.0,    283.6,2.0,   -999.0,9.0,     1.53,2.0,    13.58,2.0,     0.79,2.0,   2079.8,2.0,   2280.6,2.0,     0.33,2.0,   9.6909
45,  35MF20030123,  SR03,3.0,1.0,22.0,2.0,20030131.0,-50.0,146.0, 4725,     30.5,   9.6870,  34.3650,2.0,-999.0000,9.0,    283.0,2.0,   -999.0,9.0,     1.54,2.0,    13.61,2.0,     0.78,2.0,   2078.2,2.0,   2280.7,2.0,     0.37,2.0,   9.6836
46,  35MF20030123,  SR03,3.0,1.0,21.0,2.0,20030131.0,-50.0,146.0, 4725,     48.4,   9.6570,  34.3670,2.0,  34.3870,2.0,    282.6,2.0,    282.6,2.0,     1.54,2.0,    13.60,2.0,     0.80,2.0,   2081.2,2.0,   2282.1,2.0,     0.45,2.0,   9.6516
47,  35MF20030123,  SR03,3.0,1.0,20.0,2.0,20030131.0,-50.0,146.0, 4725,     73.4,   9.3690,  34.3930,2.0,-999.0000,9.0,    281.2,2.0,   -999.0,9.0,     1.51,2.0,    13.82,2.0,     0.82,2.0,   2086.3,2.0,   2282.9,2.0,     0.44,2.0,   9.3609
48,  35MF20030123,  SR03,3.0,1.0,19.0,2.0,20030131.0,-50.0,146.0, 4725,     99.9,   9.1760,  34.3940,2.0,-999.0000,9.0,    278.3,2.0,   -999.0,9.0,     1.99,2.0,    14.29,2.0,     0.87,2.0,   2091.2,2.0,   2283.2,2.0,     0.27,2.0,   9.1652
49,  35MF20030123,  SR03,3.0,1.0,18.0,2.0,20030131.0,-50.0,146.0, 4725,    148.2,   8.6300,  34.5460,2.0,-999.0000,9.0,    269.7,2.0,   -999.0,9.0,     3.88,2.0,    16.14,2.0,     0.93,2.0,   2122.0,2.0,   2301.1,2.0,     0.07,2.0,   8.6144
50,  35MF20030123,  SR03,3.0,1.0,17.0,2.0,20030131.0,-50.0,146.0, 4725,    201.1,   8.3930,  34.5290,2.0,  34.5950,2.0,    267.1,2.0,    267.8,2.0,     4.09,2.0,    16.61,2.0,     0.97,2.0,   2124.3,2.0,   2301.4,2.0,  -999.00,9.0,   8.3722
51,  35MF20030123,  SR03,3.0,1.0,16.0,2.0,20030131.0,-50.0,146.0, 4725,    247.2,   7.9120,  34.4560,2.0,-999.0000,9.0,    268.5,2.0,   -999.0,9.0,     4.59,2.0,    17.64,2.0,     1.00,2.0,   2112.5,2.0,   2283.3,2.0,  -999.00,9.0,   7.8873
52,  35MF20030123,  SR03,3.0,1.0,15.0,2.0,20030131.0,-50.0,146.0, 4725,    300.2,   7.6860,  34.4280,2.0,-999.0000,9.0,    268.7,2.0,   -999.0,9.0,     5.29,2.0,    19.39,2.0,     1.06,2.0,   2134.6,2.0,   2303.6,2.0,  -999.00,9.0,   7.6564
53,  35MF20030123,  SR03,3.0,1.0,14.0,2.0,20030131.0,-50.0,146.0, 4725,    396.9,   7.2330,  34.3700,2.0,-999.0000,9.0,    268.8,2.0,   -999.0,9.0,     6.13,2.0,    19.49,2.0,     1.12,2.0,   2135.9,2.0,   2298.6,2.0,  -999.00,9.0,   7.1950
54,  35MF20030123,  SR03,3.0,1.0,13.0,2.0,20030131.0,-50.0,146.0, 4725,    499.8,   6.8240,  34.3780,2.0,  34.3960,2.0,    242.1,2.0,    242.9,2.0,    10.12,2.0,    22.96,2.0,     1.34,2.0,   2154.1,2.0,   2297.5,2.0,  -999.00,9.0,   6.7773
55,  35MF20030123,  SR03,3.0,1.0,12.0,2.0,20030131.0,-50.0,146.0, 4725,    749.2,   5.1230,  34.3430,2.0,-999.0000,9.0,    216.0,2.0,   -999.0,9.0,    20.63,2.0,    28.69,2.0,     1.72,2.0,   2194.1,2.0,   2316.8,2.0,  -999.00,9.0,   5.0614
56,  35MF20030123,  SR03,3.0,1.0,11.0,2.0,20030131.0,-50.0,146.0, 4725,   1000.0,   3.7250,  34.3630,2.0,  34.3870,2.0,    201.8,2.0,    202.0,2.0,    33.63,2.0,    32.11,2.0,     1.97,2.0,   2214.8,2.0,   2314.7,2.0,  -999.00,9.0,   3.6517
57,  35MF20030123,  SR03,3.0,1.0,10.0,2.0,20030131.0,-50.0,146.0, 4725,   1246.7,   2.9590,  34.4360,2.0,-999.0000,9.0,    186.6,2.0,   -999.0,9.0,    49.89,2.0,    34.29,2.0,     2.14,2.0,   2244.4,2.0,   2329.7,2.0,  -999.00,9.0,   2.8725
58,  35MF20030123,  SR03,3.0,1.0,9.0,2.0,20030131.0,-50.0,146.0, 4725,   1500.4,   2.6400,  34.5580,2.0,-999.0000,9.0,    176.3,2.0,   -999.0,9.0,    60.24,2.0,    34.55,2.0,     2.13,2.0,   2241.7,2.0,   2328.7,2.0,  -999.00,9.0,   2.5363
59,  35MF20030123,  SR03,3.0,1.0,8.0,2.0,20030131.0,-50.0,146.0, 4725,   1747.4,   2.5080,  34.6460,2.0,-999.0000,9.0,    175.2,2.0,   -999.0,9.0,    61.15,2.0,    33.01,2.0,     2.04,2.0,   2266.8,2.0,   2355.2,2.0,  -999.00,9.0,   2.3854
60,  35MF20030123,  SR03,3.0,1.0,7.0,2.0,20030131.0,-50.0,146.0, 4725,   1998.5,   2.3620,  34.7050,2.0,  34.7360,2.0,    181.4,2.0,    181.8,2.0,    67.05,2.0,    32.19,2.0,     1.98,2.0,   2288.0,3.0,   2380.7,3.0,  -999.00,9.0,   2.2199
61,  35MF20030123,  SR03,3.0,1.0,6.0,2.0,20030131.0,-50.0,146.0, 4725,   2499.0,   1.9980,  34.7520,2.0,-999.0000,9.0,    187.9,2.0,   -999.0,9.0,    75.36,2.0,    31.62,2.0,     1.95,2.0,   2275.1,3.0,   2369.4,2.0,  -999.00,9.0,   1.8174
62,  35MF20030123,  SR03,3.0,1.0,5.0,2.0,20030131.0,-50.0,146.0, 4725,   2973.0,   1.5620,  34.7490,2.0,  34.7570,2.0,    198.3,2.0,    200.0,2.0,    86.87,2.0,    31.38,2.0,     1.89,2.0,   2250.7,2.0,   2356.6,2.0,  -999.00,9.0,   1.3460
63,  35MF20030123,  SR03,3.0,1.0,4.0,2.0,20030131.0,-50.0,146.0, 4725,   3499.4,   1.1580,  34.7300,2.0,-999.0000,9.0,    202.0,2.0,   -999.0,9.0,    95.05,2.0,    32.27,2.0,     1.98,2.0,   2262.2,2.0,   2362.9,2.0,  -999.00,9.0,   0.9002
64,  35MF20030123,  SR03,3.0,1.0,3.0,2.0,20030131.0,-50.0,146.0, 4725,   3989.9,   1.0940,  34.7240,2.0,-999.0000,9.0,    205.7,2.0,   -999.0,9.0,    95.22,2.0,    31.84,2.0,     1.98,2.0,   2258.6,2.0,   2359.9,2.0,  -999.00,9.0,   0.7873
65,  35MF20030123,  SR03,3.0,1.0,1.0,2.0,20030131.0,-50.0,146.0, 4725,   4501.6,   1.1040,  34.7220,2.0,  34.7440,2.0,    209.6,2.0,    206.4,2.0,    98.81,2.0,    31.63,2.0,     1.92,2.0,   2257.4,2.0,   2361.3,2.0,  -999.00,9.0,   0.7408
66,  35MF20030123,  SR03,3.0,1.0,2.0,2.0,20030131.0,-50.0,146.0, 4725,   4501.8,   1.1050,  34.7220,2.0,-999.0000,9.0,    209.1,2.0,   -999.0,9.0,   102.54,2.0,    32.11,2.0,     1.96,2.0,   2253.4,2.0,   2360.0,2.0,  -999.00,9.0,   0.7418
67,  35MF20030123,  SR03,4.0,1.0,19.0,2.0,20030131.0,-52.3,145.0, 3300,      3.2,   6.5510,  33.7470,2.0,  33.7330,2.0,    307.4,2.0,    303.7,2.0,     0.34,2.0,    23.20,2.0,     1.21,2.0,   2099.6,2.0,   2276.1,2.0,     0.21,2.0,   6.5507
68,  35MF20030123,  SR03,4.0,1.0,18.0,2.0,20030131.0,-52.3,145.0, 3300,      9.8,   6.5580,  33.7470,2.0,-999.0000,9.0,    307.1,2.0,   -999.0,9.0,     0.21,2.0,    21.42,2.0,     1.06,2.0,   2108.1,2.0,   2282.2,2.0,     0.25,2.0,   6.5571
69,  35MF20030123,  SR03,4.0,1.0,17.0,2.0,20030131.0,-52.3,145.0, 3300,     19.7,   6.5550,  33.7470,2.0,  33.7400,2.0,    306.9,2.0,    313.5,2.0,     0.27,2.0,    23.12,2.0,     1.21,2.0,   2100.0,2.0,   2275.6,2.0,     0.24,2.0,   6.5533
70,  35MF20030123,  SR03,4.0,1.0,16.0,2.0,20030131.0,-52.3,145.0, 3300,     30.2,   6.4880,  33.7470,2.0,-999.0000,9.0,    305.8,2.0,   -999.0,9.0,     0.22,2.0,    23.86,2.0,     1.24,2.0,   2102.1,2.0,   2276.5,2.0,     0.21,2.0,   6.4854
71,  35MF20030123,  SR03,4.0,1.0,15.0,2.0,20030131.0,-52.3,145.0, 3300,     39.4,   6.2650,  33.7440,2.0,-999.0000,9.0,    308.8,2.0,   -999.0,9.0,     0.09,2.0,    23.04,2.0,     1.21,2.0,   2111.0,2.0,   2283.5,2.0,     0.22,2.0,   6.2617
72,  35MF20030123,  SR03,4.0,1.0,14.0,2.0,20030131.0,-52.3,145.0, 3300,     49.2,   5.7970,  33.7920,2.0,  33.8020,2.0,    312.8,2.0,    310.3,2.0,     0.15,2.0,    23.15,2.0,     1.25,2.0,   2110.2,2.0,   2279.0,2.0,     0.29,2.0,   5.7930
73,  35MF20030123,  SR03,4.0,1.0,13.0,2.0,20030131.0,-52.3,145.0, 3300,     71.1,   5.4920,  33.8070,2.0,-999.0000,9.0,    312.2,2.0,   -999.0,9.0,     0.36,2.0,    23.61,2.0,     1.29,2.0,   2125.7,2.0,   2287.8,2.0,     0.39,2.0,   5.4864
74,  35MF20030123,  SR03,4.0,1.0,12.0,2.0,20030131.0,-52.3,145.0, 3300,     98.9,   2.8560,  33.8640,2.0,-999.0000,9.0,    314.2,2.0,   -999.0,9.0,     8.82,2.0,    26.70,2.0,     1.64,2.0,   2150.3,2.0,   2290.4,2.0,     0.50,2.0,   2.8502
75,  35MF20030123,  SR03,4.0,1.0,11.0,2.0,20030131.0,-52.3,145.0, 3300,    116.0,   2.5830,  33.8710,2.0,-999.0000,9.0,    314.2,2.0,   -999.0,9.0,    10.91,2.0,    27.47,2.0,     1.61,2.0,   2150.4,2.0,   2284.6,2.0,     0.28,2.0,   2.5765
76,  35MF20030123,  SR03,4.0,1.0,10.0,2.0,20030131.0,-52.3,145.0, 3300,    147.7,   2.5520,  33.9250,2.0,-999.0000,9.0,    304.9,2.0,   -999.0,9.0,    12.90,2.0,    27.13,2.0,     1.52,2.0,   2157.0,2.0,   2288.3,2.0,  -999.00,9.0,   2.5437
77,  35MF20030123,  SR03,4.0,1.0,9.0,2.0,20030131.0,-52.3,145.0, 3300,    198.4,   3.3760,  34.1170,2.0,  34.1290,2.0,    265.6,2.0,    264.8,2.0,    19.11,2.0,    29.69,2.0,     1.76,2.0,   2183.2,2.0,   2297.6,2.0,  -999.00,9.0,   3.3633
78,  35MF20030123,  SR03,4.0,1.0,8.0,2.0,20030131.0,-52.3,145.0, 3300,    249.3,   2.9380,  34.1360,2.0,-999.0000,9.0,    260.2,2.0,   -999.0,9.0,    23.09,2.0,    30.18,2.0,     1.83,2.0,   2187.0,2.0,   2300.9,2.0,  -999.00,9.0,   2.9228
79,  35MF20030123,  SR03,4.0,1.0,7.0,2.0,20030131.0,-52.3,145.0, 3300,    299.8,   2.8500,  34.1740,2.0,-999.0000,9.0,    249.0,2.0,   -999.0,9.0,    25.88,2.0,    31.40,2.0,     1.88,2.0,   2195.3,2.0,   2300.7,2.0,  -999.00,9.0,   2.8318
80,  35MF20030123,  SR03,4.0,1.0,6.0,2.0,20030131.0,-52.3,145.0, 3300,    399.4,   2.8470,  34.2720,2.0,-999.0000,9.0,    219.8,2.0,   -999.0,9.0,    33.34,2.0,    32.29,2.0,     1.93,2.0,   2211.5,2.0,   2306.9,2.0,  -999.00,9.0,   2.8224
81,  35MF20030123,  SR03,4.0,1.0,5.0,2.0,20030131.0,-52.3,145.0, 3300,    498.9,   2.7440,  34.3540,2.0,  34.3550,2.0,    199.6,2.0,    201.7,2.0,    41.18,2.0,    34.27,2.0,     2.06,2.0,   2227.4,2.0,   2315.1,2.0,  -999.00,9.0,   2.7133
82,  35MF20030123,  SR03,4.0,1.0,4.0,2.0,20030131.0,-52.3,145.0, 3300,    598.8,   2.6540,  34.4140,2.0,-999.0000,9.0,    188.6,2.0,   -999.0,9.0,    48.17,2.0,    34.86,2.0,     2.14,2.0,   2239.5,2.0,   2325.1,2.0,  -999.00,9.0,   2.6170
83,  35MF20030123,  SR03,4.0,1.0,3.0,2.0,20030131.0,-52.3,145.0, 3300,    800.5,   2.5370,  34.5480,2.0,-999.0000,9.0,    175.7,2.0,   -999.0,9.0,    58.00,2.0,    34.62,2.0,     2.10,2.0,   2249.5,2.0,   2336.0,2.0,  -999.00,9.0,   2.4868
84,  35MF20030123,  SR03,4.0,1.0,1.0,2.0,20030131.0,-52.3,145.0, 3300,   1002.6,   2.4450,  34.6360,2.0,  34.6360,2.0,    177.9,2.0,    176.3,2.0,    62.35,2.0,    33.66,2.0,     2.06,2.0,   2263.4,3.0,   2347.6,2.0,  -999.00,9.0,   2.3810
85,  35MF20030123,  SR03,4.0,1.0,2.0,2.0,20030131.0,-52.3,145.0, 3300,   1002.8,   2.4440,  34.6370,2.0,-999.0000,9.0,    177.5,2.0,   -999.0,9.0,  -999.00,9.0,  -999.00,9.0,  -999.00,9.0,   -999.0,9.0,   -999.0,9.0,  -999.00,9.0,   2.3800
86,  35MF20030123,  SR03,5.0,1.0,19.0,2.0,20030201.0,-54.59,144.26, 2825,      3.2,   5.0480,  33.7420,2.0,  33.7560,2.0,    322.7,2.0,    322.6,2.0,     0.15,2.0,    23.20,2.0,     1.17,2.0,   2115.1,2.0,   2287.3,2.0,     0.59,2.0,   5.0478
87,  35MF20030123,  SR03,5.0,1.0,18.0,2.0,20030201.0,-54.59,144.26, 2825,     10.1,   5.0460,  33.7420,2.0,-999.0000,9.0,    323.6,2.0,   -999.0,9.0,     0.14,2.0,    21.87,2.0,     1.14,2.0,   2110.5,2.0,   2282.5,2.0,     0.60,2.0,   5.0452
88,  35MF20030123,  SR03,5.0,1.0,22.0,2.0,20030201.0,-54.59,144.26, 2825,     18.3,   5.0520,  33.7410,2.0,-999.0000,9.0,    322.7,2.0,   -999.0,9.0,  -999.00,9.0,  -999.00,9.0,  -999.00,9.0,   -999.0,9.0,   -999.0,9.0,  -999.00,9.0,   5.0506
89,  35MF20030123,  SR03,5.0,1.0,17.0,2.0,20030201.0,-54.59,144.26, 2825,     20.3,   5.0510,  33.7420,2.0,  33.7320,2.0,    322.9,2.0,    323.0,2.0,     0.16,2.0,    22.68,2.0,     1.17,2.0,   2109.4,2.0,   2283.4,2.0,     0.58,2.0,   5.0495
90,  35MF20030123,  SR03,5.0,1.0,16.0,2.0,20030201.0,-54.59,144.26, 2825,     30.4,   5.0530,  33.7410,2.0,-999.0000,9.0,    322.5,2.0,   -999.0,9.0,     0.21,2.0,    22.43,2.0,     1.16,2.0,   2115.3,2.0,   2284.9,2.0,     0.55,2.0,   5.0507
91,  35MF20030123,  SR03,5.0,1.0,21.0,2.0,20030201.0,-54.59,144.26, 2825,     37.2,   5.0480,  33.7410,2.0,-999.0000,9.0,    322.2,2.0,   -999.0,9.0,  -999.00,9.0,  -999.00,9.0,  -999.00,9.0,   -999.0,9.0,   -999.0,9.0,  -999.00,9.0,   5.0452
92,  35MF20030123,  SR03,5.0,1.0,15.0,2.0,20030201.0,-54.59,144.26, 2825,     40.7,   5.0050,  33.7400,2.0,-999.0000,9.0,    323.0,2.0,   -999.0,9.0,     0.13,2.0,    22.52,2.0,     1.18,2.0,   2118.9,2.0,   2287.5,2.0,     0.71,2.0,   5.0019
93,  35MF20030123,  SR03,5.0,1.0,14.0,2.0,20030201.0,-54.59,144.26, 2825,     51.4,   4.6200,  33.7490,2.0,  33.7380,2.0,    325.0,2.0,    324.8,2.0,     0.09,2.0,    22.98,2.0,     1.24,2.0,   2123.7,2.0,   2288.3,2.0,     0.76,2.0,   4.6163
94,  35MF20030123,  SR03,5.0,1.0,20.0,2.0,20030201.0,-54.59,144.26, 2825,     69.5,   4.1300,  33.7570,2.0,-999.0000,9.0,    325.8,2.0,   -999.0,9.0,  -999.00,9.0,  -999.00,9.0,  -999.00,9.0,   -999.0,9.0,   -999.0,9.0,  -999.00,9.0,   4.1253
95,  35MF20030123,  SR03,5.0,1.0,13.0,2.0,20030201.0,-54.59,144.26, 2825,     75.4,   2.0130,  33.7990,2.0,-999.0000,9.0,    336.1,2.0,   -999.0,9.0,     7.21,2.0,    25.85,2.0,     1.80,2.0,   2149.8,2.0,   2288.3,2.0,     1.62,2.0,   2.0091
96,  35MF20030123,  SR03,5.0,1.0,12.0,2.0,20030201.0,-54.59,144.26, 2825,    103.0,   0.8410,  33.8440,2.0,-999.0000,9.0,    330.6,2.0,   -999.0,9.0,    18.43,2.0,    27.25,2.0,     1.80,2.0,   2168.8,2.0,   2294.7,2.0,     0.45,2.0,   0.8367
97,  35MF20030123,  SR03,5.0,1.0,11.0,2.0,20030201.0,-54.59,144.26, 2825,    124.5,   0.5320,  33.8960,2.0,-999.0000,9.0,    324.4,2.0,   -999.0,9.0,    20.57,2.0,    28.15,2.0,     1.83,2.0,   2176.4,2.0,   2296.0,2.0,     0.16,2.0,   0.5271
98,  35MF20030123,  SR03,5.0,1.0,10.0,2.0,20030201.0,-54.59,144.26, 2825,    147.0,   0.7850,  34.0230,2.0,-999.0000,9.0,    290.5,2.0,   -999.0,9.0,    29.92,2.0,    30.45,2.0,     1.92,2.0,   2196.9,2.0,   2303.9,2.0,  -999.00,9.0,   0.7788
99,  35MF20030123,  SR03,5.0,1.0,9.0,2.0,20030201.0,-54.59,144.26, 2825,    201.3,   2.1020,  34.3050,2.0,  34.2850,2.0,    208.9,2.0,    209.5,2.0,    44.20,2.0,    33.63,2.0,     2.14,2.0,   2239.5,2.0,   2321.1,2.0,  -999.00,9.0,   2.0912
100,  35MF20030123,  SR03,5.0,1.0,8.0,2.0,20030201.0,-54.59,144.26, 2825,    249.9,   2.2660,  34.3940,2.0,-999.0000,9.0,    189.9,2.0,   -999.0,9.0,    47.93,2.0,    33.63,2.0,     2.13,2.0,   2252.3,2.0,   2327.7,2.0,  -999.00,9.0,   2.2521
101,  35MF20030123,  SR03,5.0,1.0,7.0,2.0,20030201.0,-54.59,144.26, 2825,    302.1,   2.2730,  34.4580,2.0,-999.0000,9.0,    179.9,2.0,   -999.0,9.0,    55.86,2.0,    33.89,2.0,     2.18,2.0,   2260.4,2.0,   2335.2,2.0,  -999.00,9.0,   2.2560
102,  35MF20030123,  SR03,5.0,1.0,6.0,2.0,20030201.0,-54.59,144.26, 2825,    397.1,   2.2780,  34.5440,2.0,-999.0000,9.0,    173.5,2.0,   -999.0,9.0,    57.84,2.0,    33.59,2.0,     2.18,2.0,   2267.9,3.0,   2343.6,2.0,  -999.00,9.0,   2.2552
103,  35MF20030123,  SR03,5.0,1.0,5.0,2.0,20030201.0,-54.59,144.26, 2825,    500.3,   2.2730,  34.6010,2.0,  34.6020,2.0,    173.3,2.0,    172.8,2.0,    58.58,2.0,    33.90,2.0,     2.07,2.0,   2264.1,3.0,   2346.1,2.0,  -999.00,9.0,   2.2438
104,  35MF20030123,  SR03,5.0,1.0,4.0,2.0,20030201.0,-54.59,144.26, 2825,    596.7,   2.2600,  34.6450,2.0,-999.0000,9.0,    175.4,2.0,   -999.0,9.0,    64.02,2.0,    33.46,2.0,     2.05,2.0,   2268.6,3.0,   2349.8,2.0,  -999.00,9.0,   2.2248
105,  35MF20030123,  SR03,5.0,1.0,3.0,2.0,20030201.0,-54.59,144.26, 2825,    799.9,   2.1460,  34.7070,2.0,-999.0000,9.0,    182.0,2.0,   -999.0,9.0,    63.61,2.0,    31.45,2.0,     1.89,2.0,   2262.4,3.0,   2352.9,2.0,  -999.00,9.0,   2.0981
106,  35MF20030123,  SR03,5.0,1.0,1.0,2.0,20030201.0,-54.59,144.26, 2825,    999.6,   2.0230,  34.7390,2.0,  34.7790,2.0,    191.6,2.0,   -999.0,9.0,    67.62,2.0,    31.68,2.0,     1.89,2.0,   2264.4,3.0,   2361.9,2.0,  -999.00,9.0,   1.9624
107,  35MF20030123,  SR03,5.0,1.0,2.0,2.0,20030201.0,-54.59,144.26, 2825,   1000.5,   2.0230,  34.7390,2.0,-999.0000,9.0,    191.1,2.0,   -999.0,9.0,    68.77,2.0,    30.30,2.0,     1.88,2.0,   -999.0,9.0,   -999.0,9.0,  -999.00,9.0,   1.9623
108,  35MF20030123,  SR03,5.0,1.0,24.0,2.0,20030201.0,-54.59,144.26, 2825,   1000.6,   2.0230,  34.7390,2.0,-999.0000,9.0,    191.3,2.0,   -999.0,9.0,  -999.00,9.0,  -999.00,9.0,  -999.00,9.0,   2271.4,3.0,   2367.0,2.0,  -999.00,9.0,   1.9623
109,  35MF20030123,  SR03,6.0,1.0,24.0,2.0,20030202.0,-57.3,143.34, 3488,      3.9,   4.5640,  33.7680,2.0,  33.7610,2.0,    320.5,2.0,    317.1,2.0,     1.07,2.0,    23.32,2.0,     1.19,2.0,   2121.7,2.0,   2280.9,2.0,     0.54,2.0,   4.5637
110,  35MF20030123,  SR03,6.0,1.0,23.0,2.0,20030202.0,-57.3,143.34, 3488,      9.2,   4.5570,  33.7680,2.0,-999.0000,9.0,    321.5,2.0,   -999.0,9.0,     0.91,2.0,    22.49,2.0,     1.15,2.0,   2108.3,2.0,   2268.1,2.0,     0.61,2.0,   4.5563
111,  35MF20030123,  SR03,6.0,1.0,22.0,2.0,20030202.0,-57.3,143.34, 3488,     34.3,   4.5530,  33.7680,2.0,-999.0000,9.0,    321.4,2.0,   -999.0,9.0,     0.91,2.0,    23.40,2.0,     1.24,2.0,   2109.8,2.0,   2268.2,2.0,     0.47,2.0,   4.5505
112,  35MF20030123,  SR03,6.0,1.0,21.0,2.0,20030202.0,-57.3,143.34, 3488,     49.2,   4.4330,  33.7650,2.0,  33.7720,2.0,    321.8,2.0,    325.6,2.0,     0.73,2.0,    23.61,2.0,     1.23,2.0,   2111.9,2.0,   2270.0,2.0,     0.72,2.0,   4.4295
113,  35MF20030123,  SR03,6.0,1.0,20.0,2.0,20030202.0,-57.3,143.34, 3488,     75.0,   1.0490,  33.8420,2.0,-999.0000,9.0,    328.5,2.0,   -999.0,9.0,    13.77,2.0,    27.53,2.0,     1.76,2.0,   2147.4,2.0,   2276.7,2.0,     0.81,2.0,   1.0458
114,  35MF20030123,  SR03,6.0,1.0,19.0,2.0,20030202.0,-57.3,143.34, 3488,     97.4,   0.6100,  33.8620,2.0,-999.0000,9.0,    325.3,2.0,   -999.0,9.0,    17.57,2.0,    28.30,2.0,     1.72,2.0,   2148.2,2.0,   2270.4,2.0,     0.34,2.0,   0.6061
115,  35MF20030123,  SR03,6.0,1.0,18.0,2.0,20030202.0,-57.3,143.34, 3488,    148.8,   1.6800,  34.1620,2.0,-999.0000,9.0,    254.1,2.0,   -999.0,9.0,    28.47,2.0,    32.78,2.0,     2.03,2.0,   2197.6,2.0,   2286.6,2.0,     0.03,2.0,   1.6726
116,  35MF20030123,  SR03,6.0,1.0,17.0,2.0,20030202.0,-57.3,143.34, 3488,    201.3,   2.0630,  34.2830,2.0,  34.3060,2.0,    216.7,2.0,    217.2,2.0,    43.66,2.0,    34.01,2.0,     2.11,2.0,   2219.3,2.0,   2299.0,2.0,  -999.00,9.0,   2.0522
117,  35MF20030123,  SR03,6.0,1.0,16.0,2.0,20030202.0,-57.3,143.34, 3488,    249.4,   2.2520,  34.3660,2.0,-999.0000,9.0,    196.5,2.0,   -999.0,9.0,    52.42,2.0,    35.07,2.0,     2.17,2.0,   2239.0,2.0,   2313.5,2.0,  -999.00,9.0,   2.2381
118,  35MF20030123,  SR03,6.0,1.0,15.0,2.0,20030202.0,-57.3,143.34, 3488,    300.0,   2.2840,  34.4320,2.0,-999.0000,9.0,    185.4,2.0,   -999.0,9.0,    57.64,2.0,    35.48,2.0,     2.22,2.0,   2258.3,2.0,   2326.2,2.0,  -999.00,9.0,   2.2671
119,  35MF20030123,  SR03,6.0,1.0,14.0,2.0,20030202.0,-57.3,143.34, 3488,    398.0,   2.3120,  34.5090,2.0,-999.0000,9.0,    177.2,2.0,   -999.0,9.0,  -999.00,9.0,  -999.00,9.0,  -999.00,9.0,   -999.0,9.0,   -999.0,9.0,  -999.00,9.0,   2.2891
120,  35MF20030123,  SR03,6.0,1.0,13.0,2.0,20030202.0,-57.3,143.34, 3488,    498.4,   2.2830,  34.5730,2.0,  34.5680,2.0,    174.6,2.0,    174.1,2.0,    67.01,2.0,    34.81,2.0,     2.17,2.0,   2251.1,2.0,   2323.5,2.0,  -999.00,9.0,   2.2539
121,  35MF20030123,  SR03,6.0,1.0,12.0,2.0,20030202.0,-57.3,143.34, 3488,    600.3,   2.2830,  34.6260,2.0,-999.0000,9.0,    175.4,2.0,   -999.0,9.0,    61.49,2.0,    33.98,2.0,     2.12,2.0,   2252.8,2.0,   2330.0,2.0,  -999.00,9.0,   2.2474
122,  35MF20030123,  SR03,6.0,1.0,11.0,2.0,20030202.0,-57.3,143.34, 3488,    797.2,   2.1610,  34.6900,2.0,-999.0000,9.0,    177.7,2.0,   -999.0,9.0,    69.37,2.0,    32.99,2.0,     2.02,2.0,   2252.8,2.0,   2335.6,2.0,  -999.00,9.0,   2.1132
123,  35MF20030123,  SR03,6.0,1.0,10.0,2.0,20030202.0,-57.3,143.34, 3488,   1000.9,   2.0950,  34.7310,2.0,  34.7180,2.0,    184.8,2.0,    185.9,2.0,    72.04,2.0,    31.73,2.0,     1.96,2.0,   2246.5,2.0,   2335.4,2.0,  -999.00,9.0,   2.0338
124,  35MF20030123,  SR03,6.0,1.0,9.0,2.0,20030202.0,-57.3,143.34, 3488,   1251.8,   1.9160,  34.7540,2.0,-999.0000,9.0,    190.9,2.0,   -999.0,9.0,    75.96,2.0,    31.06,2.0,     1.91,2.0,   2259.1,2.0,   2352.3,2.0,  -999.00,9.0,   1.8386
125,  35MF20030123,  SR03,6.0,1.0,8.0,2.0,20030202.0,-57.3,143.34, 3488,   1499.2,   1.6940,  34.7580,2.0,-999.0000,9.0,    194.6,2.0,   -999.0,9.0,    83.03,2.0,    30.71,2.0,     1.86,2.0,   2247.6,2.0,   2344.4,2.0,  -999.00,9.0,   1.6009
126,  35MF20030123,  SR03,6.0,1.0,7.0,2.0,20030202.0,-57.3,143.34, 3488,   1748.5,   1.4910,  34.7540,2.0,-999.0000,9.0,    198.8,2.0,   -999.0,9.0,    85.73,2.0,    31.17,2.0,     1.91,2.0,   2250.8,2.0,   2348.9,2.0,  -999.00,9.0,   1.3816
127,  35MF20030123,  SR03,6.0,1.0,6.0,2.0,20030202.0,-57.3,143.34, 3488,   2024.0,   1.2440,  34.7440,2.0,  34.7330,2.0,    202.1,2.0,    203.9,2.0,    96.19,2.0,    31.47,2.0,     1.92,2.0,   2276.1,3.0,   2371.0,2.0,  -999.00,9.0,   1.1168
128,  35MF20030123,  SR03,6.0,1.0,5.0,2.0,20030202.0,-57.3,143.34, 3488,   2499.7,   0.8530,  34.7240,2.0,-999.0000,9.0,    205.4,2.0,   -999.0,9.0,   106.28,2.0,    32.22,2.0,     2.02,2.0,   2272.2,3.0,   2364.8,2.0,  -999.00,9.0,   0.6939
129,  35MF20030123,  SR03,6.0,1.0,4.0,2.0,20030202.0,-57.3,143.34, 3488,   3003.1,   0.5330,  34.7090,2.0,  34.7070,2.0,    212.2,2.0,    214.3,2.0,   117.48,2.0,    32.87,2.0,     2.05,2.0,   2262.5,2.0,   2355.0,2.0,  -999.00,9.0,   0.3372
130,  35MF20030123,  SR03,6.0,1.0,2.0,2.0,20030202.0,-57.3,143.34, 3488,   3449.9,   0.4660,  34.7040,2.0,-999.0000,9.0,    216.2,2.0,   -999.0,9.0,   121.85,2.0,    32.35,2.0,     2.00,2.0,   2261.6,2.0,   2355.1,2.0,  -999.00,9.0,   0.2307
131,  35MF20030123,  SR03,6.0,1.0,3.0,2.0,20030202.0,-57.3,143.34, 3488,   3449.9,   0.4670,  34.7040,2.0,-999.0000,9.0,    216.3,2.0,   -999.0,9.0,   124.78,2.0,    31.68,3.0,     1.90,3.0,   2263.6,2.0,   2356.8,2.0,  -999.00,9.0,   0.2317
132,  35MF20030123,  SR03,6.0,1.0,1.0,2.0,20030202.0,-57.3,143.34, 3488,   3450.4,   0.4670,  34.7040,2.0,  34.7310,2.0,    216.2,2.0,    211.1,2.0,   123.21,2.0,    32.97,2.0,     2.05,2.0,   2263.3,2.0,   2356.3,2.0,  -999.00,9.0,   0.2316
133,  35MF20030123,  SR03,7.0,1.0,19.0,2.0,20030203.0,-59.53,142.29, 4150,      4.0,   4.1410,  33.7650,2.0,  33.7800,2.0,    321.6,2.0,    320.7,2.0,     3.98,2.0,    25.03,2.0,     1.31,2.0,   2117.9,2.0,   2268.6,2.0,     0.26,2.0,   4.1407
134,  35MF20030123,  SR03,7.0,1.0,23.0,2.0,20030203.0,-59.53,142.29, 4150,      7.4,   4.1390,  33.7650,2.0,-999.0000,9.0,    322.2,2.0,   -999.0,9.0,  -999.00,9.0,  -999.00,9.0,  -999.00,9.0,   -999.0,9.0,   -999.0,9.0,  -999.00,9.0,   4.1385
135,  35MF20030123,  SR03,7.0,1.0,18.0,2.0,20030203.0,-59.53,142.29, 4150,     11.0,   4.1400,  33.7650,2.0,-999.0000,9.0,    321.0,2.0,   -999.0,9.0,     3.75,2.0,    23.60,2.0,     1.19,2.0,   2117.5,2.0,   2268.0,2.0,     0.21,2.0,   4.1392
136,  35MF20030123,  SR03,7.0,1.0,17.0,2.0,20030203.0,-59.53,142.29, 4150,     20.2,   4.1430,  33.7650,2.0,  33.7980,2.0,    320.9,2.0,    319.2,2.0,     4.06,2.0,    25.38,2.0,     1.33,2.0,   2118.8,2.0,   2268.9,2.0,     0.24,2.0,   4.1416
137,  35MF20030123,  SR03,7.0,1.0,16.0,2.0,20030203.0,-59.53,142.29, 4150,     31.2,   4.1440,  33.7650,2.0,-999.0000,9.0,    320.6,2.0,   -999.0,9.0,     4.09,2.0,    25.34,2.0,     1.45,2.0,   2118.1,2.0,   2267.6,2.0,     0.26,2.0,   4.1419
138,  35MF20030123,  SR03,7.0,1.0,15.0,2.0,20030203.0,-59.53,142.29, 4150,     40.4,   4.1490,  33.7650,2.0,-999.0000,9.0,    318.1,2.0,   -999.0,9.0,     4.04,2.0,    25.24,2.0,     1.33,2.0,   2125.4,2.0,   2275.5,2.0,     0.18,2.0,   4.1462
139,  35MF20030123,  SR03,7.0,1.0,22.0,2.0,20030203.0,-59.53,142.29, 4150,     40.7,   4.1490,  33.7660,2.0,-999.0000,9.0,    318.8,2.0,   -999.0,9.0,  -999.00,9.0,  -999.00,9.0,  -999.00,9.0,   -999.0,9.0,   -999.0,9.0,  -999.00,9.0,   4.1462
140,  35MF20030123,  SR03,7.0,1.0,24.0,2.0,20030203.0,-59.53,142.29, 4150,     52.0,   4.0890,  33.7660,2.0,-999.0000,9.0,    319.0,2.0,   -999.0,9.0,  -999.00,9.0,  -999.00,9.0,  -999.00,9.0,   -999.0,9.0,   -999.0,9.0,  -999.00,9.0,   4.0855
141,  35MF20030123,  SR03,7.0,1.0,14.0,2.0,20030203.0,-59.53,142.29, 4150,     52.6,   4.0900,  33.7640,2.0,  33.7530,2.0,    318.5,2.0,    321.3,2.0,     3.83,2.0,    25.26,2.0,     1.31,2.0,   2127.7,2.0,   2278.5,2.0,     0.28,2.0,   4.0864
142,  35MF20030123,  SR03,7.0,1.0,13.0,2.0,20030203.0,-59.53,142.29, 4150,     74.0,   1.9010,  33.8510,2.0,-999.0000,9.0,    333.2,2.0,   -999.0,9.0,    14.12,2.0,    26.98,2.0,     1.55,2.0,   2157.9,2.0,   2290.8,2.0,     0.37,2.0,   1.8973
143,  35MF20030123,  SR03,7.0,1.0,21.0,2.0,20030203.0,-59.53,142.29, 4150,     74.9,   1.9560,  33.8540,2.0,-999.0000,9.0,    332.8,2.0,   -999.0,9.0,  -999.00,9.0,  -999.00,9.0,  -999.00,9.0,   -999.0,9.0,   -999.0,9.0,  -999.00,9.0,   1.9522
144,  35MF20030123,  SR03,7.0,1.0,12.0,2.0,20030203.0,-59.53,142.29, 4150,    100.7,   0.2180,  33.8950,2.0,-999.0000,9.0,    331.8,2.0,   -999.0,9.0,    19.53,2.0,    28.77,2.0,     1.78,2.0,   2167.0,2.0,   2287.0,2.0,     0.40,2.0,   0.2143
145,  35MF20030123,  SR03,7.0,1.0,11.0,2.0,20030203.0,-59.53,142.29, 4150,    123.9,   0.1700,  33.9640,2.0,-999.0000,9.0,    315.9,2.0,   -999.0,9.0,    22.58,2.0,    30.02,2.0,     1.84,2.0,   2179.9,2.0,   2291.4,2.0,     0.20,2.0,   0.1655
146,  35MF20030123,  SR03,7.0,1.0,10.0,2.0,20030203.0,-59.53,142.29, 4150,    149.9,   1.5710,  34.2440,2.0,-999.0000,9.0,    226.7,2.0,   -999.0,9.0,    44.21,2.0,    34.59,2.0,     2.10,2.0,   2226.7,2.0,   2306.2,2.0,  -999.00,9.0,   1.5637
147,  35MF20030123,  SR03,7.0,1.0,20.0,2.0,20030203.0,-59.53,142.29, 4150,    151.2,   1.5870,  34.2470,2.0,-999.0000,9.0,    227.2,2.0,   -999.0,9.0,  -999.00,9.0,  -999.00,9.0,  -999.00,9.0,   -999.0,9.0,   -999.0,9.0,  -999.00,9.0,   1.5796
148,  35MF20030123,  SR03,7.0,1.0,9.0,2.0,20030203.0,-59.53,142.29, 4150,    200.6,   2.0740,  34.3870,2.0,  34.3750,2.0,    191.3,2.0,    192.0,2.0,    54.89,2.0,    36.05,2.0,     2.24,2.0,   2238.4,2.0,   2307.0,2.0,  -999.00,9.0,   2.0632
149,  35MF20030123,  SR03,7.0,1.0,8.0,2.0,20030203.0,-59.53,142.29, 4150,    247.8,   2.1710,  34.4460,2.0,-999.0000,9.0,    181.8,2.0,   -999.0,9.0,    59.55,2.0,    35.98,2.0,     2.22,2.0,   2233.9,2.0,   2336.2,2.0,  -999.00,9.0,   2.1573
150,  35MF20030123,  SR03,7.0,1.0,7.0,2.0,20030203.0,-59.53,142.29, 4150,    298.3,   2.2130,  34.5030,2.0,-999.0000,9.0,    175.1,2.0,   -999.0,9.0,    63.00,2.0,    35.86,2.0,     2.21,2.0,   -999.0,9.0,   -999.0,9.0,  -999.00,9.0,   2.1963
151,  35MF20030123,  SR03,7.0,1.0,6.0,2.0,20030203.0,-59.53,142.29, 4150,    399.0,   2.2380,  34.5750,2.0,-999.0000,9.0,    171.7,2.0,   -999.0,9.0,    65.15,2.0,    35.28,2.0,     2.18,2.0,   2247.5,2.0,   2328.5,2.0,  -999.00,9.0,   2.2152
152,  35MF20030123,  SR03,7.0,1.0,5.0,2.0,20030203.0,-59.53,142.29, 4150,    499.6,   2.2350,  34.6260,2.0,  34.6140,2.0,    172.5,2.0,    173.8,2.0,    67.14,2.0,    34.65,2.0,     2.13,2.0,   2249.3,2.0,   2329.4,2.0,  -999.00,9.0,   2.2060
153,  35MF20030123,  SR03,7.0,1.0,4.0,2.0,20030203.0,-59.53,142.29, 4150,    609.5,   2.2030,  34.6640,2.0,-999.0000,9.0,    175.7,2.0,   -999.0,9.0,    69.38,2.0,    33.84,2.0,     2.05,2.0,   2248.8,2.0,   2332.6,2.0,  -999.00,9.0,   2.1672
154,  35MF20030123,  SR03,7.0,1.0,3.0,2.0,20030203.0,-59.53,142.29, 4150,    799.4,   2.1340,  34.7180,2.0,-999.0000,9.0,    184.2,2.0,   -999.0,9.0,    68.28,2.0,    31.62,2.0,     1.90,2.0,   2242.3,2.0,   2334.3,2.0,  -999.00,9.0,   2.0862
155,  35MF20030123,  SR03,7.0,1.0,2.0,2.0,20030203.0,-59.53,142.29, 4150,   1000.7,   2.0310,  34.7440,2.0,-999.0000,9.0,    192.7,2.0,   -999.0,9.0,    74.96,2.0,    31.70,2.0,     1.94,2.0,   2244.3,2.0,   2340.5,2.0,  -999.00,9.0,   1.9703
156,  35MF20030123,  SR03,7.0,1.0,1.0,2.0,20030203.0,-59.53,142.29, 4150,   1000.7,   2.0310,  34.7440,2.0,  34.7720,2.0,    191.7,2.0,    189.6,2.0,    72.78,2.0,    31.66,2.0,     1.90,2.0,   -999.0,9.0,   -999.0,9.0,  -999.00,9.0,   1.9703
157,  35MF20030123,  SR03,8.0,1.0,19.0,2.0,20030203.0,-62.3,141.55, 4160,      3.4,   2.6380,  33.7690,2.0,  33.7750,2.0,    325.4,2.0,    325.7,2.0,    19.19,2.0,    27.00,2.0,     1.60,2.0,   2135.5,2.0,   2270.9,2.0,     0.08,2.0,   2.6378
158,  35MF20030123,  SR03,8.0,1.0,18.0,2.0,20030203.0,-62.3,141.55, 4160,     10.1,   2.6360,  33.7710,2.0,-999.0000,9.0,    337.5,2.0,   -999.0,9.0,    19.48,2.0,    27.02,2.0,     1.59,2.0,   2138.4,2.0,   2272.4,2.0,     0.07,2.0,   2.6354
159,  35MF20030123,  SR03,8.0,1.0,17.0,2.0,20030203.0,-62.3,141.55, 4160,     19.9,   2.6360,  33.7730,2.0,  33.7760,2.0,    325.6,2.0,    325.6,2.0,    19.30,2.0,    27.06,2.0,     1.59,2.0,   2140.9,2.0,   2277.5,2.0,     0.07,2.0,   2.6349
160,  35MF20030123,  SR03,8.0,1.0,16.0,2.0,20030203.0,-62.3,141.55, 4160,     29.0,   2.6370,  33.7740,2.0,-999.0000,9.0,   -999.0,9.0,   -999.0,9.0,    18.23,2.0,    27.03,2.0,     1.56,2.0,   2140.4,2.0,   2275.0,2.0,     0.07,2.0,   2.6354
161,  35MF20030123,  SR03,8.0,1.0,15.0,2.0,20030203.0,-62.3,141.55, 4160,     41.5,   2.6370,  33.7710,2.0,-999.0000,9.0,   -999.0,9.0,   -999.0,9.0,    18.22,2.0,    26.95,2.0,     1.62,2.0,   2140.5,2.0,   2273.6,2.0,     0.07,2.0,   2.6347
162,  35MF20030123,  SR03,8.0,1.0,14.0,2.0,20030203.0,-62.3,141.55, 4160,     49.4,   2.5790,  33.7740,2.0,  33.7740,2.0,   -999.0,9.0,   -999.0,9.0,    19.31,2.0,    26.98,2.0,     1.61,2.0,   2143.1,2.0,   2275.6,2.0,     0.07,2.0,   2.5763
163,  35MF20030123,  SR03,8.0,1.0,23.0,2.0,20030203.0,-62.3,141.55, 4160,     49.8,   2.5990,-999.0000,9.0,-999.0000,9.0,    312.8,2.0,    312.8,2.0,  -999.00,9.0,  -999.00,9.0,  -999.00,9.0,   -999.0,9.0,   -999.0,9.0,  -999.00,9.0,-999.0000
164,  35MF20030123,  SR03,8.0,1.0,13.0,2.0,20030203.0,-62.3,141.55, 4160,     74.9,  -0.4630,  34.0090,2.0,-999.0000,9.0,   -999.0,9.0,   -999.0,9.0,    23.75,2.0,    29.11,2.0,     1.76,2.0,   2160.8,2.0,   2282.1,2.0,     0.11,2.0,  -0.4653
165,  35MF20030123,  SR03,8.0,1.0,12.0,2.0,20030203.0,-62.3,141.55, 4160,     98.8,   0.5750,  34.3320,2.0,-999.0000,9.0,   -999.0,9.0,   -999.0,9.0,    36.53,2.0,    32.48,2.0,     1.98,2.0,   2193.7,2.0,   2291.6,2.0,     0.44,2.0,   0.5710
166,  35MF20030123,  SR03,8.0,1.0,11.0,2.0,20030203.0,-62.3,141.55, 4160,    126.6,   1.8470,  34.4270,2.0,-999.0000,9.0,   -999.0,9.0,   -999.0,9.0,    55.12,2.0,    35.83,2.0,     2.21,2.0,   2239.6,2.0,   2310.7,2.0,     0.24,2.0,   1.8405
167,  35MF20030123,  SR03,8.0,1.0,10.0,2.0,20030203.0,-62.3,141.55, 4160,    148.0,   2.0050,  34.4730,2.0,-999.0000,9.0,    178.2,2.0,   -999.0,9.0,  -999.00,9.0,  -999.00,9.0,  -999.00,9.0,   -999.0,9.0,   -999.0,9.0,  -999.00,9.0,   1.9972
168,  35MF20030123,  SR03,8.0,1.0,9.0,2.0,20030203.0,-62.3,141.55, 4160,    203.0,   2.0190,  34.5230,2.0,  34.5240,2.0,    171.4,2.0,    175.0,2.0,    60.14,2.0,    35.66,2.0,     2.20,2.0,   2249.7,2.0,   2316.9,2.0,  -999.00,9.0,   2.0081
169,  35MF20030123,  SR03,8.0,1.0,8.0,2.0,20030203.0,-62.3,141.55, 4160,    251.3,   2.0560,  34.5710,2.0,-999.0000,9.0,    170.0,2.0,   -999.0,9.0,    61.38,2.0,    35.25,2.0,     2.19,2.0,   2252.2,2.0,   2323.1,2.0,  -999.00,9.0,   2.0423
170,  35MF20030123,  SR03,8.0,1.0,7.0,2.0,20030203.0,-62.3,141.55, 4160,    299.9,   2.0940,  34.6140,2.0,-999.0000,9.0,    174.0,2.0,   -999.0,9.0,    65.78,2.0,    34.57,2.0,     2.14,2.0,   2255.6,2.0,   2330.8,2.0,  -999.00,9.0,   2.0774
171,  35MF20030123,  SR03,8.0,1.0,6.0,2.0,20030203.0,-62.3,141.55, 4160,    401.0,   2.0870,  34.6610,2.0,-999.0000,9.0,    187.8,2.0,   -999.0,9.0,    67.34,2.0,    33.73,2.0,     2.08,2.0,   2252.5,2.0,   2332.3,2.0,  -999.00,9.0,   2.0645
172,  35MF20030123,  SR03,8.0,1.0,5.0,2.0,20030203.0,-62.3,141.55, 4160,    499.5,   2.0470,  34.6860,2.0,  34.7050,2.0,    182.5,2.0,    178.6,2.0,    69.45,2.0,    33.32,2.0,     2.01,2.0,   2250.2,2.0,   2332.5,2.0,  -999.00,9.0,   2.0187
173,  35MF20030123,  SR03,8.0,1.0,4.0,2.0,20030203.0,-62.3,141.55, 4160,    599.8,   2.0230,  34.7100,2.0,-999.0000,9.0,    189.8,2.0,   -999.0,9.0,    69.84,2.0,    32.43,2.0,     1.94,2.0,   2255.6,2.0,   2343.7,2.0,  -999.00,9.0,   1.9886
174,  35MF20030123,  SR03,8.0,1.0,3.0,2.0,20030203.0,-62.3,141.55, 4160,    799.0,   1.9130,  34.7360,2.0,-999.0000,9.0,   -999.0,9.0,   -999.0,9.0,    71.93,2.0,    31.57,2.0,     1.92,2.0,   2248.6,2.0,   2341.1,2.0,  -999.00,9.0,   1.8666
175,  35MF20030123,  SR03,8.0,1.0,1.0,2.0,20030203.0,-62.3,141.55, 4160,   1004.2,   1.7620,  34.7510,2.0,  34.7450,2.0,    179.1,2.0,    179.1,2.0,    77.19,2.0,    31.30,2.0,     1.91,2.0,   2238.4,2.0,   2333.9,2.0,  -999.00,9.0,   1.7031
176,  35MF20030123,  SR03,8.0,1.0,24.0,2.0,20030203.0,-62.3,141.55, 4160,   1004.3,   1.7650,  34.7450,2.0,-999.0000,9.0,   -999.0,9.0,   -999.0,9.0,  -999.00,9.0,  -999.00,9.0,  -999.00,9.0,   -999.0,9.0,   -999.0,9.0,  -999.00,9.0,   1.7061
177,  35MF20030123,  SR03,8.0,1.0,2.0,2.0,20030203.0,-62.3,141.55, 4160,   1005.0,   1.7610,  34.7490,2.0,-999.0000,9.0,   -999.0,9.0,   -999.0,9.0,    78.59,2.0,    31.09,2.0,     1.90,2.0,   2248.7,2.0,   2346.3,2.0,  -999.00,9.0,   1.7021
178,  35MF20030123,  SR03,9.0,1.0,24.0,2.0,20030204.0,-64.0,141.55, 3692,      4.9,   2.1560,  33.8180,2.0,  33.8320,2.0,    322.5,2.0,    329.4,2.0,    24.19,2.0,    27.85,2.0,     1.60,2.0,   2144.0,2.0,   2278.1,2.0,     0.06,2.0,   2.1557
179,  35MF20030123,  SR03,9.0,1.0,23.0,2.0,20030204.0,-64.0,141.55, 3692,     11.2,   2.1780,  33.8180,2.0,-999.0000,9.0,    322.5,2.0,   -999.0,9.0,    24.06,2.0,    27.54,2.0,     1.61,2.0,   2147.3,2.0,   2277.9,2.0,     0.06,2.0,   2.1774
180,  35MF20030123,  SR03,9.0,1.0,22.0,2.0,20030204.0,-64.0,141.55, 3692,     29.6,   1.9260,  33.8250,2.0,-999.0000,9.0,    323.1,2.0,   -999.0,9.0,    23.64,2.0,    27.67,2.0,     1.65,2.0,   2142.0,2.0,   2273.7,2.0,     0.07,2.0,   1.9245
181,  35MF20030123,  SR03,9.0,1.0,21.0,2.0,20030204.0,-64.0,141.55, 3692,     49.7,  -0.5060,  34.0290,2.0,  34.0640,2.0,    320.2,2.0,    314.1,2.0,    31.18,2.0,    30.24,2.0,     1.81,2.0,   2176.0,2.0,   2289.7,2.0,     0.09,2.0,  -0.5075
182,  35MF20030123,  SR03,9.0,1.0,20.0,2.0,20030204.0,-64.0,141.55, 3692,     69.6,   1.0460,  34.3000,2.0,-999.0000,9.0,    239.8,2.0,   -999.0,9.0,    42.77,2.0,    33.50,2.0,     2.05,2.0,   2215.2,2.0,   2304.6,2.0,     0.40,2.0,   1.0429
183,  35MF20030123,  SR03,9.0,1.0,19.0,2.0,20030204.0,-64.0,141.55, 3692,     99.5,   1.8990,  34.4980,2.0,-999.0000,9.0,    183.0,2.0,   -999.0,9.0,    58.36,2.0,    35.35,2.0,     2.17,2.0,   2248.3,2.0,   2319.5,2.0,     0.33,2.0,   1.8939
184,  35MF20030123,  SR03,9.0,1.0,18.0,2.0,20030204.0,-64.0,141.55, 3692,    148.0,   1.9710,  34.5800,2.0,-999.0000,9.0,    174.4,2.0,   -999.0,9.0,    66.22,2.0,    35.09,2.0,     2.18,2.0,   2249.7,2.0,   2322.4,2.0,     0.03,2.0,   1.9632
185,  35MF20030123,  SR03,9.0,1.0,17.0,2.0,20030204.0,-64.0,141.55, 3692,    196.4,   2.0150,  34.6290,2.0,  34.6200,2.0,    174.2,2.0,    174.2,2.0,    68.62,2.0,    34.55,2.0,     2.11,2.0,   2253.3,2.0,   2328.2,2.0,  -999.00,9.0,   2.0045
186,  35MF20030123,  SR03,9.0,1.0,16.0,2.0,20030204.0,-64.0,141.55, 3692,    248.9,   2.0170,  34.6560,2.0,-999.0000,9.0,    176.0,2.0,   -999.0,9.0,    71.60,2.0,    34.02,2.0,     2.09,2.0,   2251.1,2.0,   2330.3,2.0,  -999.00,9.0,   2.0035
187,  35MF20030123,  SR03,9.0,1.0,15.0,2.0,20030204.0,-64.0,141.55, 3692,    298.0,   1.9680,  34.6740,2.0,-999.0000,9.0,    177.6,2.0,   -999.0,9.0,    69.97,2.0,    33.72,2.0,     2.01,2.0,   2252.4,2.0,   2334.5,2.0,  -999.00,9.0,   1.9518
188,  35MF20030123,  SR03,9.0,1.0,14.0,2.0,20030204.0,-64.0,141.55, 3692,    399.2,   1.9450,  34.7100,2.0,-999.0000,9.0,    181.9,2.0,   -999.0,9.0,    70.34,2.0,    32.82,2.0,     2.00,2.0,   2252.6,2.0,   2340.5,2.0,  -999.00,9.0,   1.9230
189,  35MF20030123,  SR03,9.0,1.0,13.0,2.0,20030204.0,-64.0,141.55, 3692,    498.4,   1.8860,  34.7280,2.0,  34.7210,2.0,    185.5,2.0,    185.7,2.0,    71.48,2.0,    32.40,2.0,     1.96,2.0,   2246.2,2.0,   2335.4,2.0,  -999.00,9.0,   1.8584
190,  35MF20030123,  SR03,9.0,1.0,12.0,2.0,20030204.0,-64.0,141.55, 3692,    600.0,   1.8480,  34.7470,2.0,-999.0000,9.0,    188.8,2.0,   -999.0,9.0,    71.26,2.0,    31.93,2.0,     1.91,2.0,   2246.8,2.0,   2340.7,2.0,  -999.00,9.0,   1.8144
191,  35MF20030123,  SR03,9.0,1.0,11.0,2.0,20030204.0,-64.0,141.55, 3692,    800.8,   1.6350,  34.7480,2.0,-999.0000,9.0,    193.3,2.0,   -999.0,9.0,    74.83,2.0,    31.72,2.0,     1.88,2.0,   2242.8,2.0,   2341.9,2.0,  -999.00,9.0,   1.5902
192,  35MF20030123,  SR03,9.0,1.0,10.0,2.0,20030204.0,-64.0,141.55, 3692,    999.9,   1.4860,  34.7530,2.0,  34.7640,2.0,    197.9,2.0,    198.5,2.0,    84.04,2.0,    31.40,2.0,     1.91,2.0,   2240.6,2.0,   2344.9,2.0,  -999.00,9.0,   1.4296
193,  35MF20030123,  SR03,9.0,1.0,9.0,2.0,20030204.0,-64.0,141.55, 3692,   1198.8,   1.3170,  34.7480,2.0,-999.0000,9.0,    199.8,2.0,   -999.0,9.0,    86.77,2.0,    31.62,2.0,     1.90,2.0,   2245.0,2.0,   2348.1,2.0,  -999.00,9.0,   1.2491
194,  35MF20030123,  SR03,9.0,1.0,8.0,2.0,20030204.0,-64.0,141.55, 3692,   1498.1,   1.0800,  34.7390,2.0,-999.0000,9.0,    203.5,2.0,   -999.0,9.0,    91.68,2.0,    31.90,2.0,     1.90,2.0,   2247.3,2.0,   2350.8,2.0,  -999.00,9.0,   0.9942
195,  35MF20030123,  SR03,9.0,1.0,7.0,2.0,20030204.0,-64.0,141.55, 3692,   1749.6,   0.8660,  34.7270,2.0,-999.0000,9.0,    205.5,2.0,   -999.0,9.0,    97.24,2.0,    32.29,2.0,     1.97,2.0,   2254.0,2.0,   2353.4,2.0,  -999.00,9.0,   0.7651
196,  35MF20030123,  SR03,9.0,1.0,6.0,2.0,20030204.0,-64.0,141.55, 3692,   1997.8,   0.6670,  34.7160,2.0,-999.0000,9.0,    208.4,2.0,    209.4,2.0,    99.12,2.0,    32.66,2.0,     1.99,2.0,   2259.3,2.0,   2356.8,2.0,  -999.00,9.0,   0.5509
197,  35MF20030123,  SR03,9.0,1.0,5.0,2.0,20030204.0,-64.0,141.55, 3692,   2498.8,   0.3210,  34.7000,2.0,-999.0000,9.0,    216.4,2.0,   -999.0,9.0,   106.52,2.0,    32.95,2.0,     1.99,2.0,   2256.4,2.0,   2351.8,2.0,  -999.00,9.0,   0.1722
198,  35MF20030123,  SR03,9.0,1.0,4.0,2.0,20030204.0,-64.0,141.55, 3692,   2997.3,   0.1140,  34.6920,2.0,  34.6840,2.0,    224.3,2.0,    224.5,2.0,   104.75,2.0,    32.90,2.0,     1.99,2.0,   2254.5,2.0,   2347.9,2.0,  -999.00,9.0,  -0.0718
199,  35MF20030123,  SR03,9.0,1.0,3.0,2.0,20030204.0,-64.0,141.55, 3692,   3498.0,  -0.0970,  34.6810,2.0,-999.0000,9.0,    235.6,2.0,   -999.0,9.0,   105.16,2.0,    32.96,2.0,     2.01,2.0,   2252.8,2.0,   2350.5,2.0,  -999.00,9.0,  -0.3223
200,  35MF20030123,  SR03,9.0,1.0,2.0,2.0,20030204.0,-64.0,141.55, 3692,   3605.8,  -0.2010,  34.6720,2.0,-999.0000,9.0,    241.9,2.0,   -999.0,9.0,  -999.00,9.0,  -999.00,9.0,  -999.00,9.0,   -999.0,9.0,   -999.0,9.0,  -999.00,9.0,  -0.4336
201,  35MF20030123,  SR03,9.0,1.0,1.0,2.0,20030204.0,-64.0,141.55, 3692,   3606.0,  -0.2010,  34.6720,2.0,  34.6650,2.0,    241.4,2.0,    238.6,2.0,   103.13,2.0,    32.48,2.0,     1.97,2.0,   2245.4,2.0,   2345.3,2.0,  -999.00,9.0,  -0.4336
202,  35MF20030123,  SR03,10.0,1.0,4.0,2.0,20030208.0,-66.03,138.32,  738,     10.4,  -0.3600,  34.0960,2.0,-999.0000,9.0,    355.8,2.0,   -999.0,9.0,  -999.00,9.0,  -999.00,9.0,  -999.00,9.0,   -999.0,9.0,   -999.0,9.0,  -999.00,9.0,  -0.3603
203,  35MF20030123,  SR03,10.0,1.0,2.0,2.0,20030208.0,-66.03,138.32,  738,     12.1,  -0.3600,  34.0960,2.0,-999.0000,9.0,    354.9,2.0,   -999.0,9.0,  -999.00,9.0,  -999.00,9.0,  -999.00,9.0,   -999.0,9.0,   -999.0,9.0,  -999.00,9.0,  -0.3604
204,  35MF20030123,  SR03,10.0,1.0,3.0,2.0,20030208.0,-66.03,138.32,  738,     12.3,  -0.3600,  34.0960,2.0,  34.1020,2.0,    355.1,2.0,   -999.0,9.0,    39.26,2.0,    26.28,2.0,     1.55,2.0,   2163.2,2.0,   2299.3,2.0,     0.65,2.0,  -0.3604
205,  35MF20030123,  SR03,10.0,1.0,1.0,2.0,20030208.0,-66.03,138.32,  738,     12.7,  -0.3610,  34.0960,2.0,-999.0000,9.0,    354.8,2.0,   -999.0,9.0,  -999.00,9.0,  -999.00,9.0,  -999.00,9.0,   -999.0,9.0,   -999.0,9.0,  -999.00,9.0,  -0.3614
206,  35MF20030123,  SR03,10.0,1.0,6.0,2.0,20030208.0,-66.03,138.32,  738,     29.5,  -0.3630,  34.0960,2.0,-999.0000,9.0,    354.4,2.0,   -999.0,9.0,  -999.00,9.0,  -999.00,9.0,  -999.00,9.0,   -999.0,9.0,   -999.0,9.0,  -999.00,9.0,  -0.3639
207,  35MF20030123,  SR03,10.0,1.0,5.0,2.0,20030208.0,-66.03,138.32,  738,     29.9,  -0.3630,  34.0960,2.0,-999.0000,9.0,    354.1,2.0,   -999.0,9.0,  -999.00,9.0,  -999.00,9.0,  -999.00,9.0,   -999.0,9.0,   -999.0,9.0,  -999.00,9.0,  -0.3639
208,  35MF20030123,  SR03,10.0,1.0,21.0,2.0,20030208.0,-66.03,138.32,  738,     49.0,  -0.3620,  34.0960,2.0,-999.0000,9.0,    353.7,2.0,   -999.0,9.0,  -999.00,9.0,  -999.00,9.0,  -999.00,9.0,   -999.0,9.0,   -999.0,9.0,  -999.00,9.0,  -0.3635
209,  35MF20030123,  SR03,10.0,1.0,24.0,2.0,20030208.0,-66.03,138.32,  738,     49.1,  -0.3630,  34.0960,2.0,-999.0000,9.0,    353.0,2.0,   -999.0,9.0,  -999.00,9.0,  -999.00,9.0,  -999.00,9.0,   -999.0,9.0,   -999.0,9.0,  -999.00,9.0,  -0.3645
210,  35MF20030123,  SR03,10.0,1.0,22.0,2.0,20030208.0,-66.03,138.32,  738,     49.4,  -0.3620,  34.0960,2.0,-999.0000,9.0,    354.0,2.0,   -999.0,9.0,  -999.00,9.0,  -999.00,9.0,  -999.00,9.0,   -999.0,9.0,   -999.0,9.0,  -999.00,9.0,  -0.3636
211,  35MF20030123,  SR03,10.0,1.0,23.0,2.0,20030208.0,-66.03,138.32,  738,     49.5,  -0.3640,  34.0960,2.0,-999.0000,9.0,    353.4,2.0,   -999.0,9.0,  -999.00,9.0,  -999.00,9.0,  -999.00,9.0,   -999.0,9.0,   -999.0,9.0,  -999.00,9.0,  -0.3656
212,  35MF20030123,  SR03,10.0,1.0,20.0,2.0,20030208.0,-66.03,138.32,  738,     49.5,  -0.3620,  34.0960,2.0,  34.0880,2.0,    353.8,2.0,    353.2,2.0,    41.34,2.0,    26.25,2.0,     1.53,2.0,   2161.7,2.0,   2296.4,2.0,     0.67,2.0,  -0.3636
213,  35MF20030123,  SR03,10.0,1.0,7.0,2.0,20030208.0,-66.03,138.32,  738,     49.7,  -0.3620,  34.0960,2.0,-999.0000,9.0,    353.2,2.0,   -999.0,9.0,  -999.00,9.0,  -999.00,9.0,  -999.00,9.0,   -999.0,9.0,   -999.0,9.0,  -999.00,9.0,  -0.3636
214,  35MF20030123,  SR03,10.0,1.0,8.0,2.0,20030208.0,-66.03,138.32,  738,     49.8,  -0.3610,  34.0960,2.0,-999.0000,9.0,    353.7,2.0,   -999.0,9.0,  -999.00,9.0,  -999.00,9.0,  -999.00,9.0,   -999.0,9.0,   -999.0,9.0,  -999.00,9.0,  -0.3626
215,  35MF20030123,  SR03,10.0,1.0,9.0,2.0,20030208.0,-66.03,138.32,  738,     74.9,  -0.7060,  34.2430,2.0,-999.0000,9.0,    336.1,2.0,   -999.0,9.0,  -999.00,9.0,  -999.00,9.0,  -999.00,9.0,   -999.0,9.0,   -999.0,9.0,  -999.00,9.0,  -0.7082
216,  35MF20030123,  SR03,10.0,1.0,10.0,2.0,20030208.0,-66.03,138.32,  738,     75.2,  -0.7030,  34.2410,2.0,-999.0000,9.0,    336.0,2.0,   -999.0,9.0,  -999.00,9.0,  -999.00,9.0,  -999.00,9.0,   -999.0,9.0,   -999.0,9.0,  -999.00,9.0,  -0.7052
217,  35MF20030123,  SR03,10.0,1.0,11.0,2.0,20030208.0,-66.03,138.32,  738,    100.0,  -0.7140,  34.3990,2.0,-999.0000,9.0,    337.8,2.0,   -999.0,9.0,  -999.00,9.0,  -999.00,9.0,  -999.00,9.0,   -999.0,9.0,   -999.0,9.0,  -999.00,9.0,  -0.7169
218,  35MF20030123,  SR03,10.0,1.0,19.0,2.0,20030208.0,-66.03,138.32,  738,    100.2,  -0.7170,  34.3990,2.0,-999.0000,9.0,    337.0,2.0,   -999.0,9.0,    40.77,2.0,    28.04,2.0,     1.74,2.0,   2201.5,2.0,   2321.1,2.0,     0.31,2.0,  -0.7199
219,  35MF20030123,  SR03,10.0,1.0,12.0,2.0,20030208.0,-66.03,138.32,  738,    101.2,  -0.7120,  34.3990,2.0,-999.0000,9.0,    337.4,2.0,   -999.0,9.0,  -999.00,9.0,  -999.00,9.0,  -999.00,9.0,   -999.0,9.0,   -999.0,9.0,  -999.00,9.0,  -0.7150
220,  35MF20030123,  SR03,10.0,1.0,18.0,2.0,20030208.0,-66.03,138.32,  738,    201.3,  -1.1660,  34.4680,2.0,  34.4650,2.0,    326.4,2.0,    327.6,2.0,    44.50,2.0,    29.47,2.0,     1.86,2.0,   2209.9,2.0,   2318.9,2.0,  -999.00,9.0,  -1.1714
221,  35MF20030123,  SR03,10.0,1.0,17.0,2.0,20030208.0,-66.03,138.32,  738,    401.2,  -1.5460,  34.5130,2.0,-999.0000,9.0,    305.3,2.0,   -999.0,9.0,    52.24,2.0,    31.24,2.0,     1.91,2.0,   2224.5,2.0,   2323.2,2.0,  -999.00,9.0,  -1.5562
222,  35MF20030123,  SR03,10.0,1.0,13.0,2.0,20030208.0,-66.03,138.32,  738,    492.4,  -1.5940,  34.5250,2.0,-999.0000,9.0,    306.3,2.0,   -999.0,9.0,    51.45,2.0,    31.36,2.0,     1.90,2.0,   2224.3,2.0,   2322.4,2.0,  -999.00,9.0,  -1.6068
223,  35MF20030123,  SR03,10.0,1.0,16.0,2.0,20030208.0,-66.03,138.32,  738,    545.8,  -1.5810,  34.5340,2.0,  34.5360,2.0,    302.3,2.0,    301.7,2.0,    56.15,2.0,    31.52,2.0,     1.82,2.0,   2226.1,2.0,   2322.9,2.0,  -999.00,9.0,  -1.5955
224,  35MF20030123,  SR03,10.0,1.0,15.0,2.0,20030208.0,-66.03,138.32,  738,    699.0,  -1.4620,  34.5710,2.0,-999.0000,9.0,    294.2,2.0,   -999.0,9.0,  -999.00,9.0,  -999.00,9.0,  -999.00,9.0,   -999.0,9.0,   -999.0,9.0,  -999.00,9.0,  -1.4823
225,  35MF20030123,  SR03,10.0,1.0,14.0,2.0,20030208.0,-66.03,138.32,  738,    700.7,  -1.4660,  34.5710,2.0,-999.0000,9.0,    294.3,2.0,   -999.0,9.0,    58.02,2.0,    31.62,2.0,     1.95,2.0,   2227.0,2.0,   2324.1,2.0,  -999.00,9.0,  -1.4864
