,EXPOCODE,STNNBR,CASTNO,BTLNBR,BTLNBR_FLAG_W,DATE,TIME,LATITUDE,LONGITUDE,DEPTH,CTDPRS,CTDTMP,CTDSAL,CTDSAL_FLAG_W,CTDOXY,CTDOXY_FLAG_W,OXYGEN,OXYGEN_FLAG_W,SILCAT,SILCAT_FLAG_W,NITRAT,NITRAT_FLAG_W,PHSPHT,PHSPHT_FLAG_W,ALKALI,ALKALI_FLAG_W,PH_SWS,PH_SWS_FLAG_W,PH_TMP,THETA
0,  29HE20130320,1.0,1.0,1.0,2.0,20130323.0,1143.0,-50.709,-57.002,  347,    331.6,   4.5240,  34.0753,2.0,    275.5,2.0,   -999.0,9.0,  -999.00,9.0,  -999.00,9.0,  -999.00,9.0,   2269.8,2.0,-999.0,9.0,  -999.00,   4.4995
1,  29HE20130320,1.0,1.0,2.0,2.0,20130323.0,1143.0,-50.709,-57.002,  347,    332.2,   4.5136,  34.0760,2.0,    274.8,2.0,    274.9,2.0,    13.22,2.0,    24.94,2.0,     1.52,2.0,   2269.9,2.0,-999.0,9.0,  -999.00,   4.4890
2,  29HE20130320,1.0,1.0,3.0,2.0,20130323.0,1143.0,-50.709,-57.002,  347,    300.0,   4.9767,  34.0292,2.0,    281.1,2.0,    280.5,2.0,     9.54,2.0,    23.80,2.0,     1.53,2.0,   2265.7,2.0,7.6964,2.0,    25.00,   4.9535
3,  29HE20130320,1.0,1.0,4.0,2.0,20130323.0,1143.0,-50.709,-57.002,  347,    300.7,   4.9705,  34.0303,2.0,    280.6,2.0,   -999.0,9.0,  -999.00,9.0,  -999.00,9.0,  -999.00,9.0,   2265.8,2.0,-999.0,9.0,  -999.00,   4.9473
4,  29HE20130320,1.0,1.0,5.0,2.0,20130323.0,1143.0,-50.709,-57.002,  347,    203.3,   5.4916,  33.9656,2.0,    281.6,2.0,    281.2,2.0,     7.12,2.0,    22.42,2.0,     1.51,2.0,   2265.1,2.0,7.7139,2.0,    25.00,   5.4752
5,  29HE20130320,1.0,1.0,6.0,2.0,20130323.0,1143.0,-50.709,-57.002,  347,    201.5,   5.4932,  33.9652,2.0,    281.2,2.0,   -999.0,9.0,  -999.00,9.0,  -999.00,9.0,  -999.00,9.0,   2265.1,2.0,-999.0,9.0,  -999.00,   5.4770
6,  29HE20130320,1.0,1.0,7.0,2.0,20130323.0,1143.0,-50.709,-57.002,  347,    152.9,   5.6999,  33.9338,2.0,    280.4,2.0,    279.5,2.0,     6.01,2.0,    21.87,2.0,     1.48,2.0,   2264.2,2.0,7.7136,2.0,    25.00,   5.6874
7,  29HE20130320,1.0,1.0,8.0,2.0,20130323.0,1143.0,-50.709,-57.002,  347,    152.9,   5.7010,  33.9334,2.0,    280.3,2.0,   -999.0,9.0,  -999.00,9.0,  -999.00,9.0,  -999.00,9.0,   2263.9,2.0,-999.0,9.0,  -999.00,   5.6885
8,  29HE20130320,1.0,1.0,9.0,2.0,20130323.0,1143.0,-50.709,-57.002,  347,    101.8,   6.4607,  33.9099,2.0,    273.9,2.0,    274.0,2.0,     4.73,2.0,    21.15,2.0,     1.42,2.0,   2257.4,2.0,7.7288,2.0,    25.00,   6.4518
9,  29HE20130320,1.0,1.0,10.0,2.0,20130323.0,1143.0,-50.709,-57.002,  347,    101.8,   6.4634,  33.9100,2.0,    273.8,2.0,   -999.0,9.0,  -999.00,9.0,  -999.00,9.0,  -999.00,9.0,   2257.7,2.0,-999.0,9.0,  -999.00,   6.4545
10,  29HE20130320,1.0,1.0,11.0,2.0,20130323.0,1143.0,-50.709,-57.002,  347,     37.0,   8.6381,  33.7720,2.0,    284.4,2.0,    285.0,2.0,     1.64,2.0,    12.55,2.0,     0.93,2.0,   2254.9,2.0,7.83,2.0,    25.00,   8.6343
11,  29HE20130320,1.0,1.0,12.0,2.0,20130323.0,1143.0,-50.709,-57.002,  347,     36.4,   8.6369,  33.7725,2.0,    284.2,2.0,   -999.0,9.0,  -999.00,9.0,  -999.00,9.0,  -999.00,9.0,   2254.9,2.0,-999.0,9.0,  -999.00,   8.6331
12,  29HE20130320,1.0,1.0,13.0,2.0,20130323.0,1143.0,-50.709,-57.002,  347,      5.9,   8.7119,  33.7704,2.0,    285.6,2.0,   -999.0,9.0,  -999.00,9.0,  -999.00,9.0,  -999.00,9.0,   2256.2,2.0,-999.0,9.0,  -999.00,   8.7113
13,  29HE20130320,1.0,1.0,14.0,2.0,20130323.0,1143.0,-50.709,-57.002,  347,      6.3,   8.7113,  33.7705,2.0,    285.4,2.0,   -999.0,9.0,  -999.00,9.0,  -999.00,9.0,  -999.00,9.0,   2256.2,2.0,-999.0,9.0,  -999.00,   8.7106
14,  29HE20130320,1.0,1.0,15.0,2.0,20130323.0,1143.0,-50.709,-57.002,  347,      6.3,   8.7118,  33.7705,2.0,    285.6,2.0,   -999.0,9.0,  -999.00,9.0,  -999.00,9.0,  -999.00,9.0,   2256.2,2.0,-999.0,9.0,  -999.00,   8.7111
15,  29HE20130320,1.0,1.0,16.0,2.0,20130323.0,1143.0,-50.709,-57.002,  347,      5.7,   8.7105,  33.7706,2.0,    286.0,2.0,   -999.0,9.0,  -999.00,9.0,  -999.00,9.0,  -999.00,9.0,   2256.2,2.0,-999.0,9.0,  -999.00,   8.7099
16,  29HE20130320,1.0,1.0,17.0,2.0,20130323.0,1143.0,-50.709,-57.002,  347,      6.0,   8.7090,  33.7705,2.0,    285.9,2.0,   -999.0,9.0,  -999.00,9.0,  -999.00,9.0,  -999.00,9.0,   2256.2,2.0,-999.0,9.0,  -999.00,   8.7084
17,  29HE20130320,1.0,1.0,18.0,2.0,20130323.0,1143.0,-50.709,-57.002,  347,      6.2,   8.7091,  33.7702,2.0,    285.8,2.0,   -999.0,9.0,  -999.00,9.0,  -999.00,9.0,  -999.00,9.0,   2256.2,2.0,-999.0,9.0,  -999.00,   8.7085
18,  29HE20130320,1.0,1.0,19.0,2.0,20130323.0,1143.0,-50.709,-57.002,  347,      6.5,   8.7051,  33.7700,2.0,    285.3,2.0,   -999.0,9.0,  -999.00,9.0,  -999.00,9.0,  -999.00,9.0,   2256.1,2.0,-999.0,9.0,  -999.00,   8.7044
19,  29HE20130320,1.0,1.0,20.0,2.0,20130323.0,1143.0,-50.709,-57.002,  347,      5.9,   8.7097,  33.7703,2.0,    285.7,2.0,   -999.0,9.0,  -999.00,9.0,  -999.00,9.0,  -999.00,9.0,   2256.2,2.0,-999.0,9.0,  -999.00,   8.7091
20,  29HE20130320,1.0,1.0,21.0,2.0,20130323.0,1143.0,-50.709,-57.002,  347,      5.7,   8.7069,  33.7705,2.0,    285.8,2.0,   -999.0,9.0,  -999.00,9.0,  -999.00,9.0,  -999.00,9.0,   2256.2,2.0,-999.0,9.0,  -999.00,   8.7063
21,  29HE20130320,1.0,1.0,22.0,2.0,20130323.0,1143.0,-50.709,-57.002,  347,      5.9,   8.7055,  33.7703,2.0,    285.8,2.0,   -999.0,9.0,  -999.00,9.0,  -999.00,9.0,  -999.00,9.0,   2256.2,2.0,-999.0,9.0,  -999.00,   8.7049
22,  29HE20130320,1.0,1.0,23.0,2.0,20130323.0,1143.0,-50.709,-57.002,  347,      6.2,   8.7039,  33.7701,2.0,    285.4,2.0,    285.4,2.0,     1.60,2.0,    12.36,2.0,     0.91,2.0,   2256.3,2.0,7.8313,2.0,    25.00,   8.7033
23,  29HE20130320,2.0,1.0,1.0,2.0,20130323.0,1740.0,-50.103,-56.476,  501,    485.5,   3.8662,  34.1109,2.0,    275.9,2.0,    275.4,2.0,    17.39,2.0,    27.05,2.0,     1.80,2.0,   2277.2,2.0,7.6657,2.0,    25.00,   3.8322
24,  29HE20130320,2.0,1.0,2.0,2.0,20130323.0,1740.0,-50.103,-56.476,  501,    486.5,   3.8652,  34.1111,2.0,    275.6,2.0,   -999.0,9.0,  -999.00,9.0,  -999.00,9.0,  -999.00,9.0,   2277.2,2.0,-999.0,9.0,  -999.00,   3.8311
25,  29HE20130320,2.0,1.0,3.0,2.0,20130323.0,1740.0,-50.103,-56.476,  501,    405.8,   4.1799,  34.1025,2.0,    281.5,2.0,    281.0,2.0,    13.86,2.0,    25.88,2.0,     1.74,2.0,   2276.8,2.0,7.6805,2.0,    25.00,   4.1507
26,  29HE20130320,2.0,1.0,4.0,2.0,20130323.0,1740.0,-50.103,-56.476,  501,    411.5,   4.1710,  34.1038,2.0,    287.2,2.0,   -999.0,9.0,  -999.00,9.0,  -999.00,9.0,  -999.00,9.0,   2276.9,2.0,-999.0,9.0,  -999.00,   4.1414
27,  29HE20130320,2.0,1.0,5.0,2.0,20130323.0,1740.0,-50.103,-56.476,  501,    304.0,   4.3992,  34.0985,2.0,    287.2,2.0,    287.0,2.0,    11.33,2.0,    24.80,2.0,     1.64,2.0,   2274.7,2.0,7.6993,2.0,    25.00,   4.3771
28,  29HE20130320,2.0,1.0,6.0,2.0,20130323.0,1740.0,-50.103,-56.476,  501,    304.1,   4.3959,  34.0984,2.0,    287.0,2.0,   -999.0,9.0,  -999.00,9.0,  -999.00,9.0,  -999.00,9.0,   2274.7,2.0,-999.0,9.0,  -999.00,   4.3738
29,  29HE20130320,2.0,1.0,7.0,2.0,20130323.0,1740.0,-50.103,-56.476,  501,    204.0,   4.5106,  34.0821,2.0,    285.8,2.0,    285.1,2.0,    10.66,2.0,    24.47,2.0,     1.60,2.0,   2272.9,2.0,7.6937,2.0,    25.00,   4.4957
30,  29HE20130320,2.0,1.0,8.0,2.0,20130323.0,1740.0,-50.103,-56.476,  501,    203.3,   4.5091,  34.0822,2.0,    285.6,2.0,   -999.0,9.0,  -999.00,9.0,  -999.00,9.0,  -999.00,9.0,   2273.0,2.0,-999.0,9.0,  -999.00,   4.4943
31,  29HE20130320,2.0,1.0,9.0,2.0,20130323.0,1740.0,-50.103,-56.476,  501,    153.9,   4.8714,  34.0833,2.0,    293.7,2.0,    293.6,2.0,     7.09,2.0,    23.32,2.0,     1.48,2.0,   2274.1,2.0,7.7126,2.0,    25.00,   4.8598
32,  29HE20130320,2.0,1.0,10.0,2.0,20130323.0,1740.0,-50.103,-56.476,  501,    152.8,   4.8737,  34.0831,2.0,    293.6,2.0,   -999.0,9.0,  -999.00,9.0,  -999.00,9.0,  -999.00,9.0,   2274.1,2.0,-999.0,9.0,  -999.00,   4.8622
33,  29HE20130320,2.0,1.0,11.0,2.0,20130323.0,1740.0,-50.103,-56.476,  501,    101.2,   6.6327,  34.0335,2.0,    294.5,2.0,    294.3,2.0,     2.80,2.0,    19.74,2.0,     1.31,2.0,   2268.9,2.0,7.7545,2.0,    25.00,   6.6237
34,  29HE20130320,2.0,1.0,12.0,2.0,20130323.0,1740.0,-50.103,-56.476,  501,    101.6,   6.6232,  34.0335,2.0,    294.3,2.0,   -999.0,9.0,  -999.00,9.0,  -999.00,9.0,  -999.00,9.0,   2268.9,2.0,-999.0,9.0,  -999.00,   6.6142
35,  29HE20130320,2.0,1.0,13.0,2.0,20130323.0,1740.0,-50.103,-56.476,  501,     50.7,   7.5401,  33.9963,2.0,    299.0,2.0,    299.4,2.0,     1.67,2.0,    17.38,2.0,     1.08,2.0,   2270.7,2.0,7.7955,2.0,    25.00,   7.5353
36,  29HE20130320,2.0,1.0,14.0,2.0,20130323.0,1740.0,-50.103,-56.476,  501,     51.5,   7.5401,  33.9963,2.0,    299.1,2.0,   -999.0,9.0,  -999.00,9.0,  -999.00,9.0,  -999.00,9.0,   2270.7,2.0,-999.0,9.0,  -999.00,   7.5352
37,  29HE20130320,2.0,1.0,15.0,2.0,20130323.0,1740.0,-50.103,-56.476,  501,      5.1,   7.7156,  33.9884,2.0,    298.5,2.0,    299.2,2.0,     1.78,2.0,    17.24,2.0,     0.99,2.0,   2270.5,2.0,7.7985,2.0,    25.00,   7.7151
38,  29HE20130320,2.0,1.0,16.0,2.0,20130323.0,1740.0,-50.103,-56.476,  501,      5.2,   7.7140,  33.9886,2.0,    300.9,2.0,   -999.0,9.0,  -999.00,9.0,  -999.00,9.0,  -999.00,9.0,   2270.5,2.0,-999.0,9.0,  -999.00,   7.7135
39,  29HE20130320,2.0,1.0,17.0,2.0,20130323.0,1740.0,-50.103,-56.476,  501,      5.1,   7.7157,  33.9886,2.0,    301.1,2.0,   -999.0,9.0,  -999.00,9.0,  -999.00,9.0,  -999.00,9.0,   2270.5,2.0,-999.0,9.0,  -999.00,   7.7152
40,  29HE20130320,2.0,1.0,18.0,2.0,20130323.0,1740.0,-50.103,-56.476,  501,      4.5,   7.7136,  33.9888,2.0,    301.4,2.0,   -999.0,9.0,  -999.00,9.0,  -999.00,9.0,  -999.00,9.0,   2270.6,2.0,-999.0,9.0,  -999.00,   7.7132
41,  29HE20130320,2.0,1.0,19.0,2.0,20130323.0,1740.0,-50.103,-56.476,  501,      5.0,   7.7135,  33.9890,2.0,    300.9,2.0,   -999.0,9.0,  -999.00,9.0,  -999.00,9.0,  -999.00,9.0,   2270.6,2.0,-999.0,9.0,  -999.00,   7.7130
42,  29HE20130320,2.0,1.0,20.0,2.0,20130323.0,1740.0,-50.103,-56.476,  501,      5.2,   7.7167,  33.9885,2.0,    301.4,2.0,   -999.0,9.0,  -999.00,9.0,  -999.00,9.0,  -999.00,9.0,   2270.5,2.0,-999.0,9.0,  -999.00,   7.7162
43,  29HE20130320,2.0,1.0,21.0,2.0,20130323.0,1740.0,-50.103,-56.476,  501,      5.1,   7.7140,  33.9886,2.0,    301.6,2.0,   -999.0,9.0,  -999.00,9.0,  -999.00,9.0,  -999.00,9.0,   2270.5,2.0,-999.0,9.0,  -999.00,   7.7135
44,  29HE20130320,2.0,1.0,22.0,2.0,20130323.0,1740.0,-50.103,-56.476,  501,      5.2,   7.7050,  33.9888,2.0,    300.9,2.0,   -999.0,9.0,  -999.00,9.0,  -999.00,9.0,  -999.00,9.0,   2270.6,2.0,-999.0,9.0,  -999.00,   7.7045
45,  29HE20130320,2.0,1.0,23.0,2.0,20130323.0,1740.0,-50.103,-56.476,  501,      4.8,   7.6930,  33.9896,2.0,    301.2,2.0,   -999.0,9.0,  -999.00,9.0,  -999.00,9.0,  -999.00,9.0,   2270.6,2.0,-999.0,9.0,  -999.00,   7.6925
46,  29HE20130320,2.0,1.0,24.0,2.0,20130323.0,1740.0,-50.103,-56.476,  501,      4.8,   7.7046,  33.9892,2.0,    301.5,2.0,   -999.0,9.0,  -999.00,9.0,  -999.00,9.0,  -999.00,9.0,   2270.6,2.0,-999.0,9.0,  -999.00,   7.7041
47,  29HE20130320,3.0,1.0,1.0,2.0,20130323.0,2342.0,-49.506,-55.956,  744,    729.2,   3.2485,  34.2188,2.0,    232.8,2.0,    235.1,2.0,    34.26,2.0,    31.06,2.0,     2.10,2.0,   2293.2,2.0,7.6149,2.0,    25.00,   3.1995
48,  29HE20130320,3.0,1.0,2.0,2.0,20130323.0,2342.0,-49.506,-55.956,  744,    729.5,   3.2486,  34.2188,2.0,    232.5,2.0,   -999.0,9.0,  -999.00,9.0,  -999.00,9.0,  -999.00,9.0,   2293.2,2.0,-999.0,9.0,  -999.00,   3.1995
49,  29HE20130320,3.0,1.0,3.0,2.0,20130323.0,2342.0,-49.506,-55.956,  744,    709.8,   3.2558,  34.2171,2.0,    233.4,2.0,    234.0,2.0,    34.15,2.0,    31.07,2.0,     2.08,2.0,   2293.2,2.0,7.6123,2.0,    25.00,   3.2081
50,  29HE20130320,3.0,1.0,4.0,2.0,20130323.0,2342.0,-49.506,-55.956,  744,    710.2,   3.2566,  34.2169,2.0,    233.3,2.0,   -999.0,9.0,  -999.00,9.0,  -999.00,9.0,  -999.00,9.0,   2293.2,2.0,-999.0,9.0,  -999.00,   3.2089
51,  29HE20130320,3.0,1.0,5.0,2.0,20130323.0,2342.0,-49.506,-55.956,  744,    606.6,   3.4917,  34.1754,2.0,    248.9,2.0,    251.7,2.0,    26.91,2.0,    29.63,2.0,     1.97,2.0,   2289.1,2.0,7.6352,2.0,    25.00,   3.4504
52,  29HE20130320,3.0,1.0,6.0,2.0,20130323.0,2342.0,-49.506,-55.956,  744,    606.9,   3.4938,  34.1752,2.0,    249.1,2.0,   -999.0,9.0,  -999.00,9.0,  -999.00,9.0,  -999.00,9.0,   2289.0,2.0,-999.0,9.0,  -999.00,   3.4524
53,  29HE20130320,3.0,1.0,7.0,2.0,20130323.0,2342.0,-49.506,-55.956,  744,    505.7,   3.5439,  34.1204,2.0,    269.7,2.0,    270.1,2.0,    20.18,2.0,    27.89,2.0,     1.85,2.0,   2282.9,2.0,7.6597,2.0,    25.00,   3.5097
54,  29HE20130320,3.0,1.0,8.0,2.0,20130323.0,2342.0,-49.506,-55.956,  744,    505.0,   3.5479,  34.1207,2.0,    269.8,2.0,   -999.0,9.0,  -999.00,9.0,  -999.00,9.0,  -999.00,9.0,   2282.9,2.0,-999.0,9.0,  -999.00,   3.5137
55,  29HE20130320,3.0,1.0,9.0,2.0,20130323.0,2342.0,-49.506,-55.956,  744,    404.8,   3.8977,  34.1090,2.0,    281.8,2.0,    282.4,2.0,    15.54,2.0,    26.41,2.0,     1.74,2.0,   2282.4,2.0,7.6822,2.0,    25.00,   3.8695
56,  29HE20130320,3.0,1.0,10.0,2.0,20130323.0,2342.0,-49.506,-55.956,  744,    405.7,   3.8980,  34.1089,2.0,    281.3,2.0,   -999.0,9.0,  -999.00,9.0,  -999.00,9.0,  -999.00,9.0,   2282.4,2.0,-999.0,9.0,  -999.00,   3.8697
57,  29HE20130320,3.0,1.0,11.0,2.0,20130323.0,2342.0,-49.506,-55.956,  744,    306.4,   4.1892,  34.1077,2.0,    290.1,2.0,    289.7,2.0,    12.44,2.0,    25.26,2.0,     1.65,2.0,   2279.6,2.0,7.6986,2.0,    25.00,   4.1674
58,  29HE20130320,3.0,1.0,12.0,2.0,20130323.0,2342.0,-49.506,-55.956,  744,    306.6,   4.1865,  34.1075,2.0,    289.6,2.0,   -999.0,9.0,  -999.00,9.0,  -999.00,9.0,  -999.00,9.0,   2279.6,2.0,-999.0,9.0,  -999.00,   4.1647
59,  29HE20130320,3.0,1.0,13.0,2.0,20130323.0,2342.0,-49.506,-55.956,  744,    201.9,   4.5289,  34.1112,2.0,    294.3,2.0,    294.6,2.0,     9.65,2.0,    24.03,2.0,     1.54,2.0,   2274.8,2.0,7.7109,2.0,    25.00,   4.5141
60,  29HE20130320,3.0,1.0,14.0,2.0,20130323.0,2342.0,-49.506,-55.956,  744,    201.9,   4.5340,  34.1107,2.0,    294.2,2.0,   -999.0,9.0,  -999.00,9.0,  -999.00,9.0,  -999.00,9.0,   2274.9,2.0,-999.0,9.0,  -999.00,   4.5192
61,  29HE20130320,3.0,1.0,15.0,2.0,20130323.0,2342.0,-49.506,-55.956,  744,    153.7,   4.6515,  34.0983,2.0,    295.0,2.0,    294.7,2.0,     8.52,2.0,    23.77,2.0,     1.51,2.0,   2275.3,2.0,7.7129,2.0,    25.00,   4.6402
62,  29HE20130320,3.0,1.0,16.0,2.0,20130323.0,2342.0,-49.506,-55.956,  744,    155.3,   4.6503,  34.0992,2.0,    294.6,2.0,   -999.0,9.0,  -999.00,9.0,  -999.00,9.0,  -999.00,9.0,   2275.3,2.0,-999.0,9.0,  -999.00,   4.6389
63,  29HE20130320,3.0,1.0,17.0,2.0,20130323.0,2342.0,-49.506,-55.956,  744,    101.2,   5.2565,  34.0699,2.0,    295.4,2.0,    294.5,2.0,     5.29,2.0,    22.62,2.0,     1.47,2.0,   2274.4,2.0,7.7308,2.0,    25.00,   5.2486
64,  29HE20130320,3.0,1.0,18.0,2.0,20130323.0,2342.0,-49.506,-55.956,  744,    101.8,   5.2270,  34.0692,2.0,    294.3,2.0,   -999.0,9.0,  -999.00,9.0,  -999.00,9.0,  -999.00,9.0,   2274.4,2.0,-999.0,9.0,  -999.00,   5.2191
65,  29HE20130320,3.0,1.0,19.0,2.0,20130323.0,2342.0,-49.506,-55.956,  744,     49.9,   7.9013,  34.0008,2.0,    296.8,2.0,    296.7,2.0,     0.87,2.0,    15.89,2.0,     0.92,2.0,   2273.3,2.0,7.8253,2.0,    25.00,   7.8964
66,  29HE20130320,3.0,1.0,20.0,2.0,20130323.0,2342.0,-49.506,-55.956,  744,     50.1,   7.9009,  34.0009,2.0,    296.4,2.0,   -999.0,9.0,  -999.00,9.0,  -999.00,9.0,  -999.00,9.0,   2273.3,2.0,-999.0,9.0,  -999.00,   7.8960
67,  29HE20130320,3.0,1.0,21.0,2.0,20130323.0,2342.0,-49.506,-55.956,  744,      7.1,   7.9985,  34.0002,2.0,    296.7,2.0,    297.0,2.0,     0.82,2.0,    16.00,2.0,     0.96,2.0,   2275.5,2.0,7.826,2.0,    25.00,   7.9978
68,  29HE20130320,3.0,1.0,22.0,2.0,20130323.0,2342.0,-49.506,-55.956,  744,      7.1,   7.9984,  34.0001,2.0,    296.6,2.0,   -999.0,9.0,  -999.00,9.0,  -999.00,9.0,  -999.00,9.0,   2271.1,2.0,-999.0,9.0,  -999.00,   7.9977
69,  29HE20130320,3.0,1.0,23.0,2.0,20130323.0,2342.0,-49.506,-55.956,  744,      7.1,   7.9985,  34.0002,2.0,    296.7,2.0,   -999.0,9.0,  -999.00,9.0,  -999.00,9.0,  -999.00,9.0,   2271.1,2.0,-999.0,9.0,  -999.00,   7.9978
70,  29HE20130320,3.0,1.0,24.0,2.0,20130323.0,2342.0,-49.506,-55.956,  744,      7.3,   7.9988,  34.0002,2.0,    296.5,2.0,    296.9,2.0,     0.82,2.0,    16.13,2.0,     1.00,2.0,   2271.0,2.0,7.8267,2.0,    25.00,   7.9981
71,  29HE20130320,4.0,1.0,1.0,2.0,20130324.0,613.0,-48.906,-55.434, 1220,   1205.3,   2.5566,  34.5340,2.0,    171.3,2.0,    170.6,2.0,    76.45,2.0,    34.64,2.0,     2.33,2.0,   2327.4,2.0,7.5491,2.0,    25.00,   2.4769
72,  29HE20130320,4.0,1.0,2.0,2.0,20130324.0,613.0,-48.906,-55.434, 1220,   1204.1,   2.5566,  34.5342,2.0,    171.0,2.0,   -999.0,9.0,  -999.00,9.0,  -999.00,9.0,  -999.00,9.0,   2327.4,2.0,-999.0,9.0,  -999.00,   2.4770
73,  29HE20130320,4.0,1.0,3.0,2.0,20130324.0,613.0,-48.906,-55.434, 1220,   1014.5,   3.1369,  34.3178,2.0,    205.6,2.0,    205.9,2.0,    46.21,2.0,    33.23,2.0,     2.24,2.0,   2312.3,2.0,7.5793,2.0,    25.00,   3.0671
74,  29HE20130320,4.0,1.0,4.0,2.0,20130324.0,613.0,-48.906,-55.434, 1220,   1013.9,   3.1367,  34.3178,2.0,    206.0,2.0,   -999.0,9.0,  -999.00,9.0,  -999.00,9.0,  -999.00,9.0,   2312.3,2.0,-999.0,9.0,  -999.00,   3.0670
75,  29HE20130320,4.0,1.0,5.0,2.0,20130324.0,613.0,-48.906,-55.434, 1220,    909.1,   3.3220,  34.2674,2.0,    219.3,2.0,    218.8,2.0,    38.42,2.0,    31.77,2.0,     2.16,2.0,   2306.8,2.0,7.5981,2.0,    25.00,   3.2590
76,  29HE20130320,4.0,1.0,6.0,2.0,20130324.0,613.0,-48.906,-55.434, 1220,    808.8,   3.5592,  34.2364,2.0,    230.0,2.0,   -999.0,9.0,  -999.00,9.0,  -999.00,9.0,  -999.00,9.0,   2302.7,2.0,-999.0,9.0,  -999.00,   3.5023
77,  29HE20130320,4.0,1.0,7.0,2.0,20130324.0,613.0,-48.906,-55.434, 1220,    809.0,   3.5591,  34.2363,2.0,    230.0,2.0,    229.7,2.0,    32.32,2.0,    30.49,2.0,     2.04,2.0,   2302.7,2.0,7.616,2.0,    25.00,   3.5022
78,  29HE20130320,4.0,1.0,8.0,2.0,20130324.0,613.0,-48.906,-55.434, 1220,    707.0,   3.7018,  34.1989,2.0,    244.2,2.0,    243.8,2.0,    27.30,2.0,    29.24,2.0,     1.96,2.0,   2300.2,2.0,7.6333,2.0,    25.00,   3.6519
79,  29HE20130320,4.0,1.0,9.0,2.0,20130324.0,613.0,-48.906,-55.434, 1220,    603.9,   3.7797,  34.1804,2.0,    251.5,2.0,    250.8,2.0,    24.67,2.0,    28.78,2.0,     1.91,2.0,   2297.9,2.0,7.6471,2.0,    25.00,   3.7372
80,  29HE20130320,4.0,1.0,10.0,2.0,20130324.0,613.0,-48.906,-55.434, 1220,    603.5,   3.7794,  34.1805,2.0,    251.1,2.0,   -999.0,9.0,  -999.00,9.0,  -999.00,9.0,  -999.00,9.0,   2297.9,2.0,-999.0,9.0,  -999.00,   3.7369
81,  29HE20130320,4.0,1.0,11.0,2.0,20130324.0,613.0,-48.906,-55.434, 1220,    505.0,   3.8875,  34.1601,2.0,    261.1,2.0,    260.1,2.0,    21.05,2.0,    27.62,2.0,     1.81,2.0,   2291.6,2.0,7.6564,2.0,    25.00,   3.8519
82,  29HE20130320,4.0,1.0,12.0,2.0,20130324.0,613.0,-48.906,-55.434, 1220,    402.2,   3.9658,  34.1459,2.0,    268.2,2.0,   -999.0,9.0,  -999.00,9.0,  -999.00,9.0,  -999.00,9.0,   2289.3,2.0,-999.0,9.0,  -999.00,   3.9375
83,  29HE20130320,4.0,1.0,13.0,2.0,20130324.0,613.0,-48.906,-55.434, 1220,    402.3,   3.9675,  34.1457,2.0,    268.1,2.0,    269.5,2.0,    18.68,2.0,    26.95,2.0,     1.77,2.0,   2289.3,2.0,7.6685,2.0,    25.00,   3.9392
84,  29HE20130320,4.0,1.0,14.0,2.0,20130324.0,613.0,-48.906,-55.434, 1220,    300.5,   4.1288,  34.1272,2.0,    279.7,2.0,   -999.0,9.0,  -999.00,9.0,  -999.00,9.0,  -999.00,9.0,   2285.2,2.0,-999.0,9.0,  -999.00,   4.1075
85,  29HE20130320,4.0,1.0,15.0,2.0,20130324.0,613.0,-48.906,-55.434, 1220,    302.2,   4.1206,  34.1277,2.0,    279.8,2.0,    278.9,2.0,    14.93,2.0,    26.05,2.0,     1.70,2.0,   2285.2,2.0,7.6857,2.0,    25.00,   4.0992
86,  29HE20130320,4.0,1.0,16.0,2.0,20130324.0,613.0,-48.906,-55.434, 1220,    202.2,   4.3800,  34.1194,2.0,    289.1,2.0,   -999.0,9.0,  -999.00,9.0,  -999.00,9.0,  -999.00,9.0,   2282.1,2.0,-999.0,9.0,  -999.00,   4.3655
87,  29HE20130320,4.0,1.0,17.0,2.0,20130324.0,613.0,-48.906,-55.434, 1220,    202.8,   4.3806,  34.1194,2.0,    288.9,2.0,    288.1,2.0,    11.78,2.0,    24.52,2.0,     1.61,2.0,   2282.2,2.0,7.7039,2.0,    25.00,   4.3660
88,  29HE20130320,4.0,1.0,18.0,2.0,20130324.0,613.0,-48.906,-55.434, 1220,    151.8,   4.4859,  34.1120,2.0,    294.1,2.0,    292.8,2.0,     9.94,2.0,    23.76,2.0,     1.56,2.0,   2282.9,2.0,7.7075,2.0,    25.00,   4.4749
89,  29HE20130320,4.0,1.0,19.0,2.0,20130324.0,613.0,-48.906,-55.434, 1220,     99.7,   4.7029,  34.1060,2.0,    293.6,2.0,    292.1,2.0,     8.86,2.0,    23.20,2.0,     1.54,2.0,   2283.6,2.0,7.7124,2.0,    25.00,   4.6956
90,  29HE20130320,4.0,1.0,20.0,2.0,20130324.0,613.0,-48.906,-55.434, 1220,    100.3,   4.6996,  34.1055,2.0,    293.2,2.0,   -999.0,9.0,  -999.00,9.0,  -999.00,9.0,  -999.00,9.0,   2283.6,2.0,-999.0,9.0,  -999.00,   4.6922
91,  29HE20130320,4.0,1.0,21.0,2.0,20130324.0,613.0,-48.906,-55.434, 1220,     49.6,   6.0117,  34.0544,2.0,    295.1,2.0,    295.0,2.0,     4.29,2.0,    20.04,2.0,     1.33,2.0,   2280.0,2.0,7.7582,2.0,    25.00,   6.0076
92,  29HE20130320,4.0,1.0,22.0,2.0,20130324.0,613.0,-48.906,-55.434, 1220,     49.9,   6.0027,  34.0552,2.0,    295.2,2.0,   -999.0,9.0,  -999.00,9.0,  -999.00,9.0,  -999.00,9.0,   2280.1,2.0,-999.0,9.0,  -999.00,   5.9985
93,  29HE20130320,4.0,1.0,23.0,2.0,20130324.0,613.0,-48.906,-55.434, 1220,      5.3,   7.3108,  34.0217,2.0,    300.0,2.0,   -999.0,9.0,  -999.00,9.0,  -999.00,9.0,  -999.00,9.0,   2276.1,2.0,-999.0,9.0,  -999.00,   7.3103
94,  29HE20130320,4.0,1.0,24.0,2.0,20130324.0,613.0,-48.906,-55.434, 1220,      5.6,   7.3106,  34.0218,2.0,    299.5,2.0,    299.6,2.0,     1.55,2.0,    17.04,2.0,     1.06,2.0,   2276.1,2.0,7.805,2.0,    25.00,   7.3101
95,  29HE20130320,5.0,1.0,1.0,2.0,20130324.0,1446.0,-48.305,-54.923, 4944,   4929.2,   0.2628,  34.6704,2.0,    222.3,2.0,   -999.0,9.0,   128.90,2.0,    32.83,2.0,     2.24,2.0,   2366.8,2.0,7.5929,2.0,    25.00,  -0.1211
96,  29HE20130320,5.0,1.0,2.0,2.0,20130324.0,1446.0,-48.305,-54.923, 4944,   4587.8,   0.2690,  34.6725,2.0,    221.3,2.0,   -999.0,9.0,   128.37,2.0,    32.82,2.0,     2.27,2.0,   2361.7,2.0,7.5959,2.0,    25.00,  -0.0770
97,  29HE20130320,5.0,1.0,3.0,2.0,20130324.0,1446.0,-48.305,-54.923, 4944,   4588.2,   0.2692,  34.6725,2.0,    221.2,2.0,   -999.0,9.0,  -999.00,9.0,  -999.00,9.0,  -999.00,9.0,   2361.7,2.0,-999.0,9.0,  -999.00,  -0.0768
98,  29HE20130320,5.0,1.0,4.0,2.0,20130324.0,1446.0,-48.305,-54.923, 4944,   4588.6,   0.2689,  34.6725,2.0,    221.4,2.0,   -999.0,9.0,  -999.00,9.0,  -999.00,9.0,  -999.00,9.0,   2361.7,2.0,-999.0,9.0,  -999.00,  -0.0771
99,  29HE20130320,5.0,1.0,5.0,2.0,20130324.0,1446.0,-48.305,-54.923, 4944,   4588.1,   0.2692,  34.6724,2.0,    221.5,2.0,   -999.0,9.0,  -999.00,9.0,  -999.00,9.0,  -999.00,9.0,   2361.7,2.0,-999.0,9.0,  -999.00,  -0.0768
100,  29HE20130320,5.0,1.0,6.0,2.0,20130324.0,1446.0,-48.305,-54.923, 4944,   4587.6,   0.2691,  34.6724,2.0,    221.2,2.0,   -999.0,9.0,  -999.00,9.0,  -999.00,9.0,  -999.00,9.0,   2361.7,2.0,-999.0,9.0,  -999.00,  -0.0768
101,  29HE20130320,5.0,1.0,7.0,2.0,20130324.0,1446.0,-48.305,-54.923, 4944,   4588.4,   0.2690,  34.6725,2.0,    221.3,2.0,   -999.0,9.0,  -999.00,9.0,  -999.00,9.0,  -999.00,9.0,   2361.7,2.0,-999.0,9.0,  -999.00,  -0.0770
102,  29HE20130320,5.0,1.0,8.0,2.0,20130324.0,1446.0,-48.305,-54.923, 4944,   4588.3,   0.2690,  34.6724,2.0,    221.3,2.0,   -999.0,9.0,  -999.00,9.0,  -999.00,9.0,  -999.00,9.0,   2361.7,2.0,-999.0,9.0,  -999.00,  -0.0770
103,  29HE20130320,5.0,1.0,9.0,2.0,20130324.0,1446.0,-48.305,-54.923, 4944,   4587.5,   0.2691,  34.6725,2.0,    221.1,2.0,   -999.0,9.0,  -999.00,9.0,  -999.00,9.0,  -999.00,9.0,   2361.7,2.0,-999.0,9.0,  -999.00,  -0.0768
104,  29HE20130320,5.0,1.0,10.0,2.0,20130324.0,1446.0,-48.305,-54.923, 4944,   4588.2,   0.2692,  34.6724,2.0,    221.2,2.0,   -999.0,9.0,  -999.00,9.0,  -999.00,9.0,  -999.00,9.0,   2361.7,2.0,-999.0,9.0,  -999.00,  -0.0768
105,  29HE20130320,5.0,1.0,11.0,2.0,20130324.0,1446.0,-48.305,-54.923, 4944,   4588.9,   0.2692,  34.6725,2.0,    221.5,2.0,   -999.0,9.0,  -999.00,9.0,  -999.00,9.0,  -999.00,9.0,   2361.7,2.0,-999.0,9.0,  -999.00,  -0.0769
106,  29HE20130320,5.0,1.0,12.0,2.0,20130324.0,1446.0,-48.305,-54.923, 4944,   4588.0,   0.2692,  34.6724,2.0,    221.2,2.0,   -999.0,9.0,  -999.00,9.0,  -999.00,9.0,  -999.00,9.0,   2361.7,2.0,-999.0,9.0,  -999.00,  -0.0768
107,  29HE20130320,5.0,1.0,13.0,2.0,20130324.0,1446.0,-48.305,-54.923, 4944,   4587.4,   0.2692,  34.6724,2.0,    221.4,2.0,   -999.0,9.0,  -999.00,9.0,  -999.00,9.0,  -999.00,9.0,   2361.7,2.0,-999.0,9.0,  -999.00,  -0.0767
108,  29HE20130320,5.0,1.0,14.0,2.0,20130324.0,1446.0,-48.305,-54.923, 4944,   4587.1,   0.2692,  34.6725,2.0,    221.5,2.0,   -999.0,9.0,  -999.00,9.0,  -999.00,9.0,  -999.00,9.0,   2361.7,2.0,-999.0,9.0,  -999.00,  -0.0767
109,  29HE20130320,5.0,1.0,15.0,2.0,20130324.0,1446.0,-48.305,-54.923, 4944,   4588.4,   0.2693,  34.6725,2.0,    221.1,2.0,   -999.0,9.0,  -999.00,9.0,  -999.00,9.0,  -999.00,9.0,   2361.7,2.0,-999.0,9.0,  -999.00,  -0.0767
110,  29HE20130320,5.0,1.0,16.0,2.0,20130324.0,1446.0,-48.305,-54.923, 4944,   4070.1,   0.4537,  34.6823,2.0,    216.7,2.0,   -999.0,9.0,   126.13,2.0,    32.96,2.0,     2.23,2.0,   2361.0,2.0,7.5883,2.0,    25.00,   0.1572
111,  29HE20130320,5.0,1.0,17.0,2.0,20130324.0,1446.0,-48.305,-54.923, 4944,   3559.6,   1.0940,  34.7137,2.0,    205.3,2.0,   -999.0,9.0,   114.81,2.0,    31.81,2.0,     2.14,2.0,   2364.5,2.0,7.6005,2.0,    25.00,   0.8319
112,  29HE20130320,5.0,1.0,18.0,2.0,20130324.0,1446.0,-48.305,-54.923, 4944,   3049.1,   1.3459,  34.7238,2.0,    199.5,2.0,   -999.0,9.0,   109.79,2.0,    31.88,2.0,     2.14,2.0,   2363.8,2.0,7.5976,2.0,    25.00,   1.1276
113,  29HE20130320,5.0,1.0,19.0,2.0,20130324.0,1446.0,-48.305,-54.923, 4944,   2539.3,   1.5237,  34.7429,2.0,    202.3,2.0,   -999.0,9.0,   100.47,2.0,    30.94,2.0,     2.08,2.0,   2360.9,2.0,7.6108,2.0,    25.00,   1.3484
114,  29HE20130320,5.0,1.0,20.0,2.0,20130324.0,1446.0,-48.305,-54.923, 4944,   2538.9,   1.5242,  34.7430,2.0,    202.5,2.0,   -999.0,9.0,  -999.00,9.0,  -999.00,9.0,  -999.00,9.0,   2360.9,2.0,-999.0,9.0,  -999.00,   1.3490
115,  29HE20130320,5.0,1.0,21.0,2.0,20130324.0,1446.0,-48.305,-54.923, 4944,   2540.0,   1.5243,  34.7429,2.0,    202.4,2.0,   -999.0,9.0,  -999.00,9.0,  -999.00,9.0,  -999.00,9.0,   2360.9,2.0,-999.0,9.0,  -999.00,   1.3490
116,  29HE20130320,5.0,1.0,22.0,2.0,20130324.0,1446.0,-48.305,-54.923, 4944,   2287.9,   2.0274,  34.7881,2.0,    209.4,2.0,   -999.0,9.0,    78.84,2.0,    28.61,2.0,     1.88,2.0,   2351.8,2.0,7.6366,2.0,    25.00,   1.8651
117,  29HE20130320,5.0,1.0,23.0,2.0,20130324.0,1446.0,-48.305,-54.923, 4944,   2026.9,   2.2305,  34.7882,2.0,    206.3,2.0,   -999.0,9.0,    75.13,2.0,    28.60,2.0,     1.89,2.0,   2347.9,2.0,7.6315,2.0,    25.00,   2.0877
118,  29HE20130320,5.0,1.0,24.0,2.0,20130324.0,1446.0,-48.305,-54.923, 4944,   1825.0,   2.2473,  34.7511,2.0,    193.9,2.0,   -999.0,9.0,    80.60,2.0,    30.37,2.0,     2.03,2.0,   2351.0,2.0,7.6108,2.0,    25.00,   2.1215
119,  29HE20130320,5.0,2.0,1.0,2.0,20130324.0,2003.0,-48.305,-54.923, 4944,   2028.0,   2.2868,  34.7924,2.0,    208.5,2.0,    207.1,2.0,    70.76,2.0,    28.25,2.0,     1.82,2.0,   2348.3,2.0,7.6305,2.0,    25.00,   2.1430
120,  29HE20130320,5.0,2.0,2.0,2.0,20130324.0,2003.0,-48.305,-54.923, 4944,   1821.8,   2.1090,  34.7227,2.0,    185.0,2.0,    184.5,2.0,    89.88,2.0,    31.79,2.0,     2.12,2.0,   2349.2,2.0,7.589,2.0,    25.00,   1.9854
121,  29HE20130320,5.0,2.0,3.0,2.0,20130324.0,2003.0,-48.305,-54.923, 4944,   1620.5,   2.1060,  34.6932,2.0,    177.9,2.0,    177.3,2.0,    90.88,2.0,    33.40,2.0,     2.24,2.0,   2356.4,2.0,7.5746,2.0,    25.00,   1.9988
122,  29HE20130320,5.0,2.0,4.0,2.0,20130324.0,2003.0,-48.305,-54.923, 4944,   1413.8,   2.2914,  34.6672,2.0,    175.3,2.0,    174.4,2.0,    85.10,2.0,    33.20,2.0,     2.25,2.0,   2350.4,2.0,7.5702,2.0,    25.00,   2.1982
123,  29HE20130320,5.0,2.0,5.0,2.0,20130324.0,2003.0,-48.305,-54.923, 4944,   1215.4,   2.3330,  34.6126,2.0,    169.6,2.0,    168.7,2.0,    83.91,2.0,    34.63,2.0,     2.33,2.0,   2345.9,2.0,7.5546,2.0,    25.00,   2.2545
124,  29HE20130320,5.0,2.0,6.0,2.0,20130324.0,2003.0,-48.305,-54.923, 4944,   1012.1,   2.4629,  34.5509,2.0,    170.4,2.0,    170.4,2.0,    76.37,2.0,    34.76,2.0,     2.34,2.0,   2340.6,2.0,7.5453,2.0,    25.00,   2.3983
125,  29HE20130320,5.0,2.0,7.0,2.0,20130324.0,2003.0,-48.305,-54.923, 4944,   1011.3,   2.4629,  34.5507,2.0,    170.4,2.0,   -999.0,9.0,  -999.00,9.0,  -999.00,9.0,  -999.00,9.0,   2340.6,2.0,-999.0,9.0,  -999.00,   2.3983
126,  29HE20130320,5.0,2.0,8.0,2.0,20130324.0,2003.0,-48.305,-54.923, 4944,    808.3,   2.6170,  34.4596,2.0,    179.5,2.0,    179.4,2.0,    66.20,2.0,    35.51,2.0,     2.37,2.0,   2326.0,2.0,7.5425,2.0,    25.00,   2.5658
127,  29HE20130320,5.0,2.0,9.0,2.0,20130324.0,2003.0,-48.305,-54.923, 4944,    709.7,   2.7047,  34.4155,2.0,    186.4,2.0,    186.6,2.0,    60.74,2.0,    34.73,2.0,     2.33,2.0,   2323.1,2.0,7.5567,2.0,    25.00,   2.6599
128,  29HE20130320,5.0,2.0,10.0,2.0,20130324.0,2003.0,-48.305,-54.923, 4944,    608.9,   2.7502,  34.3339,2.0,    203.5,2.0,    203.1,2.0,    51.12,2.0,    34.03,2.0,     2.28,2.0,   2317.3,2.0,7.5676,2.0,    25.00,   2.7121
129,  29HE20130320,5.0,2.0,11.0,2.0,20130324.0,2003.0,-48.305,-54.923, 4944,    505.3,   2.8759,  34.2780,2.0,    216.5,2.0,    216.1,2.0,    42.72,2.0,    33.00,2.0,     2.21,2.0,   2305.5,2.0,7.5884,2.0,    25.00,   2.8443
130,  29HE20130320,5.0,2.0,12.0,2.0,20130324.0,2003.0,-48.305,-54.923, 4944,    403.0,   1.9004,  34.0949,2.0,    269.2,2.0,    268.2,2.0,    30.81,2.0,    30.98,2.0,     2.04,2.0,   2290.4,2.0,7.618,2.0,    25.00,   1.8788
131,  29HE20130320,5.0,2.0,13.0,2.0,20130324.0,2003.0,-48.305,-54.923, 4944,    302.8,   2.9258,  34.1631,2.0,    251.1,2.0,    250.5,2.0,    29.62,2.0,    30.66,2.0,     2.03,2.0,   2292.0,2.0,7.622,2.0,    25.00,   2.9073
132,  29HE20130320,5.0,2.0,14.0,2.0,20130324.0,2003.0,-48.305,-54.923, 4944,    303.0,   2.9253,  34.1631,2.0,    251.5,2.0,   -999.0,9.0,  -999.00,9.0,  -999.00,9.0,  -999.00,9.0,   2292.1,2.0,-999.0,9.0,  -999.00,   2.9068
133,  29HE20130320,5.0,2.0,15.0,2.0,20130324.0,2003.0,-48.305,-54.923, 4944,    202.1,   2.5762,  34.0135,2.0,    299.1,2.0,    298.5,2.0,    18.66,2.0,    27.78,2.0,     1.80,2.0,   2281.6,2.0,7.6628,2.0,    25.00,   2.5646
134,  29HE20130320,5.0,2.0,16.0,2.0,20130324.0,2003.0,-48.305,-54.923, 4944,    201.6,   2.5733,  34.0134,2.0,    299.2,2.0,   -999.0,9.0,  -999.00,9.0,  -999.00,9.0,  -999.00,9.0,   2281.7,2.0,-999.0,9.0,  -999.00,   2.5618
135,  29HE20130320,5.0,2.0,17.0,2.0,20130324.0,2003.0,-48.305,-54.923, 4944,    102.8,   4.3066,  33.9426,2.0,    311.1,2.0,    309.3,2.0,     5.81,2.0,    22.14,2.0,     1.56,2.0,   2279.6,2.0,7.7303,2.0,    25.00,   4.2994
136,  29HE20130320,5.0,2.0,18.0,2.0,20130324.0,2003.0,-48.305,-54.923, 4944,     36.9,   7.3538,  33.9300,2.0,    303.9,2.0,    303.5,2.0,     1.47,2.0,    18.30,2.0,     1.12,2.0,   2273.8,2.0,7.8033,2.0,    25.00,   7.3503
137,  29HE20130320,5.0,2.0,19.0,2.0,20130324.0,2003.0,-48.305,-54.923, 4944,     37.2,   7.3542,  33.9301,2.0,    304.0,2.0,   -999.0,9.0,  -999.00,9.0,  -999.00,9.0,  -999.00,9.0,   2273.9,2.0,-999.0,9.0,  -999.00,   7.3507
138,  29HE20130320,5.0,2.0,20.0,2.0,20130324.0,2003.0,-48.305,-54.923, 4944,      5.7,   7.3552,  33.9308,2.0,    304.1,2.0,   -999.0,9.0,  -999.00,9.0,  -999.00,9.0,  -999.00,9.0,   2273.6,2.0,-999.0,9.0,  -999.00,   7.3547
139,  29HE20130320,5.0,2.0,21.0,2.0,20130324.0,2003.0,-48.305,-54.923, 4944,      5.9,   7.3553,  33.9308,2.0,    303.8,2.0,   -999.0,9.0,  -999.00,9.0,  -999.00,9.0,  -999.00,9.0,   2273.6,2.0,-999.0,9.0,  -999.00,   7.3547
140,  29HE20130320,5.0,2.0,22.0,2.0,20130324.0,2003.0,-48.305,-54.923, 4944,      5.8,   7.3547,  33.9308,2.0,    304.0,2.0,   -999.0,9.0,  -999.00,9.0,  -999.00,9.0,  -999.00,9.0,   2273.6,2.0,-999.0,9.0,  -999.00,   7.3542
141,  29HE20130320,5.0,2.0,23.0,2.0,20130324.0,2003.0,-48.305,-54.923, 4944,      5.8,   7.3542,  33.9308,2.0,    304.2,2.0,   -999.0,9.0,  -999.00,9.0,  -999.00,9.0,  -999.00,9.0,   2273.6,2.0,-999.0,9.0,  -999.00,   7.3537
142,  29HE20130320,5.0,2.0,24.0,2.0,20130324.0,2003.0,-48.305,-54.923, 4944,      6.0,   7.3561,  33.9308,2.0,    303.8,2.0,    303.1,2.0,     1.52,2.0,    18.17,2.0,     1.03,2.0,   2273.6,2.0,7.8091,2.0,    25.00,   7.3555
143,  29HE20130320,6.0,1.0,1.0,2.0,20130325.0,706.0,-47.705,-54.382, 5928,   5908.1,   0.3606,  34.6693,2.0,    226.3,2.0,    223.3,2.0,   127.98,2.0,    32.68,2.0,     2.24,2.0,   2366.2,2.0,7.5928,2.0,    25.00,  -0.1447
144,  29HE20130320,6.0,1.0,2.0,2.0,20130325.0,706.0,-47.705,-54.382, 5928,   5101.2,   0.3257,  34.6727,2.0,    223.2,2.0,    222.5,2.0,   127.57,2.0,    32.69,2.0,     2.21,2.0,   2365.1,2.0,7.5947,2.0,    25.00,  -0.0802
145,  29HE20130320,6.0,1.0,3.0,2.0,20130325.0,706.0,-47.705,-54.382, 5928,   4585.5,   0.3838,  34.6776,2.0,    220.8,2.0,    220.2,2.0,   126.26,2.0,    32.60,2.0,     2.21,2.0,   2361.3,2.0,7.5942,2.0,    25.00,   0.0344
146,  29HE20130320,6.0,1.0,4.0,2.0,20130325.0,706.0,-47.705,-54.382, 5928,   4070.5,   0.6190,  34.6900,2.0,    215.2,2.0,    214.0,2.0,   121.27,2.0,    32.42,2.0,     2.23,2.0,   2360.0,2.0,7.5958,2.0,    25.00,   0.3176
147,  29HE20130320,6.0,1.0,5.0,2.0,20130325.0,706.0,-47.705,-54.382, 5928,   3558.4,   1.0301,  34.7112,2.0,    207.1,2.0,    205.6,2.0,   114.04,2.0,    31.58,2.0,     2.16,2.0,   2362.3,2.0,7.5985,2.0,    25.00,   0.7698
148,  29HE20130320,6.0,1.0,6.0,2.0,20130325.0,706.0,-47.705,-54.382, 5928,   3047.2,   1.4268,  34.7310,2.0,    201.0,2.0,    202.0,2.0,   105.78,2.0,    31.28,2.0,     2.10,2.0,   2362.6,2.0,7.6051,2.0,    25.00,   1.2068
149,  29HE20130320,6.0,1.0,7.0,2.0,20130325.0,706.0,-47.705,-54.382, 5928,   2534.4,   1.9299,  34.7501,2.0,    196.1,2.0,    196.2,2.0,    90.63,2.0,    30.29,2.0,     2.03,2.0,   2353.4,2.0,7.6095,2.0,    25.00,   1.7473
150,  29HE20130320,6.0,1.0,8.0,2.0,20130325.0,706.0,-47.705,-54.382, 5928,   2281.2,   2.2433,  34.7640,2.0,    197.3,2.0,    197.4,2.0,    79.32,2.0,    29.61,2.0,     1.96,2.0,   2346.7,2.0,7.6177,2.0,    25.00,   2.0780
151,  29HE20130320,6.0,1.0,9.0,2.0,20130325.0,706.0,-47.705,-54.382, 5928,   2025.9,   2.4691,  34.7637,2.0,    195.8,2.0,    196.4,2.0,    73.57,2.0,    29.28,2.0,     1.96,2.0,   2343.2,2.0,7.6169,2.0,    25.00,   2.3228
152,  29HE20130320,6.0,1.0,10.0,2.0,20130325.0,706.0,-47.705,-54.382, 5928,   1821.9,   2.4463,  34.7156,2.0,    184.3,2.0,    183.6,2.0,    79.11,2.0,    31.13,2.0,     2.10,2.0,   2342.2,2.0,7.5903,2.0,    25.00,   2.3181
153,  29HE20130320,6.0,1.0,11.0,2.0,20130325.0,706.0,-47.705,-54.382, 5928,   1619.0,   2.5644,  34.6845,2.0,    180.4,2.0,    180.5,2.0,    75.16,2.0,    31.94,2.0,     2.16,2.0,   2347.5,2.0,7.5832,2.0,    25.00,   2.4516
154,  29HE20130320,6.0,1.0,12.0,2.0,20130325.0,706.0,-47.705,-54.382, 5928,   1414.5,   2.7002,  34.6461,2.0,    178.6,2.0,    178.7,2.0,    69.48,2.0,    32.51,2.0,     2.20,2.0,   2342.9,2.0,7.5756,2.0,    25.00,   2.6025
155,  29HE20130320,6.0,1.0,13.0,2.0,20130325.0,706.0,-47.705,-54.382, 5928,   1213.4,   2.7384,  34.5833,2.0,    176.4,2.0,    176.5,2.0,    67.71,2.0,    33.21,2.0,     2.24,2.0,   2337.8,2.0,7.5674,2.0,    25.00,   2.6563
156,  29HE20130320,6.0,1.0,14.0,2.0,20130325.0,706.0,-47.705,-54.382, 5928,   1009.0,   2.7061,  34.4708,2.0,    177.4,2.0,    177.9,2.0,    65.36,2.0,    34.64,2.0,     2.34,2.0,   2329.6,2.0,7.5502,2.0,    25.00,   2.6399
157,  29HE20130320,6.0,1.0,15.0,2.0,20130325.0,706.0,-47.705,-54.382, 5928,    808.2,   2.8526,  34.3666,2.0,    194.5,2.0,    194.7,2.0,    52.89,2.0,    33.98,2.0,     2.30,2.0,   2317.1,2.0,7.564,2.0,    25.00,   2.8001
158,  29HE20130320,6.0,1.0,16.0,2.0,20130325.0,706.0,-47.705,-54.382, 5928,    708.1,   2.9293,  34.3084,2.0,    208.3,2.0,    207.5,2.0,    44.88,2.0,    32.91,2.0,     2.24,2.0,   2311.4,2.0,7.5763,2.0,    25.00,   2.8835
159,  29HE20130320,6.0,1.0,17.0,2.0,20130325.0,706.0,-47.705,-54.382, 5928,    607.5,   2.9871,  34.2472,2.0,    223.8,2.0,    224.6,2.0,    37.12,2.0,    32.31,2.0,     2.15,2.0,   2305.2,2.0,7.5925,2.0,    25.00,   2.9481
160,  29HE20130320,6.0,1.0,18.0,2.0,20130325.0,706.0,-47.705,-54.382, 5928,    507.8,   3.0121,  34.1628,2.0,    248.8,2.0,    248.0,2.0,    28.66,2.0,    30.34,2.0,     2.01,2.0,   2293.3,2.0,7.6196,2.0,    25.00,   2.9798
161,  29HE20130320,6.0,1.0,19.0,2.0,20130325.0,706.0,-47.705,-54.382, 5928,    402.6,   3.4160,  34.1420,2.0,    258.5,2.0,    258.8,2.0,    22.84,2.0,    29.02,2.0,     1.92,2.0,   2288.5,2.0,7.639,2.0,    25.00,   3.3895
162,  29HE20130320,6.0,1.0,20.0,2.0,20130325.0,706.0,-47.705,-54.382, 5928,    303.2,   3.5157,  34.0803,2.0,    281.9,2.0,    281.3,2.0,    15.85,2.0,    27.28,2.0,     1.78,2.0,   2281.7,2.0,7.6665,2.0,    25.00,   3.4958
163,  29HE20130320,6.0,1.0,21.0,2.0,20130325.0,706.0,-47.705,-54.382, 5928,    202.6,   3.8874,  34.0749,2.0,    292.7,2.0,    292.5,2.0,    11.23,2.0,    25.47,2.0,     1.64,2.0,   2279.6,2.0,7.6874,2.0,    25.00,   3.8736
164,  29HE20130320,6.0,1.0,22.0,2.0,20130325.0,706.0,-47.705,-54.382, 5928,    102.3,   5.2806,  34.0592,2.0,    289.8,2.0,    288.7,2.0,     5.94,2.0,    23.35,2.0,     1.45,2.0,   2276.3,2.0,7.7098,2.0,    25.00,   5.2726
165,  29HE20130320,6.0,1.0,23.0,2.0,20130325.0,706.0,-47.705,-54.382, 5928,     36.2,  12.2670,  34.2661,2.0,    266.0,2.0,    266.4,2.0,     0.95,2.0,     6.34,2.0,     0.50,2.0,   2291.8,2.0,-999.0,9.0,  -999.00,  12.2623
166,  29HE20130320,6.0,1.0,24.0,2.0,20130325.0,706.0,-47.705,-54.382, 5928,      6.1,  12.2737,  34.2663,2.0,    266.1,2.0,    266.5,2.0,     0.98,2.0,     6.43,2.0,     0.50,2.0,   2291.6,2.0,7.9115,2.0,    25.00,  12.2729
167,  29HE20130320,7.0,1.0,1.0,2.0,20130325.0,1811.0,-47.105,-53.864, 6166,   6146.4,   0.4053,  34.6708,2.0,    223.5,2.0,    224.7,2.0,   128.79,2.0,    32.20,2.0,     2.24,2.0,   2366.3,2.0,7.5945,2.0,    25.00,  -0.1324
168,  29HE20130320,7.0,1.0,2.0,2.0,20130325.0,1811.0,-47.105,-53.864, 6166,   5617.7,   0.3999,  34.6739,2.0,    223.1,2.0,    224.6,2.0,   127.03,2.0,    32.19,2.0,     2.26,2.0,   2365.6,2.0,7.5951,2.0,    25.00,  -0.0707
169,  29HE20130320,7.0,1.0,3.0,2.0,20130325.0,1811.0,-47.105,-53.864, 6166,   5099.4,   0.4553,  34.6788,2.0,    221.0,2.0,    220.2,2.0,   126.63,2.0,    32.11,2.0,     2.26,2.0,   2363.7,2.0,7.5953,2.0,    25.00,   0.0450
170,  29HE20130320,7.0,1.0,4.0,2.0,20130325.0,1811.0,-47.105,-53.864, 6166,   4584.2,   0.6082,  34.6862,2.0,    217.3,2.0,    218.9,2.0,   123.93,2.0,    31.96,2.0,     2.23,2.0,   2361.1,2.0,7.5922,2.0,    25.00,   0.2517
171,  29HE20130320,7.0,1.0,5.0,2.0,20130325.0,1811.0,-47.105,-53.864, 6166,   4071.2,   0.9667,  34.7053,2.0,    209.3,2.0,    212.4,2.0,   116.42,2.0,    31.45,2.0,     2.19,2.0,   2359.5,2.0,7.5961,2.0,    25.00,   0.6551
172,  29HE20130320,7.0,1.0,6.0,2.0,20130325.0,1811.0,-47.105,-53.864, 6166,   3558.4,   1.1105,  34.7133,2.0,    205.6,2.0,    205.9,2.0,   113.82,2.0,    31.23,2.0,     2.18,2.0,   2360.3,2.0,7.5984,2.0,    25.00,   0.8481
173,  29HE20130320,7.0,1.0,7.0,2.0,20130325.0,1811.0,-47.105,-53.864, 6166,   3046.0,   1.2688,  34.7221,2.0,    202.3,2.0,    203.1,2.0,   110.14,2.0,    31.19,2.0,     2.13,2.0,   2360.5,2.0,7.5949,2.0,    25.00,   1.0525
174,  29HE20130320,7.0,1.0,8.0,2.0,20130325.0,1811.0,-47.105,-53.864, 6166,   2540.6,   2.1218,  34.7926,2.0,    210.1,2.0,    212.2,2.0,    76.31,2.0,    27.52,2.0,     1.84,2.0,   2348.5,2.0,7.6392,2.0,    25.00,   1.9349
175,  29HE20130320,7.0,1.0,9.0,2.0,20130325.0,1811.0,-47.105,-53.864, 6166,   2027.9,   2.6371,  34.7900,2.0,    203.7,2.0,    206.8,2.0,    64.65,2.0,    27.78,2.0,     1.85,2.0,   2341.9,2.0,7.6293,2.0,    25.00,   2.4880
176,  29HE20130320,7.0,1.0,10.0,2.0,20130325.0,1811.0,-47.105,-53.864, 6166,   1825.1,   2.7993,  34.7690,2.0,    198.7,2.0,    199.8,2.0,    61.63,2.0,    28.20,2.0,     1.89,2.0,   2339.1,2.0,7.6244,2.0,    25.00,   2.6657
177,  29HE20130320,7.0,1.0,11.0,2.0,20130325.0,1811.0,-47.105,-53.864, 6166,   1620.4,   2.7333,  34.6985,2.0,    185.1,2.0,    186.9,2.0,    67.52,2.0,    30.56,2.0,     2.09,2.0,   2340.1,2.0,7.5926,2.0,    25.00,   2.6183
178,  29HE20130320,7.0,1.0,12.0,2.0,20130325.0,1811.0,-47.105,-53.864, 6166,   1417.9,   2.7295,  34.6251,2.0,    177.7,2.0,    180.4,2.0,    68.92,2.0,    31.96,2.0,     2.20,2.0,   2335.5,2.0,7.5734,2.0,    25.00,   2.6313
179,  29HE20130320,7.0,1.0,13.0,2.0,20130325.0,1811.0,-47.105,-53.864, 6166,   1215.2,   2.8133,  34.5552,2.0,    178.6,2.0,    179.6,2.0,    63.60,2.0,    33.10,2.0,     2.26,2.0,   2329.8,2.0,7.5672,2.0,    25.00,   2.7304
180,  29HE20130320,7.0,1.0,14.0,2.0,20130325.0,1811.0,-47.105,-53.864, 6166,   1010.6,   2.8344,  34.4363,2.0,    184.2,2.0,    186.5,2.0,    59.33,2.0,    33.92,2.0,     2.33,2.0,   2321.9,2.0,7.5622,2.0,    25.00,   2.7671
181,  29HE20130320,7.0,1.0,15.0,2.0,20130325.0,1811.0,-47.105,-53.864, 6166,    809.2,   3.0303,  34.3279,2.0,    205.2,2.0,    207.5,2.0,    46.04,2.0,    32.73,2.0,     2.26,2.0,   2311.9,2.0,7.5791,2.0,    25.00,   2.9766
182,  29HE20130320,7.0,1.0,16.0,2.0,20130325.0,1811.0,-47.105,-53.864, 6166,    709.6,   2.9491,  34.2423,2.0,    226.2,2.0,    225.7,2.0,    37.44,2.0,    31.83,2.0,     2.19,2.0,   2302.5,2.0,7.5885,2.0,    25.00,   2.9031
183,  29HE20130320,7.0,1.0,17.0,2.0,20130325.0,1811.0,-47.105,-53.864, 6166,    607.8,   3.2031,  34.1862,2.0,    243.6,2.0,    243.3,2.0,    29.87,2.0,    30.38,2.0,     2.07,2.0,   2295.1,2.0,7.6163,2.0,    25.00,   3.1631
184,  29HE20130320,7.0,1.0,18.0,2.0,20130325.0,1811.0,-47.105,-53.864, 6166,    507.1,   3.4260,  34.1486,2.0,    258.4,2.0,    258.2,2.0,    23.06,2.0,    28.97,2.0,     1.95,2.0,   2287.6,2.0,7.6439,2.0,    25.00,   3.3921
185,  29HE20130320,7.0,1.0,19.0,2.0,20130325.0,1811.0,-47.105,-53.864, 6166,    402.7,   3.8446,  34.1281,2.0,    271.3,2.0,    267.9,2.0,    17.00,2.0,    27.03,2.0,     1.80,2.0,   2282.4,2.0,7.6636,2.0,    25.00,   3.8167
186,  29HE20130320,7.0,1.0,20.0,2.0,20130325.0,1811.0,-47.105,-53.864, 6166,    303.7,   4.1557,  34.1140,2.0,    282.0,2.0,    280.6,2.0,    12.50,2.0,    25.45,2.0,     1.69,2.0,   2279.0,2.0,7.6792,2.0,    25.00,   4.1342
187,  29HE20130320,7.0,1.0,21.0,2.0,20130325.0,1811.0,-47.105,-53.864, 6166,    203.9,   4.7114,  34.1359,2.0,    277.8,2.0,    276.0,2.0,     9.75,2.0,    24.66,2.0,     1.61,2.0,   2277.7,2.0,7.6938,2.0,    25.00,   4.6962
188,  29HE20130320,7.0,1.0,22.0,2.0,20130325.0,1811.0,-47.105,-53.864, 6166,    102.1,   8.0073,  34.4223,2.0,    256.1,2.0,    256.2,2.0,     4.64,2.0,    18.60,2.0,     1.17,2.0,   2289.0,2.0,7.7489,2.0,    25.00,   7.9971
189,  29HE20130320,7.0,1.0,23.0,2.0,20130325.0,1811.0,-47.105,-53.864, 6166,     50.8,  13.0467,  34.4640,2.0,    262.5,2.0,    262.5,2.0,     0.78,2.0,     4.12,2.0,     0.38,2.0,   2300.4,2.0,7.9284,2.0,    25.00,  13.0398
190,  29HE20130320,7.0,1.0,24.0,2.0,20130325.0,1811.0,-47.105,-53.864, 6166,      6.3,  13.0213,  34.4279,2.0,    263.3,2.0,    263.5,2.0,     0.89,2.0,     4.43,2.0,     0.29,2.0,   2297.9,2.0,7.9353,2.0,    25.00,  13.0204
191,  29HE20130320,8.0,1.0,1.0,2.0,20130326.0,349.0,-46.506,-53.334, 6176,   6155.6,   0.3980,  34.6704,2.0,    222.7,2.0,    222.5,2.0,   130.06,2.0,    33.02,2.0,     2.29,2.0,   2367.3,2.0,7.5919,2.0,    25.00,  -0.1406
192,  29HE20130320,8.0,1.0,2.0,2.0,20130326.0,349.0,-46.506,-53.334, 6176,   5618.0,   0.3621,  34.6723,2.0,    223.7,2.0,    222.5,2.0,   129.52,2.0,    32.82,2.0,     2.28,2.0,   2366.9,2.0,7.589,2.0,    25.00,  -0.1071
193,  29HE20130320,8.0,1.0,3.0,2.0,20130326.0,349.0,-46.506,-53.334, 6176,   5100.2,   0.3764,  34.6758,2.0,    222.5,2.0,    218.6,2.0,   126.70,2.0,    32.62,2.0,     2.26,2.0,   2364.3,2.0,7.5959,2.0,    25.00,  -0.0312
194,  29HE20130320,8.0,1.0,4.0,2.0,20130326.0,349.0,-46.506,-53.334, 6176,   4585.3,   0.5122,  34.6835,2.0,    218.7,2.0,    217.0,2.0,   126.25,2.0,    32.67,2.0,     2.27,2.0,   2364.0,2.0,7.5987,2.0,    25.00,   0.1587
195,  29HE20130320,8.0,1.0,5.0,2.0,20130326.0,349.0,-46.506,-53.334, 6176,   4068.1,   0.8609,  34.7019,2.0,    211.4,2.0,    210.8,2.0,   119.71,2.0,    32.16,2.0,     2.20,2.0,   2361.9,2.0,7.5941,2.0,    25.00,   0.5527
196,  29HE20130320,8.0,1.0,6.0,2.0,20130326.0,349.0,-46.506,-53.334, 6176,   3558.9,   1.2539,  34.7215,2.0,    204.0,2.0,    204.3,2.0,   111.76,2.0,    31.48,2.0,     2.13,2.0,   2362.7,2.0,7.6,2.0,    25.00,   0.9877
197,  29HE20130320,8.0,1.0,7.0,2.0,20130326.0,349.0,-46.506,-53.334, 6176,   3046.7,   1.7306,  34.7500,2.0,    201.4,2.0,    201.1,2.0,    95.69,2.0,    30.26,2.0,     2.06,2.0,   2359.8,2.0,7.6092,2.0,    25.00,   1.5038
198,  29HE20130320,8.0,1.0,8.0,2.0,20130326.0,349.0,-46.506,-53.334, 6176,   2534.7,   2.2081,  34.7676,2.0,    199.1,2.0,    199.0,2.0,    81.03,2.0,    29.42,2.0,     2.00,2.0,   2347.4,2.0,7.6187,2.0,    25.00,   2.0202
199,  29HE20130320,8.0,1.0,9.0,2.0,20130326.0,349.0,-46.506,-53.334, 6176,   2026.2,   2.6315,  34.7433,2.0,    192.0,2.0,    191.4,2.0,    69.82,2.0,    29.78,2.0,     2.03,2.0,   2343.8,2.0,7.6103,2.0,    25.00,   2.4828
200,  29HE20130320,8.0,1.0,10.0,2.0,20130326.0,349.0,-46.506,-53.334, 6176,   1821.9,   2.7398,  34.7117,2.0,    187.0,2.0,    186.6,2.0,    68.38,2.0,    30.56,2.0,     2.08,2.0,   2342.3,2.0,7.5967,2.0,    25.00,   2.6075
201,  29HE20130320,8.0,1.0,11.0,2.0,20130326.0,349.0,-46.506,-53.334, 6176,   1619.0,   2.8014,  34.6598,2.0,    181.8,2.0,    181.2,2.0,    66.15,2.0,    31.67,2.0,     2.15,2.0,   2338.0,2.0,7.5829,2.0,    25.00,   2.6857
202,  29HE20130320,8.0,1.0,12.0,2.0,20130326.0,349.0,-46.506,-53.334, 6176,   1417.4,   2.8044,  34.5876,2.0,    178.4,2.0,    177.7,2.0,    66.10,2.0,    33.03,2.0,     2.28,2.0,   2332.1,2.0,7.5697,2.0,    25.00,   2.7055
203,  29HE20130320,8.0,1.0,13.0,2.0,20130326.0,349.0,-46.506,-53.334, 6176,   1216.6,   2.9361,  34.4965,2.0,    183.3,2.0,    182.9,2.0,    57.63,2.0,    33.31,2.0,     2.31,2.0,   2328.4,2.0,7.5672,2.0,    25.00,   2.8520
204,  29HE20130320,8.0,1.0,14.0,2.0,20130326.0,349.0,-46.506,-53.334, 6176,   1010.6,   2.9400,  34.3721,2.0,    195.1,2.0,    194.2,2.0,    52.20,2.0,    33.81,2.0,     2.32,2.0,   2317.6,2.0,7.5636,2.0,    25.00,   2.8720
205,  29HE20130320,8.0,1.0,15.0,2.0,20130326.0,349.0,-46.506,-53.334, 6176,    809.0,   3.1303,  34.2452,2.0,    226.2,2.0,    225.0,2.0,    36.01,2.0,    31.77,2.0,     2.17,2.0,   2305.7,2.0,7.5964,2.0,    25.00,   3.0761
206,  29HE20130320,8.0,1.0,16.0,2.0,20130326.0,349.0,-46.506,-53.334, 6176,    708.4,   3.3829,  34.2173,2.0,    236.2,2.0,    235.2,2.0,    29.77,2.0,    30.44,2.0,     2.04,2.0,   2299.8,2.0,7.6094,2.0,    25.00,   3.3346
207,  29HE20130320,8.0,1.0,17.0,2.0,20130326.0,349.0,-46.506,-53.334, 6176,    606.9,   3.4794,  34.1536,2.0,    256.9,2.0,    256.6,2.0,    23.04,2.0,    29.04,2.0,     1.96,2.0,   2292.8,2.0,7.6275,2.0,    25.00,   3.4381
208,  29HE20130320,8.0,1.0,18.0,2.0,20130326.0,349.0,-46.506,-53.334, 6176,    503.4,   3.9114,  34.1433,2.0,    266.5,2.0,    264.7,2.0,    17.57,2.0,    27.48,2.0,     1.81,2.0,   2288.2,2.0,7.655,2.0,    25.00,   3.8759
209,  29HE20130320,8.0,1.0,19.0,2.0,20130326.0,349.0,-46.506,-53.334, 6176,    404.3,   4.2901,  34.1302,2.0,    277.5,2.0,   -999.0,9.0,  -999.00,9.0,  -999.00,9.0,  -999.00,9.0,   2285.8,2.0,-999.0,9.0,  -999.00,   4.2607
210,  29HE20130320,8.0,1.0,20.0,2.0,20130326.0,349.0,-46.506,-53.334, 6176,    303.3,   4.5013,  34.1178,2.0,    283.3,2.0,    281.1,2.0,    10.25,2.0,    24.69,2.0,     1.61,2.0,   2280.4,2.0,7.6943,2.0,    25.00,   4.4790
211,  29HE20130320,8.0,1.0,21.0,2.0,20130326.0,349.0,-46.506,-53.334, 6176,    202.3,   5.4276,  34.1885,2.0,    266.6,2.0,    265.8,2.0,     8.93,2.0,    24.08,2.0,     1.50,2.0,   2281.1,2.0,7.6947,2.0,    25.00,   5.4114
212,  29HE20130320,8.0,1.0,22.0,2.0,20130326.0,349.0,-46.506,-53.334, 6176,    101.8,   8.9132,  34.5516,2.0,    237.5,2.0,    235.8,2.0,     4.85,2.0,    17.26,2.0,     0.99,2.0,   2301.7,2.0,7.7546,2.0,    25.00,   8.9023
213,  29HE20130320,8.0,1.0,23.0,2.0,20130326.0,349.0,-46.506,-53.334, 6176,     50.0,  13.3191,  34.4563,2.0,    258.6,2.0,    257.8,2.0,     0.82,2.0,     4.00,2.0,     0.27,2.0,   2300.5,2.0,7.9102,2.0,    25.00,  13.3122
214,  29HE20130320,8.0,1.0,24.0,2.0,20130326.0,349.0,-46.506,-53.334, 6176,      5.0,  13.3489,  34.4278,2.0,    262.5,2.0,    261.1,2.0,     0.59,2.0,     3.05,2.0,     0.09,2.0,   2297.6,2.0,7.9299,2.0,    25.00,  13.3482
215,  29HE20130320,9.0,1.0,1.0,2.0,20130326.0,1324.0,-45.905,-52.812, 6150,   6129.8,   0.3939,  34.6702,2.0,    222.5,2.0,    222.9,2.0,  -999.00,9.0,  -999.00,9.0,  -999.00,9.0,   2368.2,2.0,-999.0,9.0,  -999.00,  -0.1412
216,  29HE20130320,9.0,1.0,2.0,2.0,20130326.0,1324.0,-45.905,-52.812, 6150,   5615.7,   0.3578,  34.6722,2.0,    222.8,2.0,    222.7,2.0,   126.85,2.0,    32.91,2.0,     2.28,2.0,   2368.3,2.0,7.5955,2.0,    25.00,  -0.1109
217,  29HE20130320,9.0,1.0,3.0,2.0,20130326.0,1324.0,-45.905,-52.812, 6150,   5105.9,   0.3594,  34.6750,2.0,    222.1,2.0,    221.0,2.0,   126.77,2.0,    32.78,2.0,     2.28,2.0,   2365.0,2.0,7.5937,2.0,    25.00,  -0.0482
218,  29HE20130320,9.0,1.0,4.0,2.0,20130326.0,1324.0,-45.905,-52.812, 6150,   4586.4,   0.4826,  34.6826,2.0,    218.2,2.0,    217.6,2.0,   123.08,2.0,    32.41,2.0,     2.25,2.0,   2367.0,2.0,7.5866,2.0,    25.00,   0.1299
219,  29HE20130320,9.0,1.0,5.0,2.0,20130326.0,1324.0,-45.905,-52.812, 6150,   4072.7,   0.8349,  34.7007,2.0,    211.0,2.0,    210.9,2.0,   117.29,2.0,    32.03,2.0,     2.21,2.0,   2364.4,2.0,7.6017,2.0,    25.00,   0.5270
220,  29HE20130320,9.0,1.0,6.0,2.0,20130326.0,1324.0,-45.905,-52.812, 6150,   3559.6,   1.2526,  34.7232,2.0,    203.9,2.0,    203.1,2.0,   109.65,2.0,    31.33,2.0,     2.15,2.0,   2364.6,2.0,7.5963,2.0,    25.00,   0.9864
221,  29HE20130320,9.0,1.0,7.0,2.0,20130326.0,1324.0,-45.905,-52.812, 6150,   3048.0,   1.7875,  34.7607,2.0,    203.8,2.0,    204.6,2.0,    91.28,2.0,    29.67,2.0,     2.05,2.0,   2358.1,2.0,7.6173,2.0,    25.00,   1.5592
222,  29HE20130320,9.0,1.0,8.0,2.0,20130326.0,1324.0,-45.905,-52.812, 6150,   2541.9,   2.3683,  34.8010,2.0,    208.8,2.0,    211.1,2.0,    69.41,2.0,    27.45,2.0,     1.89,2.0,   2350.9,2.0,-999.0,9.0,  -999.00,   2.1766
223,  29HE20130320,9.0,1.0,9.0,2.0,20130326.0,1324.0,-45.905,-52.812, 6150,   2027.9,   2.8552,  34.8042,2.0,    206.9,2.0,    206.9,2.0,    42.53,2.0,    31.53,2.0,     2.14,2.0,   2342.8,2.0,7.5964,2.0,    25.00,   2.7027
224,  29HE20130320,9.0,1.0,10.0,2.0,20130326.0,1324.0,-45.905,-52.812, 6150,   1823.3,   2.5123,  34.6947,2.0,    180.7,2.0,    181.3,2.0,    75.71,2.0,    31.66,2.0,     2.16,2.0,   2348.6,2.0,7.5893,2.0,    25.00,   2.3831
225,  29HE20130320,9.0,1.0,11.0,2.0,20130326.0,1324.0,-45.905,-52.812, 6150,   1624.4,   2.6997,  34.6717,2.0,    180.3,2.0,    181.7,2.0,    69.67,2.0,    31.65,2.0,     2.18,2.0,   2339.3,2.0,7.5837,2.0,    25.00,   2.5848
226,  29HE20130320,9.0,1.0,12.0,2.0,20130326.0,1324.0,-45.905,-52.812, 6150,   1414.7,   2.8924,  34.6393,2.0,    182.0,2.0,    182.3,2.0,    62.15,2.0,    31.73,2.0,     2.17,2.0,   2334.6,2.0,7.5832,2.0,    25.00,   2.7926
227,  29HE20130320,9.0,1.0,13.0,2.0,20130326.0,1324.0,-45.905,-52.812, 6150,   1220.9,   2.7393,  34.5163,2.0,    176.3,2.0,    177.6,2.0,    65.74,2.0,    33.91,2.0,     2.32,2.0,   2332.3,2.0,7.5589,2.0,    25.00,   2.6567
228,  29HE20130320,9.0,1.0,14.0,2.0,20130326.0,1324.0,-45.905,-52.812, 6150,   1012.6,   2.8795,  34.4204,2.0,    186.1,2.0,    187.3,2.0,    57.02,2.0,    34.03,2.0,     2.32,2.0,   2321.0,2.0,7.5613,2.0,    25.00,   2.8117
229,  29HE20130320,9.0,1.0,15.0,2.0,20130326.0,1324.0,-45.905,-52.812, 6150,    809.3,   3.1335,  34.3174,2.0,    207.5,2.0,    207.8,2.0,    44.03,2.0,    32.80,2.0,     2.24,2.0,   2310.1,2.0,7.5846,2.0,    25.00,   3.0792
230,  29HE20130320,9.0,1.0,16.0,2.0,20130326.0,1324.0,-45.905,-52.812, 6150,    713.6,   3.2181,  34.2533,2.0,    224.7,2.0,    226.5,2.0,    35.40,2.0,    31.66,2.0,     2.15,2.0,   2301.3,2.0,7.6017,2.0,    25.00,   3.1703
231,  29HE20130320,9.0,1.0,17.0,2.0,20130326.0,1324.0,-45.905,-52.812, 6150,    605.8,   3.3486,  34.1896,2.0,    244.2,2.0,    243.8,2.0,    28.21,2.0,    30.18,2.0,     2.00,2.0,   2295.1,2.0,7.6255,2.0,    25.00,   3.3080
232,  29HE20130320,9.0,1.0,18.0,2.0,20130326.0,1324.0,-45.905,-52.812, 6150,    505.6,   3.5971,  34.1546,2.0,    257.7,2.0,    257.7,2.0,    21.61,2.0,    28.63,2.0,     1.89,2.0,   2290.0,2.0,7.6438,2.0,    25.00,   3.5626
233,  29HE20130320,9.0,1.0,19.0,2.0,20130326.0,1324.0,-45.905,-52.812, 6150,    405.8,   3.9351,  34.1278,2.0,    272.3,2.0,    271.7,2.0,    15.85,2.0,    27.01,2.0,     1.76,2.0,   2289.1,2.0,7.6675,2.0,    25.00,   3.9067
234,  29HE20130320,9.0,1.0,20.0,2.0,20130326.0,1324.0,-45.905,-52.812, 6150,    306.5,   4.3911,  34.1307,2.0,    276.2,2.0,    276.1,2.0,    11.36,2.0,    25.50,2.0,     1.63,2.0,   2282.5,2.0,7.6804,2.0,    25.00,   4.3688
235,  29HE20130320,9.0,1.0,21.0,2.0,20130326.0,1324.0,-45.905,-52.812, 6150,    202.5,   5.2172,  34.1785,2.0,    265.8,2.0,    264.9,2.0,     9.16,2.0,    24.45,2.0,     1.53,2.0,   2280.6,2.0,7.685,2.0,    25.00,   5.2013
236,  29HE20130320,9.0,1.0,22.0,2.0,20130326.0,1324.0,-45.905,-52.812, 6150,    104.4,   8.2844,  34.4392,2.0,    252.5,2.0,    252.9,2.0,     4.12,2.0,    18.18,2.0,     1.05,2.0,   2297.7,2.0,7.752,2.0,    25.00,   8.2738
237,  29HE20130320,9.0,1.0,23.0,2.0,20130326.0,1324.0,-45.905,-52.812, 6150,     50.6,  13.1862,  34.5276,2.0,    252.3,2.0,    252.6,2.0,     1.01,2.0,     4.58,2.0,     0.31,2.0,   2306.0,2.0,7.9158,2.0,    25.00,  13.1792
238,  29HE20130320,9.0,1.0,24.0,2.0,20130326.0,1324.0,-45.905,-52.812, 6150,      6.4,  13.6599,  34.5229,2.0,    260.6,2.0,    260.6,2.0,     0.67,2.0,     2.88,2.0,     0.15,2.0,   2303.5,2.0,7.9374,2.0,    25.00,  13.6590
239,  29HE20130320,10.0,1.0,1.0,2.0,20130326.0,2256.0,-45.305,-52.287, 6012,   6108.0,   0.3945,  34.6703,2.0,    223.0,2.0,    222.7,2.0,   128.77,2.0,    32.65,2.0,     2.34,2.0,   2369.1,2.0,7.5902,2.0,    25.00,  -0.1378
240,  29HE20130320,10.0,1.0,2.0,2.0,20130326.0,2256.0,-45.305,-52.287, 6012,   5614.9,   0.3552,  34.6719,2.0,    222.9,2.0,    223.0,2.0,   128.48,2.0,    32.54,2.0,     2.33,2.0,   2368.5,2.0,7.5944,2.0,    25.00,  -0.1133
241,  29HE20130320,10.0,1.0,3.0,2.0,20130326.0,2256.0,-45.305,-52.287, 6012,   5099.2,   0.3534,  34.6746,2.0,    222.3,2.0,    221.5,2.0,   127.30,2.0,    32.28,2.0,     2.34,2.0,   2365.7,2.0,7.5962,2.0,    25.00,  -0.0532
242,  29HE20130320,10.0,1.0,4.0,2.0,20130326.0,2256.0,-45.305,-52.287, 6012,   4583.8,   0.4463,  34.6807,2.0,    219.4,2.0,    218.5,2.0,   125.91,2.0,    32.39,2.0,     2.30,2.0,   2366.3,2.0,7.592,2.0,    25.00,   0.0950
243,  29HE20130320,10.0,1.0,5.0,2.0,20130326.0,2256.0,-45.305,-52.287, 6012,   4067.2,   0.7518,  34.6967,2.0,    212.7,2.0,    212.8,2.0,   140.93,2.0,    31.88,2.0,     2.29,2.0,   2364.1,2.0,7.5997,2.0,    25.00,   0.4469
244,  29HE20130320,10.0,1.0,6.0,2.0,20130326.0,2256.0,-45.305,-52.287, 6012,   3554.0,   1.1771,  34.7195,2.0,    205.5,2.0,    205.5,2.0,   134.05,2.0,    31.20,2.0,     2.24,2.0,   2363.5,2.0,7.6232,2.0,    25.00,   0.9134
245,  29HE20130320,10.0,1.0,7.0,2.0,20130326.0,2256.0,-45.305,-52.287, 6012,   3046.8,   1.6095,  34.7422,2.0,    200.3,2.0,    200.6,2.0,   124.85,2.0,    30.17,2.0,     2.14,2.0,   2355.6,2.0,7.6261,2.0,    25.00,   1.3854
246,  29HE20130320,10.0,1.0,8.0,2.0,20130326.0,2256.0,-45.305,-52.287, 6012,   2535.9,   2.1474,  34.7818,2.0,    204.6,2.0,    205.1,2.0,   104.14,2.0,    28.19,2.0,     1.99,2.0,   2351.8,2.0,7.6317,2.0,    25.00,   1.9605
247,  29HE20130320,10.0,1.0,9.0,2.0,20130326.0,2256.0,-45.305,-52.287, 6012,   2029.8,   2.4704,  34.7644,2.0,    196.0,2.0,    193.1,2.0,    98.66,2.0,    29.55,2.0,     2.06,2.0,   2343.9,2.0,7.5917,2.0,    25.00,   2.3238
248,  29HE20130320,10.0,1.0,10.0,2.0,20130326.0,2256.0,-45.305,-52.287, 6012,   1818.9,   2.6016,  34.7419,2.0,    190.7,2.0,    190.9,2.0,    95.24,2.0,    29.79,2.0,     2.10,2.0,   2348.9,2.0,7.6057,2.0,    25.00,   2.4714
249,  29HE20130320,10.0,1.0,11.0,2.0,20130326.0,2256.0,-45.305,-52.287, 6012,   1620.6,   2.5469,  34.6871,2.0,    180.0,2.0,    179.9,2.0,   101.89,2.0,    31.52,2.0,     2.20,2.0,   2340.7,2.0,7.58,2.0,    25.00,   2.4342
250,  29HE20130320,10.0,1.0,12.0,2.0,20130326.0,2256.0,-45.305,-52.287, 6012,   1421.3,   2.5103,  34.6241,2.0,    172.1,2.0,    172.2,2.0,   104.05,2.0,    33.28,2.0,     2.39,2.0,   2334.6,2.0,7.5633,2.0,    25.00,   2.4142
251,  29HE20130320,10.0,1.0,13.0,2.0,20130326.0,2256.0,-45.305,-52.287, 6012,   1206.3,   2.6419,  34.5712,2.0,    172.8,2.0,    173.7,2.0,    97.86,2.0,    33.82,2.0,     2.41,2.0,   2333.1,2.0,7.5642,2.0,    25.00,   2.5613
252,  29HE20130320,10.0,1.0,14.0,2.0,20130326.0,2256.0,-45.305,-52.287, 6012,   1009.7,   2.7359,  34.4852,2.0,    177.3,2.0,    177.4,2.0,    90.64,2.0,    34.28,2.0,     2.45,2.0,   2322.6,2.0,7.5602,2.0,    25.00,   2.6694
253,  29HE20130320,10.0,1.0,15.0,2.0,20130326.0,2256.0,-45.305,-52.287, 6012,    805.9,   2.7741,  34.3662,2.0,    193.2,2.0,    193.5,2.0,    78.55,2.0,    34.07,2.0,     2.42,2.0,   2310.2,2.0,7.5612,2.0,    25.00,   2.7222
254,  29HE20130320,10.0,1.0,16.0,2.0,20130326.0,2256.0,-45.305,-52.287, 6012,    713.7,   2.8147,  34.3161,2.0,    204.7,2.0,    205.3,2.0,    69.92,2.0,    33.38,2.0,     2.33,2.0,   2303.8,2.0,7.5707,2.0,    25.00,   2.7691
255,  29HE20130320,10.0,1.0,17.0,2.0,20130326.0,2256.0,-45.305,-52.287, 6012,    600.2,   2.8336,  34.2396,2.0,    224.8,2.0,    225.3,2.0,    57.91,2.0,    32.34,2.0,     2.22,2.0,   2296.3,2.0,7.5942,2.0,    25.00,   2.7958
256,  29HE20130320,10.0,1.0,18.0,2.0,20130326.0,2256.0,-45.305,-52.287, 6012,    510.2,   2.8516,  34.1785,2.0,    243.5,2.0,    244.2,2.0,    47.35,2.0,    30.93,2.0,     2.15,2.0,   2287.1,2.0,7.6095,2.0,    25.00,   2.8198
257,  29HE20130320,10.0,1.0,19.0,2.0,20130326.0,2256.0,-45.305,-52.287, 6012,    399.4,   3.0198,  34.1167,2.0,    263.2,2.0,    263.1,2.0,    24.47,2.0,    29.40,2.0,     2.03,2.0,   2281.3,2.0,7.6325,2.0,    25.00,   2.9948
258,  29HE20130320,10.0,1.0,20.0,2.0,20130326.0,2256.0,-45.305,-52.287, 6012,    309.7,   3.3137,  34.0832,2.0,    274.3,2.0,    274.4,2.0,    18.12,2.0,    28.06,2.0,     1.93,2.0,   2276.1,2.0,7.6524,2.0,    25.00,   3.2938
259,  29HE20130320,10.0,1.0,21.0,2.0,20130326.0,2256.0,-45.305,-52.287, 6012,    201.2,   3.8841,  34.0679,2.0,    290.5,2.0,    289.8,2.0,    11.65,2.0,    25.51,2.0,     1.76,2.0,   2270.5,2.0,7.6825,2.0,    25.00,   3.8704
260,  29HE20130320,10.0,1.0,22.0,2.0,20130326.0,2256.0,-45.305,-52.287, 6012,    101.7,   6.3002,  34.0575,2.0,    286.5,2.0,    285.8,2.0,     3.93,2.0,    20.72,2.0,     1.41,2.0,   2263.2,2.0,7.7459,2.0,    25.00,   6.2914
261,  29HE20130320,10.0,1.0,23.0,2.0,20130326.0,2256.0,-45.305,-52.287, 6012,     51.7,  12.2940,  34.1935,2.0,    266.5,2.0,    267.5,2.0,     0.91,2.0,     5.69,2.0,     0.45,2.0,   2276.5,2.0,7.9094,2.0,    25.00,  12.2872
262,  29HE20130320,10.0,1.0,24.0,2.0,20130326.0,2256.0,-45.305,-52.287, 6012,      6.0,  12.3214,  34.1618,2.0,    269.5,2.0,    268.6,2.0,     0.94,2.0,     5.79,2.0,     0.35,2.0,   2275.0,2.0,7.8965,2.0,    25.00,  12.3206
