BOTTLE,20090511PRINUNIVRMK
# 9/26/07 this file initialized 
# Data from Rios 9/5/07 and 9/12/07 
# Ship: Hesperides 
# Cruise: HE081; FICARAM IV 
# Dates: 3/4-4/9/2002 
# EXPOCODE 29HE20020304 
# Region:Southwest Atlantic along A17 line 
# Chief Scientist: F.Perez 
# 19 full depth stations with 24 place Rosette 
# Hydro: Who - ; Status - final  
# 	Notes: Bottom depths estimated from global topography 
# Nuts/O2: Who - C. Castro; Status - final 
# 	Notes:The analytical error was  
# 		0.05 umole/kg for nitrate, 
# 		0.05 umole/kg for silicic acid and  
# 		0.01 umole/kg for phosphate. 
# TA: Who - A. Rios; Status - final 
# 	Notes: CRM batch 54, uncertainty of 0.7umol/kg 
# pH: Who - A. Rios; Status - final   
# 	Notes: Converted to SWS@25C. Originally reported as pHTot@25 
# 	spectrophotometrically following Clayton and Byrne (1993) 
# 	CRM batch 54, uncertainty of 0.002 
EXPOCODE,SECT_ID,STNNBR,CASTNO,BTLNBR,DATE,LATITUDE,LONGITUDE,DEPTH,CTDPRS,CTDTMP,CTDSAL,CTDSAL_FLAG_W,OXYGEN,OXYGEN_FLAG_W,SILCAT,SILCAT_FLAG_W,NITRAT,NITRAT_FLAG_W,NITRIT,NITRIT_FLAG_W,PHSPHT,PHSPHT_FLAG_W,ALKALI,ALKALI_FLAG_W,PH_SWS,PH_TEMP,PH_SWS_FLAG_W,THETA
,,,,,,,,METERS,DBARS,ITS-90,PSS-78,,UMOL/KG,,UMOL/KG,,UMOL/KG,,UMOL/KG,,UMOL/KG,,UMOL/KG,,,DEGC,,DEGC
  29HE20020304,   A17,     1,  1,      1,20020306,-48.3510, -53.6680, 5990,   2975.0,   1.6310,  34.7350,2,    202.1,2,    98.99,2,    31.92,2,     0.19,2,     2.16,2,   2360.3,2,   7.6103,    25.00,2,   1.4134
  29HE20020304,   A17,     1,  1,      2,20020306,-48.3510, -53.6680, 5990,   2758.0,   1.9260,  34.7650,2,    203.7,2,    87.96,2,    30.76,2,     0.17,2,     2.01,2,   2354.1,2,   7.6283,    25.00,2,   1.7227
  29HE20020304,   A17,     1,  1,      3,20020306,-48.3510, -53.6680, 5990,   2561.0,   2.1870,  34.7840,2,    209.0,2,    80.44,2,    29.91,2,     0.14,2,     2.00,2,   2351.0,2,   7.6403,    25.00,2,   1.9970
  29HE20020304,   A17,     1,  1,      4,20020306,-48.3510, -53.6680, 5990,   2361.0,   2.3410,  34.7850,2,    209.7,2,    76.90,2,    29.63,2,     0.11,2,     2.04,2,   2344.6,2,   7.6433,    25.00,2,   2.1667
  29HE20020304,   A17,     1,  1,      5,20020306,-48.3510, -53.6680, 5990,   2171.0,   2.5990,  34.8020,2,    212.5,2,    67.31,2,    29.08,2,     0.09,2,     1.89,2,   2335.2,2,   7.6513,    25.00,2,   2.4376
  29HE20020304,   A17,     1,  1,      6,20020306,-48.3510, -53.6680, 5990,   1971.0,   2.6810,  34.7810,2,    206.7,2,    65.96,2,    29.06,2,     0.15,2,     1.90,2,   2336.3,2,   7.6433,    25.00,2,   2.5363
  29HE20020304,   A17,     1,  1,      7,20020306,-48.3510, -53.6680, 5990,   1775.0,   2.7080,  34.7390,2,    193.3,2,    67.73,2,    27.69,2,     0.13,2,     1.74,2,   2342.8,2,   7.6163,    25.00,2,   2.5801
  29HE20020304,   A17,     1,  1,      8,20020306,-48.3510, -53.6680, 5990,   1581.0,   2.6680,  34.6700,2,    183.7,2,    74.23,2,    32.41,2,     0.14,2,     2.10,2,   2338.6,2,   7.5883,    25.00,2,   2.5571
  29HE20020304,   A17,     1,  1,      9,20020306,-48.3510, -53.6680, 5990,   1382.0,   2.6980,  34.6060,2,    179.3,2,    73.54,2,    33.63,2,     0.13,2,     2.17,2,   2335.0,2,   7.5764,    25.00,2,   2.6030
  29HE20020304,   A17,     1,  1,     10,20020306,-48.3510, -53.6680, 5990,   1183.0,   2.7460,  34.5270,2,    179.4,2,    71.91,2,    34.01,2,     0.09,2,     2.13,2,   2332.7,2,   7.5694,    25.00,2,   2.6663
  29HE20020304,   A17,     1,  1,     11,20020306,-48.3510, -53.6680, 5990,    991.0,   2.7890,  34.4330,2,    186.9,2,    64.33,2,    34.56,2,     0.10,2,     2.23,2,   2322.4,2,   7.5714,    25.00,2,   2.7235
  29HE20020304,   A17,     1,  1,     12,20020306,-48.3510, -53.6680, 5990,    789.0,   2.9280,  34.2960,2,    218.8,2,    51.08,2,    33.44,2,     0.09,2,     2.19,2,   2306.4,2,   7.6014,    25.00,2,   2.8765
  29HE20020304,   A17,     1,  1,     13,20020306,-48.3510, -53.6680, 5990,    592.0,   3.3440,  34.1970,2,    251.1,2,    28.81,2,    31.21,2,     0.05,2,     1.98,2,   2293.7,2,   7.6494,    25.00,2,   3.3044
  29HE20020304,   A17,     1,  1,     14,20020306,-48.3510, -53.6680, 5990,    480.0,   3.5910,  34.1760,2,    266.9,2,    23.63,2,    29.71,2,     0.07,2,     1.85,2,   2289.8,2,   7.6794,    25.00,2,   3.5584
  29HE20020304,   A17,     1,  1,     15,20020306,-48.3510, -53.6680, 5990,    393.0,   3.8000,  34.1650,2,    276.3,2,    11.14,2,    25.94,2,     0.05,2,     1.61,2,   2286.9,2,   7.6894,    25.00,2,   3.7729
  29HE20020304,   A17,     1,  1,     16,20020306,-48.3510, -53.6680, 5990,    293.0,   4.3000,  34.1710,2,    270.3,2,    13.18,2,    29.14,2,     0.02,2,     1.75,2,   2283.1,2,   7.7034,    25.00,2,   4.2789
  29HE20020304,   A17,     1,  1,     17,20020306,-48.3510, -53.6680, 5990,    203.0,   4.9420,  34.2000,2,    245.8,2,    10.82,2,    28.48,2,     0.07,2,     1.77,2,   2279.6,2,   7.7114,    25.00,2,   4.9265
  29HE20020304,   A17,     1,  1,     18,20020306,-48.3510, -53.6680, 5990,    147.0,   5.9910,  34.2660,2,    255.5,2,     5.87,2,    20.21,2,     0.07,2,     1.43,2,   2280.7,2,   7.7144,    25.00,2,   5.9786
  29HE20020304,   A17,     1,  1,     19,20020306,-48.3510, -53.6680, 5990,    117.0,   6.6930,  34.2920,2,    256.8,2,     7.09,2,    21.53,2,     0.08,2,     1.56,2,   2280.1,2,   7.7384,    25.00,2,   6.6825
  29HE20020304,   A17,     1,  1,     20,20020306,-48.3510, -53.6680, 5990,     99.0,   7.2240,  34.3170,2,    260.1,2,     5.87,2,    20.03,2,     0.11,2,     1.52,2,   2280.9,2,   7.7474,    25.00,2,   7.2147
  29HE20020304,   A17,     1,  1,     21,20020306,-48.3510, -53.6680, 5990,     75.0,   9.0320,  34.4740,2,    252.1,2,     4.03,2,    17.01,2,     0.17,2,     1.31,2,   2288.3,2,   7.7874,    25.00,2,   9.0239
  29HE20020304,   A17,     1,  1,     22,20020306,-48.3510, -53.6680, 5990,     47.0,  15.0660,  34.5650,2,    254.6,2,     5.01,2,    16.77,2,     0.14,2,     1.25,2,   2304.3,2,   7.7934,    25.00,2,  15.0589
  29HE20020304,   A17,     1,  1,     23,20020306,-48.3510, -53.6680, 5990,     25.0,  15.0940,  34.5650,2,    248.4,2,     0.73,2,     2.45,2,     0.00,2,     0.31,2,   2304.3,2,   7.9824,    25.00,2,  15.0902
  29HE20020304,   A17,     1,  1,     24,20020306,-48.3510, -53.6680, 5990,      8.0,  15.0900,  34.5540,2,    248.4,2,     0.76,2,     2.37,2,     0.00,2,     0.30,2,   2303.6,2,   7.9894,    25.00,2,  15.0888
  29HE20020304,   A17,     2,  2,      1,20020307,-45.2340, -49.5010, 5545,   3009.0,   2.0570,  34.7980,2,    217.3,2,    78.57,2,    29.32,2,     0.01,2,     1.84,2,   2349.0,2,   7.6493,    25.00,2,   1.8264
  29HE20020304,   A17,     2,  2,      2,20020307,-45.2340, -49.5010, 5545,   2800.0,   2.3790,  34.8350,2,    224.0,2,    66.20,2,    29.42,2,     0.04,2,     1.64,2,   2336.7,2,   7.6693,    25.00,2,   2.1621
  29HE20020304,   A17,     2,  2,      3,20020307,-45.2340, -49.5010, 5545,   2600.0,   2.6400,  34.8580,2,    227.9,2,    59.35,2,    29.42,2,     0.03,2,     1.68,2,   2336.2,2,   7.6803,    25.00,2,   2.4373
  29HE20020304,   A17,     2,  2,      4,20020307,-45.2340, -49.5010, 5545,   2402.0,   2.7050,  34.8420,2,    221.0,2,    61.20,2,    28.45,2,     0.05,2,     1.74,2,   2334.3,2,   7.6633,    25.00,2,   2.5202
  29HE20020304,   A17,     2,  2,      5,20020307,-45.2340, -49.5010, 5545,   2201.0,   2.6470,  34.7990,2,    206.2,2,    67.80,2,    29.22,2,     0.05,2,     1.86,2,   2339.0,2,   7.6383,    25.00,2,   2.4821
  29HE20020304,   A17,     2,  2,      6,20020307,-45.2340, -49.5010, 5545,   2000.0,   2.8720,  34.7950,2,    204.7,2,    62.74,2,    29.54,2,     0.07,2,     1.82,2,   2337.9,2,   7.6393,    25.00,2,   2.7218
  29HE20020304,   A17,     2,  2,      7,20020307,-45.2340, -49.5010, 5545,   1799.0,   2.7610,  34.7310,2,    193.4,2,    69.15,2,    29.60,2,     0.05,2,     1.98,2,   2335.4,2,   7.6083,    25.00,2,   2.6303
  29HE20020304,   A17,     2,  2,      8,20020307,-45.2340, -49.5010, 5545,   1599.0,   2.6840,  34.6520,2,    184.5,2,    70.62,2,    31.59,2,     0.09,2,     2.06,2,   2333.6,2,   7.5803,    25.00,2,   2.5715
  29HE20020304,   A17,     2,  2,      9,20020307,-45.2340, -49.5010, 5545,   1401.0,   2.6800,  34.5750,2,    181.8,2,    72.83,2,    31.79,2,     0.10,2,     2.20,2,   2330.3,2,   7.5664,    25.00,2,   2.5838
  29HE20020304,   A17,     2,  2,     10,20020307,-45.2340, -49.5010, 5545,   1202.0,   2.7350,  34.4720,2,    184.4,2,    66.93,2,    34.11,2,     0.11,2,     2.21,2,   2323.2,2,   7.5654,    25.00,2,   2.6540
  29HE20020304,   A17,     2,  2,     11,20020307,-45.2340, -49.5010, 5545,    999.0,   2.8850,  34.3700,2,    201.4,2,    57.40,2,    34.47,2,     0.09,2,     2.18,2,   2309.4,2,   7.5774,    25.00,2,   2.8183
  29HE20020304,   A17,     2,  2,     12,20020307,-45.2340, -49.5010, 5545,    801.0,   3.1530,  34.2570,2,    228.7,2,    41.36,2,    34.07,2,     0.10,2,     2.06,2,   2297.1,2,   7.6124,    25.00,2,   3.0992
  29HE20020304,   A17,     2,  2,     13,20020307,-45.2340, -49.5010, 5545,    600.0,   3.6010,  34.1810,2,    255.2,2,    24.17,2,    32.56,2,     0.04,2,     1.87,2,   2281.9,2,   7.6544,    25.00,2,   3.5596
  29HE20020304,   A17,     2,  2,     14,20020307,-45.2340, -49.5010, 5545,    498.0,   3.8980,  34.1630,2,    264.2,2,    15.97,2,    30.33,2,     0.06,2,     1.80,2,   2279.4,2,   7.6714,    25.00,2,   3.8629
  29HE20020304,   A17,     2,  2,     15,20020307,-45.2340, -49.5010, 5545,    400.0,   4.3190,  34.1710,2,    263.4,2,    13.27,2,    29.34,2,     0.02,2,     1.77,2,   2278.2,2,   7.6804,    25.00,2,   4.2898
  29HE20020304,   A17,     2,  2,     16,20020307,-45.2340, -49.5010, 5545,    301.0,   5.4160,  34.2180,2,    260.7,2,     9.69,2,    28.62,2,     0.04,2,     1.67,2,   2276.6,2,   7.6914,    25.00,2,   5.3916
  29HE20020304,   A17,     2,  2,     17,20020307,-45.2340, -49.5010, 5545,    201.0,   6.7380,  34.3500,2,    256.0,2,     5.24,2,    23.59,2,     0.06,2,     1.39,2,   2279.7,2,   7.7374,    25.00,2,   6.7198
  29HE20020304,   A17,     2,  2,     18,20020307,-45.2340, -49.5010, 5545,    151.0,   7.6130,  34.4190,2,    256.8,2,     4.75,2,    17.23,2,     0.04,2,     1.37,2,   2282.9,2,   7.7634,    25.00,2,   7.5983
  29HE20020304,   A17,     2,  2,     19,20020307,-45.2340, -49.5010, 5545,    123.0,   8.3180,  34.4690,2,    256.8,2,     3.36,2,    18.20,2,     0.05,2,     1.12,2,   2285.1,2,   7.7824,    25.00,2,   8.3054
  29HE20020304,   A17,     2,  2,     20,20020307,-45.2340, -49.5010, 5545,    101.0,   8.8770,  34.5380,2,    256.2,2,     2.97,2,    15.60,2,     0.05,2,     1.05,2,   2289.9,2,   7.7964,    25.00,2,   8.8662
  29HE20020304,   A17,     2,  2,     21,20020307,-45.2340, -49.5010, 5545,     75.0,  10.1090,  34.6410,2,    251.5,2,     3.42,2,    12.28,2,     0.09,2,     0.92,2,   2297.3,2,   7.8823,    25.00,2,  10.1003
  29HE20020304,   A17,     2,  2,     22,20020307,-45.2340, -49.5010, 5545,     48.0,  15.0660,  34.5460,2,    251.3,2,     1.78,2,     6.55,2,     0.17,2,     0.68,2,   2293.0,2,   7.9794,    25.00,2,  15.0588
  29HE20020304,   A17,     2,  2,     23,20020307,-45.2340, -49.5010, 5545,     27.0,  15.3600,  34.5840,2,    251.3,2,     0.63,2,     1.46,2,     0.08,2,     0.24,2,   2299.8,2,   7.9824,    25.00,2,  15.3559
  29HE20020304,   A17,     2,  2,     24,20020307,-45.2340, -49.5010, 5545,      8.0,  15.5340,  34.5840,2,    251.3,2,     0.00,2,     0.00,2,     0.00,2,     0.00,2,   2299.4,2,   7.9824,    25.00,2,  15.5328
  29HE20020304,   A17,     3,  3,      1,20020308,-41.9190, -46.6530, 5142,   3000.0,   1.9570,  34.7890,2,    215.9,2,    81.79,2,    29.96,2,     0.02,2,     1.93,2,   2345.5,2,   7.6423,    25.00,2,   1.7296
  29HE20020304,   A17,     3,  3,      2,20020308,-41.9190, -46.6530, 5142,   2798.0,   2.3780,  34.8450,2,    232.5,2,    64.17,2,    28.91,2,     0.04,2,     1.70,2,   2336.9,2,   7.6783,    25.00,2,   2.1612
  29HE20020304,   A17,     3,  3,      3,20020308,-41.9190, -46.6530, 5142,   2598.0,   2.5940,  34.8550,2,    236.1,2,    61.74,2,    28.14,2,     0.03,2,     1.59,2,   2334.1,2,   7.6813,    25.00,2,   2.3924
  29HE20020304,   A17,     3,  3,      4,20020308,-41.9190, -46.6530, 5142,   2399.0,   2.8260,  34.8730,2,    234.6,2,    47.47,2,    28.77,2,     0.02,2,     1.65,2,   2329.7,2,   7.6833,    25.00,2,   2.6392
  29HE20020304,   A17,     3,  3,      5,20020308,-41.9190, -46.6530, 5142,   2198.0,   2.8980,  34.8530,2,    225.8,2,    55.87,2,    28.89,2,     0.05,2,     1.73,2,   2326.0,2,   7.6713,    25.00,2,   2.7291
  29HE20020304,   A17,     3,  3,      6,20020308,-41.9190, -46.6530, 5142,   2007.0,   2.9830,  34.8250,2,    220.2,2,    57.32,2,    28.56,2,     0.07,2,     1.77,2,   2332.4,2,   7.6563,    25.00,2,   2.8304
  29HE20020304,   A17,     3,  3,      7,20020308,-41.9190, -46.6530, 5142,   1798.0,   3.0940,  34.8090,2,    214.3,2,    54.07,2,    28.53,2,     0.11,2,     1.81,2,   2327.8,2,   7.6493,    25.00,2,   2.9587
  29HE20020304,   A17,     3,  3,      8,20020308,-41.9190, -46.6530, 5142,   1599.0,   2.9580,  34.7190,2,    198.1,2,    63.56,2,    31.08,2,     0.14,2,     1.97,2,   2329.0,2,   7.6133,    25.00,2,   2.8419
  29HE20020304,   A17,     3,  3,      9,20020308,-41.9190, -46.6530, 5142,   1399.0,   2.7930,  34.6160,2,    187.4,2,    69.54,2,    33.52,2,     0.05,2,     2.14,2,   2328.4,2,   7.5774,    25.00,2,   2.6956
  29HE20020304,   A17,     3,  3,     10,20020308,-41.9190, -46.6530, 5142,   1198.0,   2.7980,  34.5110,2,    186.0,2,    54.10,2,    33.94,2,     0.12,2,     2.17,2,   2320.1,2,   7.5704,    25.00,2,   2.7167
  29HE20020304,   A17,     3,  3,     11,20020308,-41.9190, -46.6530, 5142,    998.0,   2.9170,  34.4000,2,    200.9,2,    59.52,2,    33.89,2,     0.14,2,     2.17,2,   2313.3,2,   7.5774,    25.00,2,   2.8501
  29HE20020304,   A17,     3,  3,     12,20020308,-41.9190, -46.6530, 5142,    802.0,   3.1620,  34.2810,2,    226.3,2,    44.47,2,    32.59,2,     0.11,2,     2.06,2,   2297.4,2,   7.6124,    25.00,2,   3.1081
  29HE20020304,   A17,     3,  3,     13,20020308,-41.9190, -46.6530, 5142,    599.0,   3.5410,  34.1880,2,    257.5,2,    25.75,2,    30.41,2,     0.08,2,     1.91,2,   2284.4,2,   7.6534,    25.00,2,   3.5000
  29HE20020304,   A17,     3,  3,     14,20020308,-41.9190, -46.6530, 5142,    502.0,   3.9980,  34.1950,2,    267.2,2,    17.00,2,    29.09,2,     0.07,2,     1.84,2,   2281.4,2,   7.6784,    25.00,2,   3.9622
  29HE20020304,   A17,     3,  3,     15,20020308,-41.9190, -46.6530, 5142,    399.0,   4.4730,  34.1980,2,    276.1,2,    12.79,2,    29.51,2,     0.08,2,     1.68,2,   2277.9,2,   7.6894,    25.00,2,   4.4434
  29HE20020304,   A17,     3,  3,     16,20020308,-41.9190, -46.6530, 5142,    303.0,   5.1180,  34.2310,2,    265.7,2,    10.50,2,    28.13,2,     0.03,2,     1.65,2,   2277.3,2,   7.7054,    25.00,2,   5.0942
  29HE20020304,   A17,     3,  3,     17,20020308,-41.9190, -46.6530, 5142,    199.0,   7.0090,  34.4010,2,    250.7,2,     5.83,2,    17.80,2,     0.06,2,     1.38,2,   2280.2,2,   7.7374,    25.00,2,   6.9905
  29HE20020304,   A17,     3,  3,     18,20020308,-41.9190, -46.6530, 5142,    149.0,   7.8110,  34.4610,2,    260.5,2,     4.36,2,    17.55,2,     0.05,2,     1.15,2,   2283.9,2,   7.7734,    25.00,2,   7.7963
  29HE20020304,   A17,     3,  3,     19,20020308,-41.9190, -46.6530, 5142,    125.0,   8.2790,  34.5310,2,    253.8,2,     3.22,2,    16.36,2,     0.05,2,     1.07,2,   2288.4,2,   7.7864,    25.00,2,   8.2662
  29HE20020304,   A17,     3,  3,     20,20020308,-41.9190, -46.6530, 5142,    100.0,   9.1400,  34.6290,2,    250.1,2,     3.24,2,    14.93,2,     0.07,2,     1.04,2,   2294.7,2,   7.8023,    25.00,2,   9.1291
  29HE20020304,   A17,     3,  3,     21,20020308,-41.9190, -46.6530, 5142,     73.0,  10.6200,  34.8100,2,    239.9,2,     2.97,2,    12.20,2,     0.05,2,     0.93,2,   2306.5,2,   7.8223,    25.00,2,  10.6113
  29HE20020304,   A17,     3,  3,     22,20020308,-41.9190, -46.6530, 5142,     51.0,  15.7790,  34.6170,2,    249.9,2,     1.38,2,     7.50,2,     0.18,2,     0.60,2,   2292.9,2,   7.8864,    25.00,2,  15.7711
  29HE20020304,   A17,     3,  3,     23,20020308,-41.9190, -46.6530, 5142,     26.0,  17.4260,  34.5170,2,    243.8,2,     0.36,2,     0.04,2,     0.08,2,     0.15,2,   2293.4,2,   7.9984,    25.00,2,  17.4217
  29HE20020304,   A17,     3,  3,     24,20020308,-41.9190, -46.6530, 5142,      6.0,  17.4620,  34.5170,2,    245.8,2,     0.36,2,     0.04,2,     0.04,2,     0.12,2,   2293.5,2,   8.0004,    25.00,2,  17.4610
  29HE20020304,   A17,     4,  4,      1,20020309,-39.1920, -45.2820, 5121,   3006.0,   2.5160,  34.8620,2,    235.0,2,    57.43,2,    23.66,2,     0.00,2,     1.64,2,   2333.0,2,   7.6943,    25.00,2,   2.2754
  29HE20020304,   A17,     4,  4,      2,20020309,-39.1920, -45.2820, 5121,   2802.0,   2.6930,  34.8620,2,    231.1,2,    56.01,2,    23.54,2,     0.04,2,     1.67,2,   2330.1,2,   7.6853,    25.00,2,   2.4693
  29HE20020304,   A17,     4,  4,      3,20020309,-39.1920, -45.2820, 5121,   2602.0,   2.7310,  34.8410,2,    220.0,2,    61.16,2,    27.92,2,     0.04,2,     1.76,2,   2333.1,2,   7.6663,    25.00,2,   2.5265
  29HE20020304,   A17,     4,  4,      4,20020309,-39.1920, -45.2820, 5121,   2400.0,   2.7940,  34.8140,2,    210.3,2,    65.81,2,    29.08,2,     0.05,2,     1.89,2,   2334.5,2,   7.6423,    25.00,2,   2.6079
  29HE20020304,   A17,     4,  4,      5,20020309,-39.1920, -45.2820, 5121,   2199.0,   2.8050,  34.7640,2,    200.6,2,    69.44,2,    30.61,2,     0.06,2,     1.97,2,   2334.1,2,   7.6203,    25.00,2,   2.6378
  29HE20020304,   A17,     4,  4,      6,20020309,-39.1920, -45.2820, 5121,   2000.0,   2.8750,  34.7150,2,    194.6,2,    64.47,2,    30.70,2,     0.06,2,     1.97,2,   2329.5,2,   7.6093,    25.00,2,   2.7250
  29HE20020304,   A17,     4,  4,      7,20020309,-39.1920, -45.2820, 5121,   1801.0,   2.8860,  34.6420,2,    188.5,2,    68.20,2,    33.15,2,     0.06,2,     2.14,2,   2327.0,2,   7.5863,    25.00,2,   2.7537
  29HE20020304,   A17,     4,  4,      8,20020309,-39.1920, -45.2820, 5121,   1599.0,   2.8620,  34.5590,2,    184.3,2,    67.19,2,    33.85,2,     0.10,2,     2.24,2,   2323.5,2,   7.5764,    25.00,2,   2.7475
  29HE20020304,   A17,     4,  4,      9,20020309,-39.1920, -45.2820, 5121,   1378.0,   2.9590,  34.4400,2,    194.4,2,    61.46,2,    34.12,2,     0.09,2,     2.20,2,   2313.9,2,   7.5774,    25.00,2,   2.8620
  29HE20020304,   A17,     4,  4,     10,20020309,-39.1920, -45.2820, 5121,   1199.0,   3.2280,  34.3430,2,    211.9,2,    49.99,2,    33.18,2,     0.08,2,     2.17,2,   2303.6,2,   7.6014,    25.00,2,   3.1429
  29HE20020304,   A17,     4,  4,     11,20020309,-39.1920, -45.2820, 5121,   1004.0,   3.5950,  34.2530,2,    236.5,2,    30.54,2,    29.67,2,     0.03,2,     2.04,2,   2290.4,2,   7.6354,    25.00,2,   3.5226
  29HE20020304,   A17,     4,  4,     12,20020309,-39.1920, -45.2820, 5121,    794.0,   4.3330,  34.1850,2,    273.5,2,    13.25,2,    28.26,2,     0.02,2,     1.76,2,   2275.6,2,   7.6974,    25.00,2,   4.2725
  29HE20020304,   A17,     4,  4,     13,20020309,-39.1920, -45.2820, 5121,    601.0,   6.0960,  34.3280,2,    247.2,2,    10.88,2,    27.02,2,     0.01,2,     1.65,2,   2279.3,2,   7.7034,    25.00,2,   6.0428
  29HE20020304,   A17,     4,  4,     14,20020309,-39.1920, -45.2820, 5121,    500.0,   7.7090,  34.4840,2,    230.5,2,     8.35,2,    21.56,2,     0.02,2,     1.60,2,   2283.9,2,   7.7334,    25.00,2,   7.6589
  29HE20020304,   A17,     4,  4,     15,20020309,-39.1920, -45.2820, 5121,    400.0,  10.6100,  34.8500,2,    221.3,2,     5.09,2,    15.19,2,     0.01,2,     1.09,2,   2298.0,2,   7.8053,    25.00,2,  10.5614
  29HE20020304,   A17,     4,  4,     16,20020309,-39.1920, -45.2820, 5121,    299.0,  13.5800,  35.3520,2,    216.4,2,     2.34,2,     7.78,2,     0.00,2,     0.63,2,   2325.9,2,   7.8783,    25.00,2,  13.5374
  29HE20020304,   A17,     4,  4,     17,20020309,-39.1920, -45.2820, 5121,    201.0,  15.1060,  35.5870,2,    220.7,2,     2.82,2,     9.49,2,     0.06,2,     0.60,2,   2338.8,2,   7.9213,    25.00,2,  15.0753
  29HE20020304,   A17,     4,  4,     18,20020309,-39.1920, -45.2820, 5121,    147.0,  15.8370,  35.6840,2,    214.5,2,     2.88,2,     3.83,2,     0.04,2,     0.37,2,   2330.2,2,   7.9323,    25.00,2,  15.8138
  29HE20020304,   A17,     4,  4,     19,20020309,-39.1920, -45.2820, 5121,    126.0,  16.3500,  35.7630,2,    216.6,2,     2.75,2,     3.37,2,     0.08,2,     0.34,2,   2324.8,2,   7.9483,    25.00,2,  16.3297
  29HE20020304,   A17,     4,  4,     20,20020309,-39.1920, -45.2820, 5121,    101.0,  17.0190,  35.8300,2,    213.2,2,     2.72,2,     3.04,2,     0.10,2,     0.28,2,   2333.7,2,   7.9553,    25.00,2,  17.0023
  29HE20020304,   A17,     4,  4,     21,20020309,-39.1920, -45.2820, 5121,     77.0,  18.1520,  35.8780,2,    229.9,2,     2.03,2,     0.23,2,     0.10,2,     0.09,2,   2344.4,2,   7.9943,    25.00,2,  18.1387
  29HE20020304,   A17,     4,  4,     22,20020309,-39.1920, -45.2820, 5121,     50.0,  20.3690,  35.9900,2,    228.0,2,     2.16,2,     0.02,2,     0.04,2,     0.00,2,   2366.6,2,   8.0252,    25.00,2,  20.3596
  29HE20020304,   A17,     4,  4,     23,20020309,-39.1920, -45.2820, 5121,     26.0,  20.9020,  35.9550,2,    224.7,2,     2.13,2,     0.00,2,     0.06,2,     0.04,2,   2361.3,2,   8.0352,    25.00,2,  20.8970
  29HE20020304,   A17,     4,  4,     24,20020309,-39.1920, -45.2820, 5121,      9.0,  20.9030,  35.9450,2,    225.0,2,     1.85,2,     0.01,2,     0.05,2,     0.02,2,   2360.7,2,   8.0352,    25.00,2,  20.9013
  29HE20020304,   A17,     5,  5,      1,20020310,-35.3690, -42.7100, 4854,   3000.0,   2.5240,  34.8660,2,    235.0,2,    59.19,2,    26.52,2,     0.03,2,     1.73,2,   2334.0,2,   7.6913,    25.00,2,   2.2838
  29HE20020304,   A17,     5,  5,      2,20020310,-35.3690, -42.7100, 4854,   2798.0,   2.7430,  34.8860,2,    239.5,2,    52.08,2,    26.47,2,     0.05,2,     1.68,2,   2331.0,2,   7.7023,    25.00,2,   2.5186
  29HE20020304,   A17,     5,  5,      3,20020310,-35.3690, -42.7100, 4854,   2598.0,   2.8970,  34.8870,2,    236.4,2,    50.65,2,    26.46,2,     0.06,2,     1.66,2,   2328.8,2,   7.6923,    25.00,2,   2.6895
  29HE20020304,   A17,     5,  5,      4,20020310,-35.3690, -42.7100, 4854,   2399.0,   2.9810,  34.8640,2,    229.3,2,    52.01,2,    26.83,2,     0.04,2,     1.72,2,   2328.8,2,   7.6873,    25.00,2,   2.7915
  29HE20020304,   A17,     5,  5,      5,20020310,-35.3690, -42.7100, 4854,   2198.0,   3.0120,  34.8270,2,    216.8,2,    58.88,2,    26.71,2,     0.07,2,     1.88,2,   2332.5,2,   7.6563,    25.00,2,   2.8413
  29HE20020304,   A17,     5,  5,      6,20020310,-35.3690, -42.7100, 4854,   2007.0,   3.0190,  34.7800,2,    205.5,2,    61.85,2,    28.27,2,     0.07,2,     1.97,2,   2333.4,2,   7.6343,    25.00,2,   2.8660
  29HE20020304,   A17,     5,  5,      7,20020310,-35.3690, -42.7100, 4854,   1798.0,   3.0120,  34.7060,2,    193.9,2,    63.05,2,    29.47,2,     0.08,2,     2.08,2,   2330.6,2,   7.6093,    25.00,2,   2.8781
  29HE20020304,   A17,     5,  5,      8,20020310,-35.3690, -42.7100, 4854,   1599.0,   2.8850,  34.5890,2,    185.0,2,    66.36,2,    29.73,2,     0.08,2,     2.22,2,   2323.7,2,   7.5814,    25.00,2,   2.7702
  29HE20020304,   A17,     5,  5,      9,20020310,-35.3690, -42.7100, 4854,   1399.0,   2.8960,  34.4780,2,    190.5,2,    63.74,2,    33.20,2,     0.10,2,     2.32,2,   2322.7,2,   7.5724,    25.00,2,   2.7978
  29HE20020304,   A17,     5,  5,     10,20020310,-35.3690, -42.7100, 4854,   1198.0,   3.0800,  34.3590,2,    203.7,2,    54.00,2,    34.23,2,     0.11,2,     2.20,2,   2307.5,2,   7.5914,    25.00,2,   2.9963
  29HE20020304,   A17,     5,  5,     11,20020310,-35.3690, -42.7100, 4854,    998.0,   3.5100,  34.2490,2,    236.0,2,    31.03,2,    33.59,2,     0.06,2,     1.95,2,   2291.1,2,   7.6344,    25.00,2,   3.4387
  29HE20020304,   A17,     5,  5,     12,20020310,-35.3690, -42.7100, 4854,    802.0,   4.1350,  34.2030,2,    260.7,2,    16.70,2,    30.52,2,     0.07,2,     1.89,2,   2281.3,2,   7.6784,    25.00,2,   4.0751
  29HE20020304,   A17,     5,  5,     13,20020310,-35.3690, -42.7100, 4854,    599.0,   5.4350,  34.2580,2,    254.4,2,    11.14,2,    29.29,2,     0.05,2,     1.72,2,   2281.1,2,   7.7004,    25.00,2,   5.3851
  29HE20020304,   A17,     5,  5,     14,20020310,-35.3690, -42.7100, 4854,    502.0,   7.1330,  34.4200,2,    235.9,2,     8.67,2,    28.31,2,     0.04,2,     1.63,2,   2285.8,2,   7.7234,    25.00,2,   7.0849
  29HE20020304,   A17,     5,  5,     15,20020310,-35.3690, -42.7100, 4854,    399.0,   9.8640,  34.7560,2,    218.2,2,     6.30,2,    20.81,2,     0.02,2,     1.15,2,   2298.4,2,   7.7793,    25.00,2,   9.8178
  29HE20020304,   A17,     5,  5,     16,20020310,-35.3690, -42.7100, 4854,    303.0,  12.6490,  35.1570,2,    219.4,2,     6.64,2,    16.92,2,     0.04,2,     0.85,2,   2316.2,2,   7.8563,    25.00,2,  12.6078
  29HE20020304,   A17,     5,  5,     17,20020310,-35.3690, -42.7100, 4854,    199.0,  14.7650,  35.5070,2,    219.2,2,     2.87,2,    10.51,2,     0.03,2,     0.51,2,   2332.3,2,   7.9103,    25.00,2,  14.7351
  29HE20020304,   A17,     5,  5,     18,20020310,-35.3690, -42.7100, 4854,    149.0,  15.4850,  35.6000,2,    216.5,2,     2.40,2,     6.26,2,     0.06,2,     0.46,2,   2338.3,2,   7.9283,    25.00,2,  15.4619
  29HE20020304,   A17,     5,  5,     19,20020310,-35.3690, -42.7100, 4854,    125.0,  16.1390,  35.6780,2,    216.3,2,     2.17,2,     4.88,2,     0.05,2,     0.36,2,   2344.8,2,   7.9403,    25.00,2,  16.1190
  29HE20020304,   A17,     5,  5,     20,20020310,-35.3690, -42.7100, 4854,    100.0,  17.0390,  35.7550,2,    215.7,2,     1.66,2,     3.92,2,     0.05,2,     0.27,2,   2349.6,2,   7.9523,    25.00,2,  17.0224
  29HE20020304,   A17,     5,  5,     21,20020310,-35.3690, -42.7100, 4854,     73.0,  20.3810,  36.0150,2,    228.1,2,     0.88,2,     2.20,2,     0.08,2,     0.05,2,   2365.6,2,   8.0252,    25.00,2,  20.3673
  29HE20020304,   A17,     5,  5,     22,20020310,-35.3690, -42.7100, 4854,     51.0,  20.7100,  35.9490,2,    227.0,2,     1.04,2,     0.05,2,     0.00,2,     0.03,2,   2361.2,2,   8.0302,    25.00,2,  20.7003
  29HE20020304,   A17,     5,  5,     23,20020310,-35.3690, -42.7100, 4854,     26.0,  20.9800,  35.7460,2,    226.0,2,     1.06,2,     0.00,2,     0.01,2,     0.00,2,   2350.1,2,   8.0383,    25.00,2,  20.9750
  29HE20020304,   A17,     5,  5,     24,20020310,-35.3690, -42.7100, 4854,      6.0,  21.5680,  35.6930,2,    227.2,2,     0.99,2,     0.00,2,     0.01,2,     0.02,2,   2352.5,2,   8.0353,    25.00,2,  21.5668
  29HE20020304,   A17,     6,  6,      1,20020311,-31.8460, -40.1600, 3803,   3013.0,   2.8220,  34.9210,2,    251.6,2,    41.95,2,    21.45,2,     0.07,2,     1.58,2,   2331.0,2,   7.7263,    25.00,2,   2.5738
  29HE20020304,   A17,     6,  6,      2,20020311,-31.8460, -40.1600, 3803,   2765.0,   3.0310,  34.9350,2,    250.8,2,    36.35,2,    21.34,2,     0.02,2,     1.54,2,   2335.1,2,   7.7273,    25.00,2,   2.8039
  29HE20020304,   A17,     6,  6,      3,20020311,-31.8460, -40.1600, 3803,   2600.0,   3.1490,  34.9380,2,    250.7,2,    29.73,2,    19.54,2,     0.02,2,     1.42,2,   2338.6,2,   7.7273,    25.00,2,   2.9363
  29HE20020304,   A17,     6,  6,      4,20020311,-31.8460, -40.1600, 3803,   2401.0,   3.2820,  34.9360,2,    246.5,2,    34.49,2,    21.29,2,     0.04,2,     1.55,2,   2322.7,2,   7.7223,    25.00,2,   3.0867
  29HE20020304,   A17,     6,  6,      5,20020311,-31.8460, -40.1600, 3803,   2199.0,   3.3820,  34.9190,2,    239.4,2,    33.48,2,    22.27,2,     0.02,2,     1.58,2,   2323.7,2,   7.7103,    25.00,2,   3.2048
  29HE20020304,   A17,     6,  6,      6,20020311,-31.8460, -40.1600, 3803,   1996.0,   3.3400,  34.8560,2,    224.2,2,    37.22,2,    22.89,2,     0.01,2,     1.67,2,   2327.4,2,   7.6793,    25.00,2,   3.1830
  29HE20020304,   A17,     6,  6,      7,20020311,-31.8460, -40.1600, 3803,   1797.0,   2.9840,  34.7140,2,    200.5,2,    51.84,2,    28.03,2,     0.07,2,     1.76,2,   2333.7,2,   7.6223,    25.00,2,   2.8505
  29HE20020304,   A17,     6,  6,      8,20020311,-31.8460, -40.1600, 3803,   1574.0,   3.0140,  34.6170,2,    192.9,2,    61.37,2,    32.41,2,     0.08,2,     2.14,2,   2326.9,2,   7.5994,    25.00,2,   2.8997
  29HE20020304,   A17,     6,  6,      9,20020311,-31.8460, -40.1600, 3803,   1395.0,   2.9840,  34.4910,2,    193.4,2,    61.03,2,    33.25,2,     0.07,2,     2.20,2,   2319.0,2,   7.5864,    25.00,2,   2.8852
  29HE20020304,   A17,     6,  6,     10,20020311,-31.8460, -40.1600, 3803,   1197.0,   3.2550,  34.3600,2,    211.0,2,    47.27,2,    32.08,2,     0.07,2,     2.14,2,   2313.1,2,   7.6024,    25.00,2,   3.1698
  29HE20020304,   A17,     6,  6,     11,20020311,-31.8460, -40.1600, 3803,    994.0,   4.1470,  34.2980,2,    226.0,2,    27.62,2,    29.43,2,     0.04,2,     1.95,2,   2299.7,2,   7.6404,    25.00,2,   4.0710
  29HE20020304,   A17,     6,  6,     12,20020311,-31.8460, -40.1600, 3803,    800.0,   4.9390,  34.2610,2,    251.7,2,    12.66,2,    25.76,2,     0.02,2,     1.67,2,   2286.0,2,   7.6884,    25.00,2,   4.8742
  29HE20020304,   A17,     6,  6,     13,20020311,-31.8460, -40.1600, 3803,    601.0,   8.8000,  34.6640,2,    211.7,2,     8.22,2,    20.56,2,     0.03,2,     1.47,2,   2290.8,2,   7.7393,    25.00,2,   8.7344
  29HE20020304,   A17,     6,  6,     14,20020311,-31.8460, -40.1600, 3803,    499.0,  11.0810,  34.9450,2,    210.5,2,     5.47,2,    14.29,2,     0.04,2,     1.07,2,   2304.4,2,   7.7963,    25.00,2,  11.0184
  29HE20020304,   A17,     6,  6,     15,20020311,-31.8460, -40.1600, 3803,    397.0,  12.8190,  35.1790,2,    213.4,2,     3.36,2,    10.50,2,     0.03,2,     0.75,2,   2315.9,2,   7.8523,    25.00,2,  12.7644
  29HE20020304,   A17,     6,  6,     16,20020311,-31.8460, -40.1600, 3803,    301.0,  14.2340,  35.3780,2,    212.5,2,     1.23,2,     4.66,2,     0.03,2,     0.46,2,   2326.6,2,   7.8913,    25.00,2,  14.1897
  29HE20020304,   A17,     6,  6,     17,20020311,-31.8460, -40.1600, 3803,    199.0,  16.0430,  35.6450,2,    211.0,2,     1.94,2,     3.87,2,     0.05,2,     0.37,2,   2340.5,2,   7.9213,    25.00,2,  16.0113
  29HE20020304,   A17,     6,  6,     18,20020311,-31.8460, -40.1600, 3803,    149.0,  17.5750,  35.8780,2,    211.4,2,     1.10,2,     1.97,2,     0.03,2,     0.19,2,   2355.3,2,   7.9633,    25.00,2,  17.5497
  29HE20020304,   A17,     6,  6,     19,20020311,-31.8460, -40.1600, 3803,    126.0,  18.6090,  36.1650,2,    221.6,2,     0.97,2,     0.57,2,     0.06,2,     0.11,2,   2363.1,2,   7.9962,    25.00,2,  18.5867
  29HE20020304,   A17,     6,  6,     20,20020311,-31.8460, -40.1600, 3803,     99.0,  19.2980,  36.1350,2,    226.8,2,     1.05,2,     0.01,2,     0.04,2,     0.07,2,   2362.3,2,   8.0172,    25.00,2,  19.2801
  29HE20020304,   A17,     6,  6,     21,20020311,-31.8460, -40.1600, 3803,     75.0,  20.1780,  36.2720,2,    234.3,2,     0.79,2,     0.04,2,     0.01,2,     0.01,2,   2372.7,2,   8.0382,    25.00,2,  20.1640
  29HE20020304,   A17,     6,  6,     22,20020311,-31.8460, -40.1600, 3803,     49.0,  23.1610,  36.2920,2,    226.3,2,     0.47,2,     0.01,2,     0.00,2,     0.02,2,   2379.0,2,   8.0522,    25.00,2,  23.1509
  29HE20020304,   A17,     6,  6,     23,20020311,-31.8460, -40.1600, 3803,     24.0,  24.1470,  36.2580,2,    217.4,2,     0.63,2,     0.01,2,     0.00,2,     0.01,2,   2378.2,2,   8.0592,    25.00,2,  24.1419
  29HE20020304,   A17,     6,  6,     24,20020311,-31.8460, -40.1600, 3803,      7.0,  24.6710,  36.1890,2,    213.7,2,     0.66,2,     0.00,2,     0.01,2,     0.00,2,   2370.1,2,   8.0632,    25.00,2,  24.6695
  29HE20020304,   A17,     7,  7,      1,20020312,-27.8000, -37.2330, 4349,   3018.0,   2.8170,  34.9230,2,    253.9,2,  -999.00,9,    21.94,2,     0.01,2,     1.51,2,   2327.8,2,   7.7283,    25.00,2,   2.5683
  29HE20020304,   A17,     7,  7,      2,20020312,-27.8000, -37.2330, 4349,   2801.0,   2.9240,  34.9270,2,    253.1,2,  -999.00,9,  -999.00,9,     0.01,2,     1.55,2,   2325.0,2,   7.7293,    25.00,2,   2.6954
  29HE20020304,   A17,     7,  7,      3,20020312,-27.8000, -37.2330, 4349,   2599.0,   3.0300,  34.9310,2,    250.4,2,  -999.00,9,    21.19,2,     0.01,2,     1.36,2,   2323.9,2,   7.7263,    25.00,2,   2.8197
  29HE20020304,   A17,     7,  7,      4,20020312,-27.8000, -37.2330, 4349,   2399.0,   3.1390,  34.9330,2,    254.0,2,  -999.00,9,    21.09,2,     0.01,2,     1.41,2,   2319.3,2,   7.7253,    25.00,2,   2.9465
  29HE20020304,   A17,     7,  7,      5,20020312,-27.8000, -37.2330, 4349,   2162.0,   3.2760,  34.9270,2,    243.3,2,  -999.00,9,    22.78,2,     0.05,2,     1.51,2,   2318.7,2,   7.7143,    25.00,2,   3.1041
  29HE20020304,   A17,     7,  7,      6,20020312,-27.8000, -37.2330, 4349,   1998.0,   3.2650,  34.8930,2,    236.1,2,  -999.00,9,    23.26,2,     0.04,2,     1.61,2,   2317.4,2,   7.7013,    25.00,2,   3.1088
  29HE20020304,   A17,     7,  7,      7,20020312,-27.8000, -37.2330, 4349,   1796.0,   3.1620,  34.8110,2,    216.7,2,  -999.00,9,    25.33,2,     0.07,2,     1.78,2,   2320.0,2,   7.6633,    25.00,2,   3.0259
  29HE20020304,   A17,     7,  7,      8,20020312,-27.8000, -37.2330, 4349,   1601.0,   3.0360,  34.7070,2,    199.5,2,  -999.00,9,    28.78,2,     0.07,2,     1.96,2,   2326.7,2,   7.6273,    25.00,2,   2.9189
  29HE20020304,   A17,     7,  7,      9,20020312,-27.8000, -37.2330, 4349,   1396.0,   3.0080,  34.5810,2,    189.9,2,  -999.00,9,    33.50,2,     0.04,2,     2.18,2,   2321.1,2,   7.5954,    25.00,2,   2.9086
  29HE20020304,   A17,     7,  7,     10,20020312,-27.8000, -37.2330, 4349,   1198.0,   3.2030,  34.4240,2,    197.2,2,  -999.00,9,    34.63,2,     0.13,2,     2.25,2,   2304.4,2,   7.5934,    25.00,2,   3.1181
  29HE20020304,   A17,     7,  7,     11,20020312,-27.8000, -37.2330, 4349,   1000.0,   3.9330,  34.3440,2,    213.4,2,  -999.00,9,    33.61,2,     0.04,2,     2.11,2,   2290.5,2,   7.6224,    25.00,2,   3.8581
  29HE20020304,   A17,     7,  7,     12,20020312,-27.8000, -37.2330, 4349,    799.0,   5.6250,  34.3850,2,    217.0,2,  -999.00,9,    30.55,2,     0.03,2,     1.87,2,   2281.1,2,   7.6634,    25.00,2,   5.5559
  29HE20020304,   A17,     7,  7,     13,20020312,-27.8000, -37.2330, 4349,    599.0,   9.0370,  34.6950,2,    204.9,2,  -999.00,9,    17.53,2,     0.11,2,     1.29,2,   2286.3,2,   7.7363,    25.00,2,   8.9705
  29HE20020304,   A17,     7,  7,     14,20020312,-27.8000, -37.2330, 4349,    502.0,  11.1000,  34.9450,2,    207.9,2,  -999.00,9,    12.53,2,     0.04,2,     0.88,2,   2298.0,2,   7.8003,    25.00,2,  11.0369
  29HE20020304,   A17,     7,  7,     15,20020312,-27.8000, -37.2330, 4349,    399.0,  13.2110,  35.2350,2,    212.3,2,  -999.00,9,     9.25,2,     0.00,2,     0.65,2,   2312.0,2,   7.8633,    25.00,2,  13.1550
  29HE20020304,   A17,     7,  7,     16,20020312,-27.8000, -37.2330, 4349,    302.0,  14.8090,  35.4460,2,    210.8,2,  -999.00,9,     3.98,2,     0.01,2,     0.41,2,   2323.5,2,   7.9013,    25.00,2,  14.7633
  29HE20020304,   A17,     7,  7,     17,20020312,-27.8000, -37.2330, 4349,    200.0,  17.3550,  35.8450,2,    212.0,2,  -999.00,9,     2.16,2,     0.02,2,     0.24,2,   2345.5,2,   7.9573,    25.00,2,  17.3213
  29HE20020304,   A17,     7,  7,     18,20020312,-27.8000, -37.2330, 4349,    151.0,  18.4600,  36.0540,2,    219.0,2,  -999.00,9,     0.49,2,     0.01,2,     0.12,2,   2354.4,2,   7.9932,    25.00,2,  18.4335
  29HE20020304,   A17,     7,  7,     19,20020312,-27.8000, -37.2330, 4349,    127.0,  18.9990,  36.1440,2,    224.4,2,  -999.00,9,     0.21,2,     0.02,2,     0.06,2,   2356.5,2,   8.0102,    25.00,2,  18.9762
  29HE20020304,   A17,     7,  7,     20,20020312,-27.8000, -37.2330, 4349,    100.0,  19.7920,  36.2370,2,    226.4,2,  -999.00,9,     0.01,2,     0.04,2,     0.03,2,   2364.7,2,   8.0262,    25.00,2,  19.7735
  29HE20020304,   A17,     7,  7,     21,20020312,-27.8000, -37.2330, 4349,     73.0,  20.8720,  36.3490,2,    230.7,2,  -999.00,9,     0.00,2,     0.05,2,     0.01,2,   2374.1,2,   8.0402,    25.00,2,  20.8580
  29HE20020304,   A17,     7,  7,     22,20020312,-27.8000, -37.2330, 4349,     50.0,  21.9730,  36.3220,2,    233.9,2,  -999.00,9,     0.02,2,     0.02,2,     0.01,2,   2367.1,2,   8.0472,    25.00,2,  21.9631
  29HE20020304,   A17,     7,  7,     23,20020312,-27.8000, -37.2330, 4349,     25.0,  25.2970,  36.1330,2,    225.6,2,  -999.00,9,     0.03,2,     0.02,2,     0.00,2,   2379.5,2,   8.0542,    25.00,2,  25.2915
  29HE20020304,   A17,     7,  7,     24,20020312,-27.8000, -37.2330, 4349,      8.0,  26.1020,  35.8480,2,    207.5,2,  -999.00,9,     0.02,2,     0.02,2,     0.01,2,   2384.1,3,   8.0603,    25.00,2,  26.1002
  29HE20020304,   A17,     8,  8,      1,20020320,-21.4160, -32.6660, 4162,   3005.0,   2.7670,  34.9060,2,    254.3,2,  -999.00,9,    21.79,2,     0.01,2,     1.56,2,   2329.7,2,   7.7293,    25.00,2,   2.5209
  29HE20020304,   A17,     8,  8,      2,20020320,-21.4160, -32.6660, 4162,   2800.0,   2.8700,  34.9150,2,    252.6,2,  -999.00,9,    19.90,2,     0.01,2,     1.39,2,   2327.2,2,   7.7293,    25.00,2,   2.6427
  29HE20020304,   A17,     8,  8,      3,20020320,-21.4160, -32.6660, 4162,   2599.0,   2.9780,  34.9200,2,    252.2,2,  -999.00,9,    21.63,2,     0.02,2,     1.53,2,   2321.3,2,   7.7293,    25.00,2,   2.7687
  29HE20020304,   A17,     8,  8,      4,20020320,-21.4160, -32.6660, 4162,   2399.0,   3.1160,  34.9300,2,    253.2,2,  -999.00,9,    21.12,2,     0.04,2,     1.48,2,   2320.9,2,   7.7293,    25.00,2,   2.9239
  29HE20020304,   A17,     8,  8,      5,20020320,-21.4160, -32.6660, 4162,   2198.0,   3.2900,  34.9420,2,    253.2,2,  -999.00,9,    20.92,2,     0.06,2,     1.49,2,   2319.5,2,   7.7323,    25.00,2,   3.1143
  29HE20020304,   A17,     8,  8,      6,20020320,-21.4160, -32.6660, 4162,   2000.0,   3.4600,  34.9500,2,    252.0,2,  -999.00,9,    18.98,2,     0.04,2,     1.37,2,   2321.1,2,   7.7303,    25.00,2,   3.3005
  29HE20020304,   A17,     8,  8,      7,20020320,-21.4160, -32.6660, 4162,   1799.0,   3.6870,  34.9530,2,    248.4,2,  -999.00,9,    21.34,2,     0.03,2,     1.51,2,   2317.7,2,   7.7233,    25.00,2,   3.5431
  29HE20020304,   A17,     8,  8,      8,20020320,-21.4160, -32.6660, 4162,   1601.0,   3.8850,  34.9270,2,    235.0,2,  -999.00,9,    22.67,2,     0.09,2,     1.61,2,   2314.1,2,   7.7063,    25.00,2,   3.7570
  29HE20020304,   A17,     8,  8,      9,20020320,-21.4160, -32.6660, 4162,   1400.0,   3.8860,  34.8200,2,    209.3,2,  -999.00,9,    28.85,2,     0.01,2,     1.70,2,   2313.6,2,   7.6623,    25.00,2,   3.7764
  29HE20020304,   A17,     8,  8,     10,20020320,-21.4160, -32.6660, 4162,   1198.0,   3.6210,  34.6370,2,    191.5,2,  -999.00,9,    32.84,2,     0.01,2,     2.03,2,   2314.6,2,   7.6133,    25.00,2,   3.5318
  29HE20020304,   A17,     8,  8,     11,20020320,-21.4160, -32.6660, 4162,   1001.0,   3.5650,  34.4710,2,    185.3,2,  -999.00,9,    34.28,2,     0.04,2,     2.17,2,   2307.7,2,   7.5944,    25.00,2,   3.4927
  29HE20020304,   A17,     8,  8,     12,20020320,-21.4160, -32.6660, 4162,    800.0,   4.4350,  34.3820,2,    192.0,2,  -999.00,9,    33.81,2,     0.09,2,     2.15,2,   2295.9,2,   7.6044,    25.00,2,   4.3731
  29HE20020304,   A17,     8,  8,     13,20020320,-21.4160, -32.6660, 4162,    699.0,   5.3470,  34.3850,2,    201.4,2,  -999.00,9,    31.74,2,     0.07,2,     2.00,2,   2291.2,2,   7.6294,    25.00,2,   5.2886
  29HE20020304,   A17,     8,  8,     14,20020320,-21.4160, -32.6660, 4162,    599.0,   7.0510,  34.5090,2,    194.1,2,  -999.00,9,    23.94,2,     0.06,2,     1.65,2,   2288.4,2,   7.6674,    25.00,2,   6.9935
  29HE20020304,   A17,     8,  8,     15,20020320,-21.4160, -32.6660, 4162,    500.0,   9.4990,  34.7380,2,    197.7,2,  -999.00,9,    20.74,2,     0.00,2,     1.50,2,   2294.2,2,   7.7373,    25.00,2,   9.4421
  29HE20020304,   A17,     8,  8,     16,20020320,-21.4160, -32.6660, 4162,    400.0,  11.9550,  35.0740,2,    209.9,2,  -999.00,9,    10.54,2,     0.01,2,     0.85,2,   2306.9,2,   7.8243,    25.00,2,  11.9025
  29HE20020304,   A17,     8,  8,     17,20020320,-21.4160, -32.6660, 4162,    299.0,  14.1900,  35.3210,2,    210.8,2,  -999.00,9,     7.71,2,     0.01,2,     0.64,2,   2319.6,2,   7.8803,    25.00,2,  14.1461
  29HE20020304,   A17,     8,  8,     18,20020320,-21.4160, -32.6660, 4162,    201.0,  17.3650,  35.8480,2,    209.3,2,  -999.00,9,     2.38,2,     0.01,2,     0.28,2,   2349.1,2,   7.9513,    25.00,2,  17.3311
  29HE20020304,   A17,     8,  8,     19,20020320,-21.4160, -32.6660, 4162,    150.0,  20.2980,  36.3810,2,    206.8,2,  -999.00,9,     1.18,2,     0.04,2,     0.17,2,   2382.1,2,   7.9992,    25.00,2,  20.2698
  29HE20020304,   A17,     8,  8,     20,20020320,-21.4160, -32.6660, 4162,    124.0,  21.0560,  36.5350,2,    213.8,2,  -999.00,9,     0.62,2,     0.03,2,     0.08,2,   2391.7,2,   8.0312,    25.00,2,  21.0321
  29HE20020304,   A17,     8,  8,     21,20020320,-21.4160, -32.6660, 4162,     99.0,  21.7830,  36.6400,2,    214.7,2,  -999.00,9,     0.05,2,     0.07,2,     0.05,2,   2398.8,2,   8.0382,    25.00,2,  21.7634
  29HE20020304,   A17,     8,  8,     22,20020320,-21.4160, -32.6660, 4162,     67.0,  23.1410,  36.8370,2,    224.3,2,  -999.00,9,     0.00,2,     0.13,2,     0.03,2,   2412.3,2,   8.0572,    25.00,2,  23.1272
  29HE20020304,   A17,     8,  8,     23,20020320,-21.4160, -32.6660, 4162,     47.0,  26.0840,  36.9650,2,    219.9,2,  -999.00,9,     0.06,2,     0.06,2,     0.01,2,   2420.4,2,   8.0782,    25.00,2,  26.0734
  29HE20020304,   A17,     8,  8,     24,20020320,-21.4160, -32.6660, 4162,      3.0,  27.6970,  36.8330,2,    206.3,2,  -999.00,9,     0.08,2,     0.05,2,     0.00,2,   2411.6,2,   8.1022,    25.00,2,  27.6963
  29HE20020304,   A17,     9,  9,      1,20020322,-17.1710, -28.0040, 5221,   3034.0,   2.7110,  34.9040,2,    247.9,2,  -999.00,9,    22.01,2,     0.00,2,     1.54,2,   2319.3,2,   7.7203,    25.00,2,   2.4631
  29HE20020304,   A17,     9,  9,      2,20020322,-17.1710, -28.0040, 5221,   2802.0,   2.7510,  34.9040,2,    246.9,2,  -999.00,9,    22.35,2,     0.00,2,     1.58,2,   2323.4,2,   7.7193,    25.00,2,   2.5260
  29HE20020304,   A17,     9,  9,      3,20020322,-17.1710, -28.0040, 5221,   2598.0,   2.8110,  34.9080,2,    244.6,2,  -999.00,9,    22.10,2,     0.02,2,     1.55,2,   2322.9,2,   7.7193,    25.00,2,   2.6051
  29HE20020304,   A17,     9,  9,      4,20020322,-17.1710, -28.0040, 5221,   2400.0,   2.9070,  34.9110,2,    246.0,2,  -999.00,9,    20.44,2,     0.04,2,     1.49,2,   2320.4,2,   7.7183,    25.00,2,   2.7185
  29HE20020304,   A17,     9,  9,      5,20020322,-17.1710, -28.0040, 5221,   2199.0,   3.0340,  34.9170,2,    245.4,2,  -999.00,9,    22.05,2,     0.01,2,     1.56,2,   2316.5,2,   7.7183,    25.00,2,   2.8625
  29HE20020304,   A17,     9,  9,      6,20020322,-17.1710, -28.0040, 5221,   1996.0,   3.1880,  34.9180,2,    240.4,2,  -999.00,9,    21.80,2,     0.02,2,     1.55,2,   2316.1,2,   7.7163,    25.00,2,   3.0330
  29HE20020304,   A17,     9,  9,      7,20020322,-17.1710, -28.0040, 5221,   1801.0,   3.3870,  34.9160,2,    238.1,2,  -999.00,9,    20.54,2,     0.04,2,     1.40,2,   2313.6,2,   7.7093,    25.00,2,   3.2471
  29HE20020304,   A17,     9,  9,      8,20020322,-17.1710, -28.0040, 5221,   1600.0,   3.6680,  34.8930,2,    225.1,2,  -999.00,9,    21.71,2,     0.00,2,     1.50,2,   2311.7,2,   7.6913,    25.00,2,   3.5428
  29HE20020304,   A17,     9,  9,      9,20020322,-17.1710, -28.0040, 5221,   1403.0,   3.9070,  34.8400,2,    209.2,2,  -999.00,9,    21.77,2,     0.02,2,     1.57,2,   2310.8,2,   7.6623,    25.00,2,   3.7968
  29HE20020304,   A17,     9,  9,     10,20020322,-17.1710, -28.0040, 5221,   1198.0,   3.9500,  34.7180,2,    190.2,2,  -999.00,9,    24.66,2,     0.00,2,     1.69,2,   2307.9,2,   7.6213,    25.00,2,   3.8576
  29HE20020304,   A17,     9,  9,     11,20020322,-17.1710, -28.0040, 5221,   1000.0,   3.6970,  34.5270,2,    184.7,2,  -999.00,9,    29.29,2,     0.00,2,     1.96,2,   2305.6,2,   7.5934,    25.00,2,   3.6236
  29HE20020304,   A17,     9,  9,     12,20020322,-17.1710, -28.0040, 5221,    802.0,   4.1720,  34.4340,2,    179.6,2,  -999.00,9,    32.78,2,     0.03,2,     2.13,2,   2296.8,2,   7.5844,    25.00,2,   4.1115
  29HE20020304,   A17,     9,  9,     13,20020322,-17.1710, -28.0040, 5221,    699.0,   4.9340,  34.4460,2,    171.0,2,  -999.00,9,    29.04,2,     0.00,2,     1.97,2,   2292.7,2,   7.5784,    25.00,2,   4.8777
  29HE20020304,   A17,     9,  9,     14,20020322,-17.1710, -28.0040, 5221,    603.0,   5.9870,  34.4950,2,    159.8,2,  -999.00,9,    29.33,2,     0.06,2,     1.85,2,   2296.3,2,   7.5884,    25.00,2,   5.9339
  29HE20020304,   A17,     9,  9,     15,20020322,-17.1710, -28.0040, 5221,    501.0,   7.5070,  34.5930,2,    164.1,2,  -999.00,9,    29.98,2,     0.02,2,     1.84,2,   2291.3,2,   7.6244,    25.00,2,   7.4574
  29HE20020304,   A17,     9,  9,     16,20020322,-17.1710, -28.0040, 5221,    400.0,  10.1230,  34.8350,2,    173.8,2,  -999.00,9,    21.44,2,     0.01,2,     1.53,2,   2287.4,2,   7.7043,    25.00,2,  10.0758
  29HE20020304,   A17,     9,  9,     17,20020322,-17.1710, -28.0040, 5221,    300.0,  12.9340,  35.1470,2,    194.8,2,  -999.00,9,    12.47,2,     0.05,2,     0.91,2,   2306.4,2,   7.8193,    25.00,2,  12.8927
  29HE20020304,   A17,     9,  9,     18,20020322,-17.1710, -28.0040, 5221,    199.0,  17.2410,  35.8540,2,    193.1,2,  -999.00,9,     5.64,2,     0.09,2,     0.52,2,   2350.6,2,   7.9143,    25.00,2,  17.2076
  29HE20020304,   A17,     9,  9,     19,20020322,-17.1710, -28.0040, 5221,    151.0,  20.5780,  36.4660,2,    201.9,2,  -999.00,9,     0.67,2,     0.17,2,     0.17,2,   2390.8,2,   7.9872,    25.00,2,  20.5493
  29HE20020304,   A17,     9,  9,     20,20020322,-17.1710, -28.0040, 5221,     99.0,  23.8100,  36.9970,2,    219.5,2,  -999.00,9,     0.01,2,     0.03,2,     0.04,2,   2425.6,2,   8.0582,    25.00,2,  23.7891
  29HE20020304,   A17,     9,  9,     21,20020322,-17.1710, -28.0040, 5221,     73.0,  25.3770,  37.1360,2,    215.9,2,  -999.00,9,     0.01,2,     0.02,2,     0.03,2,   2434.1,2,   8.0642,    25.00,2,  25.3609
  29HE20020304,   A17,     9,  9,     22,20020322,-17.1710, -28.0040, 5221,     48.0,  27.0440,  37.4060,2,    204.7,2,  -999.00,9,     0.00,2,     0.04,2,     0.02,2,   2451.1,2,   8.0761,    25.00,2,  27.0329
  29HE20020304,   A17,     9,  9,     23,20020322,-17.1710, -28.0040, 5221,     23.0,  27.1660,  37.4430,2,    200.9,2,  -999.00,9,     0.00,2,     0.04,2,     0.04,2,   2453.4,2,   8.0841,    25.00,2,  27.1607
  29HE20020304,   A17,     9,  9,     24,20020322,-17.1710, -28.0040, 5221,      3.0,  27.1820,  37.4440,2,    203.6,2,  -999.00,9,     0.01,2,     0.03,2,     0.02,2,   2453.4,2,   8.0861,    25.00,2,  27.1813
  29HE20020304,   A17,    10, 10,      1,20020323,-12.5860, -27.9980, 5574,   3002.0,   2.6330,  34.9000,2,    245.7,2,  -999.00,9,    22.76,2,     0.02,2,     1.37,2,   2324.4,2,   7.7163,    25.00,2,   2.3901
  29HE20020304,   A17,    10, 10,      2,20020323,-12.5860, -27.9980, 5574,   2800.0,   2.6890,  34.9030,2,    245.2,2,  -999.00,9,    22.45,2,     0.05,2,     1.58,2,   2321.9,2,   7.7173,    25.00,2,   2.4654
  29HE20020304,   A17,    10, 10,      3,20020323,-12.5860, -27.9980, 5574,   2600.0,   2.7660,  34.9090,2,    245.1,2,  -999.00,9,    20.97,2,     0.03,2,     1.37,2,   2316.0,2,   7.7163,    25.00,2,   2.5607
  29HE20020304,   A17,    10, 10,      4,20020323,-12.5860, -27.9980, 5574,   2401.0,   2.8880,  34.9190,2,    244.3,2,  -999.00,9,    22.36,2,     0.03,2,     1.49,2,   2315.5,2,   7.7163,    25.00,2,   2.6998
  29HE20020304,   A17,    10, 10,      5,20020323,-12.5860, -27.9980, 5574,   2199.0,   3.0880,  34.9350,2,    247.0,2,  -999.00,9,    19.35,2,     0.03,2,     1.36,2,   2315.5,2,   7.7233,    25.00,2,   2.9156
  29HE20020304,   A17,    10, 10,      6,20020323,-12.5860, -27.9980, 5574,   1999.0,   3.3010,  34.9470,2,    250.1,2,  -999.00,9,    21.04,2,     0.03,2,     1.44,2,   2315.8,2,   7.7243,    25.00,2,   3.1440
  29HE20020304,   A17,    10, 10,      7,20020323,-12.5860, -27.9980, 5574,   1800.0,   3.5580,  34.9480,2,    243.6,2,  -999.00,9,    19.85,2,     0.03,2,     1.25,2,   2312.4,2,   7.7183,    25.00,2,   3.4158
  29HE20020304,   A17,    10, 10,      8,20020323,-12.5860, -27.9980, 5574,   1610.0,   3.8850,  34.9420,2,    233.2,2,  -999.00,9,    22.62,2,     0.00,2,     1.38,2,   2308.7,2,   7.7063,    25.00,2,   3.7561
  29HE20020304,   A17,    10, 10,      9,20020323,-12.5860, -27.9980, 5574,   1399.0,   4.0450,  34.8730,2,    210.6,2,  -999.00,9,    23.04,2,     0.01,2,     1.56,2,   2309.9,2,   7.6663,    25.00,2,   3.9337
  29HE20020304,   A17,    10, 10,     10,20020323,-12.5860, -27.9980, 5574,   1203.0,   3.9660,  34.7250,2,    186.6,2,  -999.00,9,    25.75,2,     0.05,2,     1.63,2,   2309.3,2,   7.6173,    25.00,2,   3.8730
  29HE20020304,   A17,    10, 10,     11,20020323,-12.5860, -27.9980, 5574,    999.0,   3.8460,  34.5320,2,    175.8,2,  -999.00,9,    30.94,2,     0.04,2,     1.98,2,   2302.3,2,   7.5864,    25.00,2,   3.7716
  29HE20020304,   A17,    10, 10,     12,20020323,-12.5860, -27.9980, 5574,    798.0,   4.3010,  34.4410,2,    174.7,2,  -999.00,9,    33.00,2,     0.07,2,     1.99,2,   2290.6,2,   7.5764,    25.00,2,   4.2401
  29HE20020304,   A17,    10, 10,     13,20020323,-12.5860, -27.9980, 5574,    698.0,   4.7630,  34.4370,2,    169.7,2,  -999.00,9,    34.23,2,     0.06,2,     2.20,2,   2285.8,2,   7.5774,    25.00,2,   4.7077
  29HE20020304,   A17,    10, 10,     14,20020323,-12.5860, -27.9980, 5574,    599.0,   5.5650,  34.4850,2,    156.8,2,  -999.00,9,    33.93,2,     0.10,2,     2.17,2,   2283.1,2,   7.5714,    25.00,2,   5.5142
  29HE20020304,   A17,    10, 10,     15,20020323,-12.5860, -27.9980, 5574,    501.0,   6.5110,  34.5560,2,    142.7,2,  -999.00,9,    34.22,2,     0.08,2,     2.10,2,   2289.8,2,   7.5744,    25.00,2,   6.4652
  29HE20020304,   A17,    10, 10,     16,20020323,-12.5860, -27.9980, 5574,    399.0,   8.0020,  34.6890,2,    127.0,2,  -999.00,9,    33.67,2,     0.06,2,     2.07,2,   2301.6,2,   7.6043,    25.00,2,   7.9613
  29HE20020304,   A17,    10, 10,     17,20020323,-12.5860, -27.9980, 5574,    300.0,  10.6990,  34.9540,2,    130.1,2,  -999.00,9,    30.97,2,     0.02,2,     1.87,2,   2314.9,2,   7.6353,    25.00,2,  10.6625
  29HE20020304,   A17,    10, 10,     18,20020323,-12.5860, -27.9980, 5574,    200.0,  14.9240,  35.4960,2,    152.8,2,  -999.00,9,    23.48,2,     0.04,2,     1.67,2,   2343.9,2,   7.8003,    25.00,3,  14.8937
  29HE20020304,   A17,    10, 10,     19,20020323,-12.5860, -27.9980, 5574,    152.0,  19.6010,  36.2670,2,    185.4,2,  -999.00,9,    14.33,2,     0.03,2,     1.02,2,   2368.4,2,   7.9452,    25.00,3,  19.5731
  29HE20020304,   A17,    10, 10,     20,20020323,-12.5860, -27.9980, 5574,    103.0,  23.1800,  36.8570,2,    217.4,2,  -999.00,9,     2.27,2,     0.29,2,     0.24,2,   2386.4,2,   8.0492,    25.00,2,  23.1587
  29HE20020304,   A17,    10, 10,     21,20020323,-12.5860, -27.9980, 5574,     73.0,  25.3320,  37.0470,2,    218.3,2,  -999.00,9,     0.01,2,     0.02,2,     0.08,2,   2408.0,2,   8.0622,    25.00,2,  25.3159
  29HE20020304,   A17,    10, 10,     22,20020323,-12.5860, -27.9980, 5574,     51.0,  27.0240,  36.9220,2,    210.4,2,  -999.00,9,     0.00,2,     0.03,2,     0.03,2,   2407.1,2,   8.0832,    25.00,2,  27.0122
  29HE20020304,   A17,    10, 10,     23,20020323,-12.5860, -27.9980, 5574,     25.0,  27.5620,  36.7580,2,    200.8,2,  -999.00,9,     0.01,2,     0.02,2,     0.04,2,   2406.0,2,   8.0892,    25.00,2,  27.5561
  29HE20020304,   A17,    10, 10,     24,20020323,-12.5860, -27.9980, 5574,      6.0,  27.5860,  36.7580,2,    200.8,2,  -999.00,9,     0.01,2,     0.01,2,     0.02,2,   2406.4,2,   8.0892,    25.00,2,  27.5846
  29HE20020304,   A17,    11, 11,      1,20020324, -7.9940, -28.0070, 5580,   3004.0,   2.6820,  34.9030,2,    248.7,2,    30.89,2,    17.64,2,     0.03,2,     1.23,2,   2314.1,2,   7.7213,    25.00,2,   2.4378
  29HE20020304,   A17,    11, 11,      2,20020324, -7.9940, -28.0070, 5580,   2799.0,   2.7260,  34.9010,2,    243.2,2,    31.70,2,    17.50,2,     0.05,2,     1.21,2,   2318.2,2,   7.7163,    25.00,2,   2.5018
  29HE20020304,   A17,    11, 11,      3,20020324, -7.9940, -28.0070, 5580,   2599.0,   2.8210,  34.9090,2,    245.4,2,    32.52,2,    19.56,2,     0.05,2,     1.29,2,   2314.5,2,   7.7193,    25.00,2,   2.6148
  29HE20020304,   A17,    11, 11,      4,20020324, -7.9940, -28.0070, 5580,   2358.0,   2.9640,  34.9170,2,    243.1,2,    34.80,2,    22.24,2,     0.05,2,     1.37,2,   2315.3,2,   7.7163,    25.00,2,   2.7786
  29HE20020304,   A17,    11, 11,      5,20020324, -7.9940, -28.0070, 5580,   2199.0,   3.1730,  34.9340,2,    246.8,2,    28.37,2,    21.42,2,     0.03,2,     1.32,2,   2311.4,2,   7.7223,    25.00,2,   2.9992
  29HE20020304,   A17,    11, 11,      6,20020324, -7.9940, -28.0070, 5580,   2001.0,   3.4220,  34.9510,2,    247.6,2,    23.25,2,    20.20,2,     0.01,2,     1.25,2,   2311.0,2,   7.7273,    25.00,2,   3.2630
  29HE20020304,   A17,    11, 11,      7,20020324, -7.9940, -28.0070, 5580,   1797.0,   3.7120,  34.9570,2,    244.0,2,    20.98,2,    20.73,2,     0.02,2,     1.28,2,   2308.5,2,   7.7213,    25.00,2,   3.5680
  29HE20020304,   A17,    11, 11,      8,20020324, -7.9940, -28.0070, 5580,   1600.0,   4.0660,  34.9610,2,    236.2,2,    15.21,2,    18.42,2,     0.03,2,     1.23,2,   2306.7,2,   7.7143,    25.00,2,   3.9358
  29HE20020304,   A17,    11, 11,      9,20020324, -7.9940, -28.0070, 5580,   1401.0,   4.2180,  34.8880,2,    209.8,2,    15.89,2,    19.87,2,     0.03,2,     1.28,2,   2305.7,2,   7.6733,    25.00,2,   4.1046
  29HE20020304,   A17,    11, 11,     10,20020324, -7.9940, -28.0070, 5580,   1199.0,   4.1700,  34.7530,2,    183.5,2,    29.44,2,    30.22,2,     0.05,2,     1.93,2,   2302.8,2,   7.6173,    25.00,2,   4.0754
  29HE20020304,   A17,    11, 11,     11,20020324, -7.9940, -28.0070, 5580,    996.0,   4.1150,  34.5730,2,    165.8,2,    33.99,2,    33.96,2,     0.05,2,     2.25,2,   2300.5,2,   7.5674,    25.00,2,   4.0387
  29HE20020304,   A17,    11, 11,     12,20020324, -7.9940, -28.0070, 5580,    800.0,   4.5920,  34.4770,2,    152.7,2,    30.50,2,    34.37,2,     0.02,2,     2.26,2,   2291.7,2,   7.5474,    25.00,2,   4.5290
  29HE20020304,   A17,    11, 11,     13,20020324, -7.9940, -28.0070, 5580,    701.0,   4.9580,  34.4670,2,    155.3,2,    28.82,2,    35.61,2,     0.02,2,     2.28,2,   2287.5,2,   7.5504,    25.00,2,   4.9014
  29HE20020304,   A17,    11, 11,     14,20020324, -7.9940, -28.0070, 5580,    604.0,   5.6680,  34.5190,2,    135.0,2,    21.67,2,    34.15,2,     0.02,2,     2.25,2,   2291.0,2,   7.5344,    25.00,2,   5.6163
  29HE20020304,   A17,    11, 11,     15,20020324, -7.9940, -28.0070, 5580,    500.0,   6.5880,  34.5730,2,    127.0,2,    20.86,2,    33.67,2,     0.00,2,     2.14,2,   2286.1,2,   7.5384,    25.00,2,   6.5420
  29HE20020304,   A17,    11, 11,     16,20020324, -7.9940, -28.0070, 5580,    405.0,   7.6700,  34.6660,2,    107.6,2,    15.13,2,    30.04,2,     0.00,2,     1.90,2,   2282.2,2,   7.5373,    25.00,2,   7.6297
  29HE20020304,   A17,    11, 11,     17,20020324, -7.9940, -28.0070, 5580,    302.0,   9.0540,  34.8020,2,    123.9,2,    10.75,2,    23.78,2,     0.04,2,     1.54,2,   2295.9,2,   7.6083,    25.00,2,   9.0209
  29HE20020304,   A17,    11, 11,     18,20020324, -7.9940, -28.0070, 5580,    200.0,  13.3620,  35.3270,2,    109.7,2,     7.48,2,    22.78,2,     0.04,2,     1.35,2,   2345.5,2,   7.6893,    25.00,2,  13.3339
  29HE20020304,   A17,    11, 11,     19,20020324, -7.9940, -28.0070, 5580,    152.0,  16.8420,  35.7800,2,    141.3,2,     0.99,2,     0.03,2,     0.01,2,     0.05,2,   2365.2,2,   7.8193,    25.00,3,  16.8170
  29HE20020304,   A17,    11, 11,     20,20020324, -7.9940, -28.0070, 5580,    101.0,  23.8830,  36.9420,2,    213.6,2,     0.96,2,     0.02,2,     0.03,2,     0.04,2,   2420.4,2,   8.0572,    25.00,2,  23.8616
  29HE20020304,   A17,    11, 11,     21,20020324, -7.9940, -28.0070, 5580,     76.0,  25.3340,  36.9330,2,    216.3,2,     0.96,2,     0.03,2,     0.01,2,     0.01,2,   2439.2,2,   8.0772,    25.00,2,  25.3172
  29HE20020304,   A17,    11, 11,     22,20020324, -7.9940, -28.0070, 5580,     48.0,  28.1650,  36.4680,2,    200.8,2,     1.08,2,     0.02,2,     0.02,2,     0.00,2,   2445.9,2,   8.0812,    25.00,2,  28.1536
  29HE20020304,   A17,    11, 11,     23,20020324, -7.9940, -28.0070, 5580,     25.0,  28.2330,  36.4480,2,    199.7,2,     1.32,2,     0.00,2,     0.04,2,     0.01,2,   2447.5,2,   8.0832,    25.00,2,  28.2271
  29HE20020304,   A17,    11, 11,     24,20020324, -7.9940, -28.0070, 5580,      6.0,  28.2620,  36.4400,2,    199.1,2,     1.32,2,     0.02,2,     0.03,2,     0.02,2,   2448.2,2,   8.0852,    25.00,2,  28.2606
  29HE20020304,   A17,    12, 12,      1,20020325, -3.7570, -26.9730, 5284,   2985.0,   2.6650,  34.9070,2,    250.0,2,    36.05,2,    21.71,2,     0.03,2,     1.35,2,   2332.5,2,   7.7233,    25.00,2,   2.4231
  29HE20020304,   A17,    12, 12,      2,20020325, -3.7570, -26.9730, 5284,   2799.0,   2.7630,  34.9150,2,    247.2,2,    34.67,2,    21.72,2,     0.04,2,     1.35,2,   2330.4,2,   7.7213,    25.00,2,   2.5380
  29HE20020304,   A17,    12, 12,      3,20020325, -3.7570, -26.9730, 5284,   2599.0,   2.8940,  34.9230,2,    247.1,2,    30.68,2,    19.90,2,     0.04,2,     1.32,2,   2331.0,2,   7.7213,    25.00,2,   2.6863
  29HE20020304,   A17,    12, 12,      4,20020325, -3.7570, -26.9730, 5284,   2399.0,   3.0610,  34.9380,2,    249.7,2,    25.07,2,    17.54,2,     0.03,2,     1.19,2,   2325.7,2,   7.7253,    25.00,2,   2.8698
  29HE20020304,   A17,    12, 12,      5,20020325, -3.7570, -26.9730, 5284,   2197.0,   3.2660,  34.9560,2,    253.7,2,    20.84,2,    17.15,2,     0.04,2,     1.15,2,   2323.1,2,   7.7293,    25.00,2,   3.0908
  29HE20020304,   A17,    12, 12,      6,20020325, -3.7570, -26.9730, 5284,   1998.0,   3.5000,  34.9690,2,    250.6,2,    19.94,2,    17.95,2,     0.03,2,     1.18,2,   2317.8,2,   7.7293,    25.00,2,   3.3401
  29HE20020304,   A17,    12, 12,      7,20020325, -3.7570, -26.9730, 5284,   1800.0,   3.7470,  34.9710,2,    246.5,2,    15.05,2,    17.50,2,     0.03,2,     1.16,2,   2316.1,2,   7.7213,    25.00,2,   3.6022
  29HE20020304,   A17,    12, 12,      8,20020325, -3.7570, -26.9730, 5284,   1600.0,   4.0760,  34.9620,2,    233.7,2,    17.24,2,    20.22,2,     0.04,2,     1.30,2,   2316.2,2,   7.7093,    25.00,2,   3.9457
  29HE20020304,   A17,    12, 12,      9,20020325, -3.7570, -26.9730, 5284,   1401.0,   4.3290,  34.9100,2,    211.4,2,    16.56,2,    19.19,2,     0.04,2,     1.35,2,   2314.8,2,   7.6733,    25.00,2,   4.2144
  29HE20020304,   A17,    12, 12,     10,20020325, -3.7570, -26.9730, 5284,   1202.0,   4.3870,  34.7370,2,    177.8,2,    24.26,2,    24.78,2,     0.06,2,     1.76,2,   2311.8,2,   7.6123,    25.00,2,   4.2902
  29HE20020304,   A17,    12, 12,     11,20020325, -3.7570, -26.9730, 5284,   1000.0,   4.3080,  34.5600,2,    164.5,2,    31.10,2,    30.90,2,     0.06,2,     2.13,2,   2304.6,2,   7.5714,    25.00,2,   4.2299
  29HE20020304,   A17,    12, 12,     12,20020325, -3.7570, -26.9730, 5284,    800.0,   4.5950,  34.4630,2,    162.7,2,    32.24,2,    34.78,2,     0.06,2,     2.23,2,   2302.4,2,   7.5644,    25.00,2,   4.5320
  29HE20020304,   A17,    12, 12,     13,20020325, -3.7570, -26.9730, 5284,    702.0,   4.9480,  34.4560,2,    155.1,2,    29.31,2,    34.79,2,     0.04,2,     2.24,2,   2296.9,2,   7.5544,    25.00,2,   4.8914
  29HE20020304,   A17,    12, 12,     14,20020325, -3.7570, -26.9730, 5284,    600.0,   5.7640,  34.4920,2,    139.3,2,    24.46,2,    33.38,2,     0.05,2,     2.21,2,   2294.2,2,   7.5454,    25.00,2,   5.7122
  29HE20020304,   A17,    12, 12,     15,20020325, -3.7570, -26.9730, 5284,    501.0,   7.5020,  34.6320,2,    110.8,2,    20.42,2,    34.64,2,     0.06,2,     2.16,2,   2295.7,2,   7.5313,    25.00,2,   7.4524
  29HE20020304,   A17,    12, 12,     16,20020325, -3.7570, -26.9730, 5284,    402.0,   9.4130,  34.8200,2,     79.8,2,    12.66,2,    32.02,2,     0.02,2,     1.94,2,   2299.6,2,   7.5223,    25.00,2,   9.3677
  29HE20020304,   A17,    12, 12,     17,20020325, -3.7570, -26.9730, 5284,    302.0,  11.0370,  34.9930,2,    109.8,2,    10.71,2,    26.46,2,     0.05,2,     1.60,2,   2307.7,2,   7.6403,    25.00,2,  10.9995
  29HE20020304,   A17,    12, 12,     18,20020325, -3.7570, -26.9730, 5284,    202.0,  12.4360,  35.2000,2,    103.1,2,     8.69,2,    23.61,2,     0.04,2,     1.36,2,   2318.4,2,   7.6493,    25.00,2,  12.4090
  29HE20020304,   A17,    12, 12,     19,20020325, -3.7570, -26.9730, 5284,    151.0,  13.0850,  35.2830,2,    131.6,2,     7.42,2,    20.49,2,     0.04,2,     1.28,2,   2321.5,2,   7.7233,    25.00,2,  13.0641
  29HE20020304,   A17,    12, 12,     20,20020325, -3.7570, -26.9730, 5284,    102.0,  14.3420,  35.4550,2,    132.6,2,     5.52,2,    16.16,2,     0.08,2,     1.08,2,   2328.2,2,   7.7463,    25.00,2,  14.3270
  29HE20020304,   A17,    12, 12,     21,20020325, -3.7570, -26.9730, 5284,     81.0,  16.4980,  35.6720,2,   -999.0,9,     4.95,2,    16.63,2,     0.34,2,     1.04,2,   2342.2,2,   7.7773,    25.00,2,  16.4849
  29HE20020304,   A17,    12, 12,     22,20020325, -3.7570, -26.9730, 5284,     51.0,  26.3960,  36.1100,2,    210.7,2,     1.21,2,     0.02,2,     0.00,2,     0.03,2,   2369.7,2,   8.0512,    25.00,2,  26.3845
  29HE20020304,   A17,    12, 12,     23,20020325, -3.7570, -26.9730, 5284,     25.0,  28.2550,  35.7640,2,    201.1,2,     0.78,2,     0.00,2,     0.03,2,     0.00,2,   2345.7,2,   8.0763,    25.00,2,  28.2491
  29HE20020304,   A17,    12, 12,     24,20020325, -3.7570, -26.9730, 5284,      5.0,  28.2620,  35.7100,2,    199.8,2,     0.79,2,     0.01,2,     0.01,2,     0.00,2,   2342.2,2,   8.0753,    25.00,2,  28.2608
  29HE20020304,   A17,    13, 13,      1,20020326,  0.0010, -26.0730, 3810,   3003.0,   2.6450,  34.9140,2,    252.7,2,    33.63,2,    21.30,2,     0.00,2,     1.41,2,   2331.7,2,   7.7263,    25.00,2,   2.4017
  29HE20020304,   A17,    13, 13,      2,20020326,  0.0010, -26.0730, 3810,   2800.0,   2.7420,  34.9230,2,    250.8,2,    26.99,2,    20.89,2,     0.00,2,     1.29,2,   2330.2,2,   7.7253,    25.00,2,   2.5172
  29HE20020304,   A17,    13, 13,      3,20020326,  0.0010, -26.0730, 3810,   2598.0,   3.0000,  34.9420,2,    252.8,2,    27.12,2,    21.22,2,     0.01,2,     1.19,2,   2325.9,2,   7.7293,    25.00,2,   2.7903
  29HE20020304,   A17,    13, 13,      4,20020326,  0.0010, -26.0730, 3810,   2399.0,   3.0740,  34.9510,2,    254.4,2,    22.30,2,    20.91,2,     0.02,2,     1.32,2,   2326.5,2,   7.7323,    25.00,2,   2.8825
  29HE20020304,   A17,    13, 13,      5,20020326,  0.0010, -26.0730, 3810,   2202.0,   3.4000,  34.9630,2,    250.9,2,    16.75,2,    19.26,2,     0.04,2,     1.26,2,   2321.3,2,   7.7313,    25.00,2,   3.2221
  29HE20020304,   A17,    13, 13,      6,20020326,  0.0010, -26.0730, 3810,   1999.0,   3.5740,  34.9700,2,    250.5,2,    20.60,2,    19.94,2,     0.02,2,     1.27,2,   2322.7,2,   7.7313,    25.00,2,   3.4129
  29HE20020304,   A17,    13, 13,      7,20020326,  0.0010, -26.0730, 3810,   1798.0,   3.7630,  34.9800,2,    248.2,2,    15.63,2,    19.91,2,     0.01,2,     1.46,2,   2317.8,2,   7.7263,    25.00,2,   3.6181
  29HE20020304,   A17,    13, 13,      8,20020326,  0.0010, -26.0730, 3810,   1600.0,   4.0150,  34.9910,2,    246.8,2,    19.30,2,    22.82,2,     0.02,2,     1.62,2,   2313.5,2,   7.7263,    25.00,2,   3.8854
  29HE20020304,   A17,    13, 13,      9,20020326,  0.0010, -26.0730, 3810,   1401.0,   4.3380,  34.9550,2,    221.4,2,    21.06,2,    24.45,2,     0.01,2,     1.63,2,   2315.3,2,   7.6943,    25.00,2,   4.2232
  29HE20020304,   A17,    13, 13,     10,20020326,  0.0010, -26.0730, 3810,   1201.0,   4.5730,  34.8680,2,    190.6,2,    21.00,2,    24.07,2,     0.01,2,     1.80,2,   2312.6,2,   7.6443,    25.00,2,   4.4744
  29HE20020304,   A17,    13, 13,     11,20020326,  0.0010, -26.0730, 3810,    998.0,   4.5670,  34.5910,2,    159.9,2,    25.95,2,    27.69,2,     0.00,2,     2.06,2,   2308.5,2,   7.5714,    25.00,2,   4.4870
  29HE20020304,   A17,    13, 13,     12,20020326,  0.0010, -26.0730, 3810,    798.0,   4.7900,  34.4790,2,    153.7,2,    30.26,2,    34.02,2,     0.00,2,     2.28,2,   2304.3,2,   7.5584,    25.00,2,   4.7260
  29HE20020304,   A17,    13, 13,     13,20020326,  0.0010, -26.0730, 3810,    698.0,   5.2710,  34.4710,2,    151.3,2,    27.39,2,    34.88,2,     0.06,2,     2.17,2,   2300.9,2,   7.5554,    25.00,2,   5.2130
  29HE20020304,   A17,    13, 13,     14,20020326,  0.0010, -26.0730, 3810,    599.0,   5.8870,  34.4940,2,    145.4,2,    22.76,2,    33.98,2,     0.06,2,     2.11,2,   2295.9,2,   7.5604,    25.00,2,   5.8348
  29HE20020304,   A17,    13, 13,     15,20020326,  0.0010, -26.0730, 3810,    501.0,   6.7430,  34.5600,2,    138.3,2,    20.81,2,    33.02,2,     0.05,2,     1.92,2,   2297.4,2,   7.5624,    25.00,2,   6.6963
  29HE20020304,   A17,    13, 13,     16,20020326,  0.0010, -26.0730, 3810,    397.0,   8.0800,  34.6710,2,    129.0,2,    15.75,2,    31.27,2,     0.03,2,     1.73,2,   2300.2,2,   7.5843,    25.00,2,   8.0393
  29HE20020304,   A17,    13, 13,     17,20020326,  0.0010, -26.0730, 3810,    300.0,   9.9750,  34.8360,2,    148.3,2,    11.09,2,    23.25,2,     0.02,2,     1.26,2,   2305.1,2,   7.6873,    25.00,2,   9.9401
  29HE20020304,   A17,    13, 13,     18,20020326,  0.0010, -26.0730, 3810,    200.0,  13.4060,  35.3230,2,    153.8,2,     6.30,2,    17.17,2,     0.06,2,     0.86,2,   2326.3,2,   7.7723,    25.00,2,  13.3778
  29HE20020304,   A17,    13, 13,     19,20020326,  0.0010, -26.0730, 3810,    148.0,  14.3600,  35.4470,2,    176.4,2,     4.61,2,    12.50,2,     0.03,2,     0.69,2,   2334.1,2,   7.8313,    25.00,2,  14.3382
  29HE20020304,   A17,    13, 13,     20,20020326,  0.0010, -26.0730, 3810,    100.0,  16.9370,  35.7980,2,    174.7,2,     3.58,2,     9.97,2,     0.07,2,     0.44,2,   2356.1,2,   7.8783,    25.00,2,  16.9205
  29HE20020304,   A17,    13, 13,     21,20020326,  0.0010, -26.0730, 3810,     75.0,  20.8860,  36.1600,2,    173.9,2,     2.55,2,     6.37,2,     0.14,2,     0.36,2,   2376.9,2,   7.9402,    25.00,2,  20.8716
  29HE20020304,   A17,    13, 13,     22,20020326,  0.0010, -26.0730, 3810,     52.0,  26.0250,  36.4960,2,    201.3,2,     0.91,2,     0.00,2,     0.03,2,     0.02,2,   2394.9,2,   8.0552,    25.00,2,  26.0133
  29HE20020304,   A17,    13, 13,     23,20020326,  0.0010, -26.0730, 3810,     30.0,  27.4430,  36.1240,2,    203.6,2,     0.97,2,     0.00,2,     0.02,2,     0.00,2,   2369.8,2,   8.0742,    25.00,2,  27.4360
  29HE20020304,   A17,    13, 13,     24,20020326,  0.0010, -26.0730, 3810,      0.0,  28.2660,  35.8510,2,    203.8,2,     0.97,2,     0.00,2,     0.02,2,     0.02,2,   2351.4,2,   8.0793,    25.00,2,  28.2660
  29HE20020304,   A17,    14, 14,      1,20020327,  4.6670, -26.8310, 4316,   2588.0,   2.9080,  34.9150,2,    247.8,2,    31.89,2,    19.92,2,     0.02,2,     1.32,2,   2340.8,2,   7.7223,    25.00,2,   2.7012
  29HE20020304,   A17,    14, 14,      2,20020327,  4.6670, -26.8310, 4316,   2397.0,   3.1040,  34.9270,2,    246.2,2,    30.58,2,    21.64,2,     0.04,2,     1.38,2,   2330.7,2,   7.7233,    25.00,2,   2.9123
  29HE20020304,   A17,    14, 14,      3,20020327,  4.6670, -26.8310, 4316,   2181.0,   3.3620,  34.9390,2,    244.2,2,    25.46,2,    21.41,2,     0.03,2,     1.38,2,   2330.9,2,   7.7213,    25.00,2,   3.1868
  29HE20020304,   A17,    14, 14,      4,20020327,  4.6670, -26.8310, 4316,   2000.0,   3.5160,  34.9450,2,    242.0,2,    25.10,2,    21.83,2,     0.01,2,     1.39,2,   2325.2,2,   7.7203,    25.00,2,   3.3557
  29HE20020304,   A17,    14, 14,      5,20020327,  4.6670, -26.8310, 4316,   1800.0,   3.7940,  34.9540,2,    238.9,2,    22.49,2,    21.45,2,     0.01,2,     1.40,2,   2322.8,2,   7.7163,    25.00,2,   3.6486
  29HE20020304,   A17,    14, 14,      6,20020327,  4.6670, -26.8310, 4316,   1601.0,   4.2300,  34.9520,2,    226.8,2,    20.92,2,    24.62,2,     0.02,2,     1.46,2,   2321.6,2,   7.7013,    25.00,2,   4.0978
  29HE20020304,   A17,    14, 14,      7,20020327,  4.6670, -26.8310, 4316,   1402.0,   4.5460,  34.9050,2,    201.0,2,    23.48,2,    26.09,2,     0.03,2,     1.69,2,   2319.8,2,   7.6623,    25.00,2,   4.4290
  29HE20020304,   A17,    14, 14,      8,20020327,  4.6670, -26.8310, 4316,   1202.0,   4.6560,  34.7630,2,    168.8,2,    20.67,2,    26.32,2,     0.02,2,     1.70,2,   2319.4,2,   7.6043,    25.00,2,   4.5567
  29HE20020304,   A17,    14, 14,      9,20020327,  4.6670, -26.8310, 4316,    943.0,   4.7270,  34.5840,2,    152.9,2,    26.36,2,    26.83,2,     0.02,2,     1.99,2,   2318.1,2,   7.5564,    25.00,2,   4.6507
  29HE20020304,   A17,    14, 14,     10,20020327,  4.6670, -26.8310, 4316,    797.0,   5.0590,  34.5380,2,    142.0,2,    26.04,2,    29.11,2,     0.02,2,     2.18,2,   2318.3,2,   7.5364,    25.00,2,   4.9934
  29HE20020304,   A17,    14, 14,     11,20020327,  4.6670, -26.8310, 4316,    686.0,   5.5210,  34.5410,2,    133.0,2,    27.67,2,    34.21,2,     0.02,2,     2.32,2,   2316.9,2,   7.5314,    25.00,2,   5.4626
  29HE20020304,   A17,    14, 14,     12,20020327,  4.6670, -26.8310, 4316,    601.0,   6.0480,  34.5660,2,    128.0,2,    20.68,2,    29.65,2,     0.02,2,     1.99,2,   2303.9,2,   7.5364,    25.00,2,   5.9948
  29HE20020304,   A17,    14, 14,     13,20020327,  4.6670, -26.8310, 4316,    502.0,   7.1060,  34.6630,2,    106.7,2,    22.25,2,    35.50,2,     0.04,2,     2.26,2,   2304.2,2,   7.5263,    25.00,2,   7.0578
  29HE20020304,   A17,    14, 14,     14,20020327,  4.6670, -26.8310, 4316,    401.0,   8.5010,  34.8010,2,     93.1,2,    17.02,2,    34.65,2,     0.05,2,     2.11,2,   2303.1,2,   7.5293,    25.00,2,   8.4585
  29HE20020304,   A17,    14, 14,     15,20020327,  4.6670, -26.8310, 4316,    298.0,  10.0480,  34.9470,2,     83.6,2,    11.14,2,    27.30,2,     0.04,2,     1.72,2,   2302.3,2,   7.5503,    25.00,2,  10.0132
  29HE20020304,   A17,    14, 14,     16,20020327,  4.6670, -26.8310, 4316,    201.0,  11.9440,  35.1450,2,    125.5,2,     8.96,2,    23.54,2,     0.06,2,     1.52,2,   2302.4,2,   7.6883,    25.00,2,  11.9178
  29HE20020304,   A17,    14, 14,     17,20020327,  4.6670, -26.8310, 4316,    149.0,  12.8050,  35.2730,2,    138.5,2,     7.33,2,    20.02,2,     0.04,2,     1.30,2,   2305.4,2,   7.7353,    25.00,2,  12.7847
  29HE20020304,   A17,    14, 14,     18,20020327,  4.6670, -26.8310, 4316,    105.0,  14.0720,  35.4500,2,    131.8,2,     6.54,2,    18.73,2,     0.04,2,     1.23,2,   2309.1,2,   7.7493,    25.00,2,  14.0568
  29HE20020304,   A17,    14, 14,     19,20020327,  4.6670, -26.8310, 4316,    105.0,  14.0720,  35.4330,2,    132.5,2,     6.60,2,    19.16,2,     0.04,2,     1.20,2,   2308.0,2,   7.7503,    25.00,2,  14.0568
  29HE20020304,   A17,    14, 14,     20,20020327,  4.6670, -26.8310, 4316,    104.0,  14.1910,  35.4260,2,    136.7,2,     6.60,2,    19.23,2,     0.04,2,     1.19,2,   2310.2,2,   7.7503,    25.00,2,  14.1758
  29HE20020304,   A17,    14, 14,     21,20020327,  4.6670, -26.8310, 4316,     74.0,  17.6310,  35.8790,2,    142.0,2,     4.60,2,    13.77,2,     0.16,2,     0.85,2,   2334.7,2,   7.8343,    25.00,2,  17.6184
  29HE20020304,   A17,    14, 14,     22,20020327,  4.6670, -26.8310, 4316,     51.0,  24.6770,  36.1810,2,    193.2,2,     1.57,2,     0.21,2,     0.04,2,     0.04,2,   2344.0,2,   8.0322,    25.00,2,  24.6660
  29HE20020304,   A17,    14, 14,     23,20020327,  4.6670, -26.8310, 4316,     26.0,  28.0190,  35.7270,2,    203.2,2,     0.97,2,     0.00,2,     0.02,2,     0.00,2,   2364.4,3,   8.0983,    25.00,2,  28.0129
  29HE20020304,   A17,    14, 14,     24,20020327,  4.6670, -26.8310, 4316,      1.0,  28.0340,  35.7290,2,    202.3,2,     0.73,2,     0.02,2,     0.00,2,     0.00,2,   2364.8,2,   8.0983,    25.00,2,  28.0338
  29HE20020304,   A17,    15, 15,      1,20020328,  8.7510, -27.5040, 5167,   3018.0,   2.7170,  34.9050,2,    251.4,2,    31.60,2,    19.68,2,     0.03,2,     1.24,2,   2327.8,2,   7.7263,    25.00,2,   2.4706
  29HE20020304,   A17,    15, 15,      2,20020328,  8.7510, -27.5040, 5167,   2799.0,   2.8250,  34.9150,2,    249.5,2,    31.27,2,    20.97,2,     0.05,2,     1.35,2,   2325.2,2,   7.7313,    25.00,2,   2.5987
  29HE20020304,   A17,    15, 15,      3,20020328,  8.7510, -27.5040, 5167,   2600.0,   2.9440,  34.9230,2,    250.0,2,    28.52,2,    19.29,2,     0.03,2,     1.29,2,   2322.7,2,   7.7283,    25.00,2,   2.7353
  29HE20020304,   A17,    15, 15,      4,20020328,  8.7510, -27.5040, 5167,   2400.0,   3.1050,  34.9340,2,    250.3,2,    25.58,2,    20.07,2,     0.02,2,     1.35,2,   2322.6,2,   7.7303,    25.00,2,   2.9130
  29HE20020304,   A17,    15, 15,      5,20020328,  8.7510, -27.5040, 5167,   2199.0,   3.2830,  34.9430,2,    248.4,2,    24.60,2,    20.28,2,     0.03,2,     1.33,2,   2318.7,2,   7.7283,    25.00,2,   3.1074
  29HE20020304,   A17,    15, 15,      6,20020328,  8.7510, -27.5040, 5167,   2000.0,   3.4650,  34.9510,2,    248.2,2,    20.33,2,    20.25,2,     0.01,2,     1.34,2,   2315.8,2,   7.7293,    25.00,2,   3.3054
  29HE20020304,   A17,    15, 15,      7,20020328,  8.7510, -27.5040, 5167,   1800.0,   3.7060,  34.9590,2,    244.8,2,    20.08,2,    20.70,2,     0.00,2,     1.35,2,   2315.9,2,   7.7223,    25.00,2,   3.5618
  29HE20020304,   A17,    15, 15,      8,20020328,  8.7510, -27.5040, 5167,   1601.0,   4.0090,  34.9590,2,    232.6,2,    19.68,2,    21.23,2,     0.00,2,     1.39,2,   2310.9,2,   7.7103,    25.00,2,   3.8794
  29HE20020304,   A17,    15, 15,      9,20020328,  8.7510, -27.5040, 5167,   1399.0,   4.3530,  34.9440,2,    213.1,2,    20.47,2,    24.20,2,     0.02,2,     1.54,2,   2303.7,2,   7.6813,    25.00,2,   4.2382
  29HE20020304,   A17,    15, 15,     10,20020328,  8.7510, -27.5040, 5167,   1297.0,   4.5960,  34.9130,2,    191.6,2,    22.38,2,    26.37,2,     0.03,2,     1.69,2,   2301.7,2,   7.6523,    25.00,2,   4.4883
  29HE20020304,   A17,    15, 15,     11,20020328,  8.7510, -27.5040, 5167,    999.0,   5.1120,  34.7330,2,    138.1,2,    27.90,2,    33.49,2,     0.02,2,     2.22,2,   2297.5,2,   7.5553,    25.00,2,   5.0275
  29HE20020304,   A17,    15, 15,     12,20020328,  8.7510, -27.5040, 5167,    798.0,   5.7060,  34.6720,2,    115.7,2,    24.62,2,    32.35,2,     0.01,2,     2.20,2,   2296.4,2,   7.5213,    25.00,2,   5.6362
  29HE20020304,   A17,    15, 15,     13,20020328,  8.7510, -27.5040, 5167,    697.0,   6.4810,  34.7240,2,     99.9,2,    24.62,2,    37.23,2,     0.02,2,     2.38,2,   2295.7,2,   7.5013,    25.00,2,   6.4164
  29HE20020304,   A17,    15, 15,     14,20020328,  8.7510, -27.5040, 5167,    601.0,   7.3660,  34.7990,2,     80.0,2,    22.39,2,    36.84,2,     0.02,2,     2.33,2,   2299.0,2,   7.4883,    25.00,2,   7.3066
  29HE20020304,   A17,    15, 15,     15,20020328,  8.7510, -27.5040, 5167,    497.0,   8.4790,  34.8570,2,     78.6,2,    15.17,2,    31.75,2,     0.01,2,     2.03,2,   2307.1,2,   7.5043,    25.00,2,   8.4261
  29HE20020304,   A17,    15, 15,     16,20020328,  8.7510, -27.5040, 5167,    400.0,   9.2690,  34.9200,2,     78.0,2,    12.15,2,    28.22,2,     0.01,2,     1.81,2,   2314.3,2,   7.5293,    25.00,2,   9.2243
  29HE20020304,   A17,    15, 15,     17,20020328,  8.7510, -27.5040, 5167,    298.0,  10.1960,  34.9690,2,    104.7,2,    12.21,2,    29.09,2,     0.04,2,     1.79,2,   2318.8,2,   7.5933,    25.00,2,  10.1608
  29HE20020304,   A17,    15, 15,     18,20020328,  8.7510, -27.5040, 5167,    198.0,  11.4580,  35.1120,2,    103.0,2,    10.21,2,    27.25,2,     0.02,2,     1.66,2,   2329.9,2,   7.6243,    25.00,2,  11.4329
  29HE20020304,   A17,    15, 15,     19,20020328,  8.7510, -27.5040, 5167,    146.0,  12.4380,  35.2310,2,    126.9,2,     7.91,2,    21.02,2,     0.02,2,     1.37,2,   2331.6,2,   7.6953,    25.00,2,  12.4185
  29HE20020304,   A17,    15, 15,     20,20020328,  8.7510, -27.5040, 5167,    102.0,  13.4620,  35.3420,2,    117.9,2,     7.43,2,    21.77,2,     0.04,2,     1.36,2,   2332.4,2,   7.7013,    25.00,2,  13.4476
  29HE20020304,   A17,    15, 15,     21,20020328,  8.7510, -27.5040, 5167,     77.0,  14.8060,  35.4880,2,    105.2,2,     4.95,2,    16.89,2,     0.05,2,     1.15,2,   2344.8,2,   7.7073,    25.00,2,  14.7944
  29HE20020304,   A17,    15, 15,     22,20020328,  8.7510, -27.5040, 5167,     52.0,  18.8490,  35.8010,2,    142.0,2,     3.68,2,     9.67,2,     0.25,2,     0.62,2,   2373.8,3,   7.8403,    25.00,2,  18.8398
  29HE20020304,   A17,    15, 15,     23,20020328,  8.7510, -27.5040, 5167,     25.0,  25.6090,  36.0740,2,    204.4,2,     0.97,2,     0.23,2,     0.00,2,     0.00,2,   2341.7,2,   8.0752,    25.00,2,  25.6035
  29HE20020304,   A17,    15, 15,     24,20020328,  8.7510, -27.5040, 5167,      1.0,  25.6100,  36.0840,2,    207.2,2,     0.66,2,     0.00,2,     0.00,2,     0.00,2,   2342.3,2,   8.0832,    25.00,2,  25.6098
  29HE20020304,   A17,    16, 16,      1,20020329, 13.0510, -28.2140, 5226,   3008.0,   2.7100,  34.9130,2,    251.4,2,  -999.00,9,    20.01,2,     0.01,2,  -999.00,9,   2332.0,2,   7.7303,    25.00,2,   2.4648
  29HE20020304,   A17,    16, 16,      2,20020329, 13.0510, -28.2140, 5226,   2799.0,   2.8280,  34.9230,2,    248.5,2,  -999.00,9,    21.47,2,     0.02,2,  -999.00,9,   2330.3,2,   7.7293,    25.00,2,   2.6016
  29HE20020304,   A17,    16, 16,      3,20020329, 13.0510, -28.2140, 5226,   2599.0,   2.9640,  34.9320,2,    247.4,2,  -999.00,9,    21.79,2,     0.01,2,  -999.00,9,   2330.5,2,   7.7273,    25.00,2,   2.7550
  29HE20020304,   A17,    16, 16,      4,20020329, 13.0510, -28.2140, 5226,   2400.0,   3.1190,  34.9430,2,    242.4,2,  -999.00,9,    21.72,2,     0.01,2,  -999.00,9,   2326.8,2,   7.7253,    25.00,2,   2.9267
  29HE20020304,   A17,    16, 16,      5,20020329, 13.0510, -28.2140, 5226,   2199.0,   3.2880,  34.9510,2,    243.6,2,  -999.00,9,    22.00,2,     0.00,2,  -999.00,9,   2323.3,2,   7.7263,    25.00,2,   3.1122
  29HE20020304,   A17,    16, 16,      6,20020329, 13.0510, -28.2140, 5226,   2000.0,   3.5100,  34.9610,2,    244.0,2,  -999.00,9,    21.34,2,     0.01,2,  -999.00,9,   2320.6,2,   7.7263,    25.00,2,   3.3497
  29HE20020304,   A17,    16, 16,      7,20020329, 13.0510, -28.2140, 5226,   1802.0,   3.7820,  34.9710,2,    235.3,2,  -999.00,9,    20.07,2,     0.01,2,  -999.00,9,   2319.2,2,   7.7143,    25.00,2,   3.6365
  29HE20020304,   A17,    16, 16,      8,20020329, 13.0510, -28.2140, 5226,   1599.0,   4.1330,  34.9760,2,    223.8,2,  -999.00,9,    23.16,2,     0.01,2,  -999.00,9,   2319.4,2,   7.7013,    25.00,2,   4.0021
  29HE20020304,   A17,    16, 16,      9,20020329, 13.0510, -28.2140, 5226,   1399.0,   4.6080,  34.9740,2,    199.8,2,  -999.00,9,    25.34,2,     0.04,2,  -999.00,9,   2318.8,2,   7.6713,    25.00,2,   4.4905
  29HE20020304,   A17,    16, 16,     10,20020329, 13.0510, -28.2140, 5226,   1201.0,   5.2050,  34.9440,2,    164.0,2,  -999.00,9,    28.67,2,     0.04,2,  -999.00,9,   2318.8,2,   7.6213,    25.00,2,   5.1005
  29HE20020304,   A17,    16, 16,     11,20020329, 13.0510, -28.2140, 5226,    999.0,   5.7710,  34.8530,2,    127.7,2,  -999.00,9,    32.80,2,     0.02,2,  -999.00,9,   2313.5,2,   7.5613,    25.00,2,   5.6814
  29HE20020304,   A17,    16, 16,     12,20020329, 13.0510, -28.2140, 5226,    800.0,   6.6760,  34.8260,2,     95.1,2,  -999.00,9,    36.52,2,     0.04,2,  -999.00,9,   2306.7,2,   7.5153,    25.00,2,   6.5999
  29HE20020304,   A17,    16, 16,     13,20020329, 13.0510, -28.2140, 5226,    700.0,   7.4990,  34.8850,2,     83.3,2,  -999.00,9,    36.92,2,     0.02,2,  -999.00,9,   2308.3,2,   7.5033,    25.00,2,   7.4286
  29HE20020304,   A17,    16, 16,     14,20020329, 13.0510, -28.2140, 5226,    601.0,   8.5760,  34.9890,2,     67.4,2,  -999.00,9,    36.31,2,     0.02,2,  -999.00,9,   2308.3,2,   7.5063,    25.00,2,   8.5110
  29HE20020304,   A17,    16, 16,     15,20020329, 13.0510, -28.2140, 5226,    497.0,   9.4570,  35.0740,2,     62.6,2,  -999.00,9,    35.41,2,     0.01,2,  -999.00,9,   2311.1,2,   7.5013,    25.00,2,   9.4003
  29HE20020304,   A17,    16, 16,     16,20020329, 13.0510, -28.2140, 5226,    404.0,  10.2080,  35.1300,2,     69.1,2,  -999.00,9,    32.64,2,     0.02,2,  -999.00,9,   2312.4,2,   7.5463,    25.00,2,  10.1599
  29HE20020304,   A17,    16, 16,     17,20020329, 13.0510, -28.2140, 5226,    302.0,  10.9730,  35.1650,2,     78.4,2,  -999.00,9,    30.40,2,     0.02,2,  -999.00,9,   2313.3,2,   7.5743,    25.00,2,  10.9356
  29HE20020304,   A17,    16, 16,     18,20020329, 13.0510, -28.2140, 5226,    200.0,  11.6200,  35.2040,2,     84.6,2,  -999.00,9,    29.21,2,     0.01,2,  -999.00,9,   2314.7,2,   7.5933,    25.00,2,  11.5944
  29HE20020304,   A17,    16, 16,     19,20020329, 13.0510, -28.2140, 5226,    151.0,  12.1490,  35.2950,2,     93.4,2,  -999.00,9,    26.96,2,     0.02,2,  -999.00,9,   2319.1,2,   7.6233,    25.00,2,  12.1291
  29HE20020304,   A17,    16, 16,     20,20020329, 13.0510, -28.2140, 5226,     99.0,  15.2080,  35.7550,2,     89.8,2,  -999.00,9,    23.02,2,     0.04,2,  -999.00,9,   2340.1,2,   7.6813,    25.00,2,  15.1928
  29HE20020304,   A17,    16, 16,     21,20020329, 13.0510, -28.2140, 5226,     75.0,  17.7270,  35.9850,2,     98.6,2,  -999.00,9,    17.91,2,     0.11,2,  -999.00,9,   2355.6,2,   7.7422,    25.00,2,  17.7142
  29HE20020304,   A17,    16, 16,     22,20020329, 13.0510, -28.2140, 5226,     49.0,  24.3370,  36.0200,2,    212.3,2,  -999.00,9,     0.01,2,     0.02,2,  -999.00,9,   2359.1,2,   8.0722,    25.00,2,  24.3265
  29HE20020304,   A17,    16, 16,     23,20020329, 13.0510, -28.2140, 5226,     23.0,  24.3650,  36.0230,2,    209.4,2,  -999.00,9,     0.01,2,     0.01,2,  -999.00,9,   2359.9,2,   8.0842,    25.00,2,  24.3601
  29HE20020304,   A17,    16, 16,     24,20020329, 13.0510, -28.2140, 5226,      2.0,  24.4040,  36.0250,2,    211.2,2,  -999.00,9,     0.00,2,     0.02,2,  -999.00,9,   2360.9,2,   8.0852,    25.00,2,  24.4036
  29HE20020304,   A17,    17, 17,      1,20020330, 17.3240, -28.8300, 4599,   2888.0,   2.9010,  34.9290,2,    243.9,2,  -999.00,9,    21.80,2,     0.02,2,  -999.00,9,   2334.0,2,   7.7273,    25.00,2,   2.6640
  29HE20020304,   A17,    17, 17,      2,20020330, 17.3240, -28.8300, 4599,   2765.0,   2.9820,  34.9350,2,    244.0,2,  -999.00,9,    21.47,2,     0.01,2,  -999.00,9,   2333.7,2,   7.7303,    25.00,2,   2.7559
  29HE20020304,   A17,    17, 17,      3,20020330, 17.3240, -28.8300, 4599,   2601.0,   3.1230,  34.9440,2,    243.0,2,  -999.00,9,    20.17,2,     0.00,2,  -999.00,9,   2330.5,2,   7.7303,    25.00,2,   2.9107
  29HE20020304,   A17,    17, 17,      4,20020330, 17.3240, -28.8300, 4599,   2398.0,   3.2770,  34.9520,2,    241.6,2,  -999.00,9,    19.59,2,     0.00,2,  -999.00,9,   2327.2,2,   7.7263,    25.00,2,   3.0821
  29HE20020304,   A17,    17, 17,      5,20020330, 17.3240, -28.8300, 4599,   2199.0,   3.4270,  34.9590,2,    242.2,2,  -999.00,9,    20.79,2,     0.01,2,  -999.00,9,   2323.6,2,   7.7303,    25.00,2,   3.2490
  29HE20020304,   A17,    17, 17,      6,20020330, 17.3240, -28.8300, 4599,   2000.0,   3.6360,  34.9730,2,    235.5,2,  -999.00,9,    22.18,2,     0.01,2,  -999.00,9,   2321.6,2,   7.7243,    25.00,2,   3.4738
  29HE20020304,   A17,    17, 17,      7,20020330, 17.3240, -28.8300, 4599,   1800.0,   3.9060,  34.9830,2,    227.7,2,  -999.00,9,    22.48,2,     0.02,2,  -999.00,9,   2321.6,2,   7.7153,    25.00,2,   3.7590
  29HE20020304,   A17,    17, 17,      8,20020330, 17.3240, -28.8300, 4599,   1600.0,   4.2710,  34.9980,2,    214.8,2,  -999.00,9,    22.42,2,     0.01,2,  -999.00,9,   2321.7,2,   7.6993,    25.00,2,   4.1383
  29HE20020304,   A17,    17, 17,      9,20020330, 17.3240, -28.8300, 4599,   1399.0,   4.9120,  35.0080,2,    192.6,2,  -999.00,9,    21.60,2,     0.01,2,  -999.00,9,   2320.3,2,   7.6713,    25.00,2,   4.7912
  29HE20020304,   A17,    17, 17,     10,20020330, 17.3240, -28.8300, 4599,   1199.0,   5.4930,  34.9720,2,    165.7,2,  -999.00,9,    26.70,2,     0.01,2,  -999.00,9,   2319.2,2,   7.6353,    25.00,2,   5.3861
  29HE20020304,   A17,    17, 17,     11,20020330, 17.3240, -28.8300, 4599,   1000.0,   6.1060,  34.9030,2,    131.2,2,  -999.00,9,    32.17,2,     0.00,2,  -999.00,9,   2313.8,2,   7.5843,    25.00,2,   6.0137
  29HE20020304,   A17,    17, 17,     12,20020330, 17.3240, -28.8300, 4599,    801.0,   7.0780,  34.9060,2,    102.0,2,  -999.00,9,    33.88,2,     0.01,2,  -999.00,9,   2309.8,2,   7.5453,    25.00,2,   6.9994
  29HE20020304,   A17,    17, 17,     13,20020330, 17.3240, -28.8300, 4599,    700.0,   7.8100,  34.9550,2,     94.8,2,  -999.00,9,    33.34,2,     0.02,2,  -999.00,9,   2309.8,2,   7.5443,    25.00,2,   7.7379
  29HE20020304,   A17,    17, 17,     14,20020330, 17.3240, -28.8300, 4599,    600.0,   8.6320,  35.0290,2,     86.9,2,  -999.00,9,    30.75,2,     0.04,2,  -999.00,9,   2310.4,2,   7.5473,    25.00,2,   8.5669
  29HE20020304,   A17,    17, 17,     15,20020330, 17.3240, -28.8300, 4599,    500.0,   9.9430,  35.1920,2,     80.6,2,  -999.00,9,    32.00,2,     0.04,2,  -999.00,9,   2317.6,2,   7.5653,    25.00,2,   9.8841
  29HE20020304,   A17,    17, 17,     16,20020330, 17.3240, -28.8300, 4599,    402.0,  11.1400,  35.3340,2,     71.5,2,  -999.00,9,    30.49,2,     0.03,2,  -999.00,9,   2323.7,2,   7.5793,    25.00,2,  11.0894
  29HE20020304,   A17,    17, 17,     17,20020330, 17.3240, -28.8300, 4599,    300.0,  12.1400,  35.4500,2,     74.7,2,  -999.00,9,    24.40,2,     0.04,2,  -999.00,9,   2327.3,2,   7.6093,    25.00,2,  12.1002
  29HE20020304,   A17,    17, 17,     18,20020330, 17.3240, -28.8300, 4599,    199.0,  14.4180,  35.8360,2,     97.8,2,  -999.00,9,    21.81,2,     0.04,2,  -999.00,9,   2343.4,2,   7.7103,    25.00,2,  14.3884
  29HE20020304,   A17,    17, 17,     19,20020330, 17.3240, -28.8300, 4599,    149.0,  15.5150,  35.9640,2,     96.1,2,  -999.00,9,    20.51,2,     0.03,2,  -999.00,9,   2349.5,2,   7.7242,    25.00,2,  15.4918
  29HE20020304,   A17,    17, 17,     20,20020330, 17.3240, -28.8300, 4599,    100.0,  18.4320,  36.5520,2,    145.6,2,  -999.00,9,     8.58,2,     0.06,2,  -999.00,9,   2381.9,2,   7.8632,    25.00,2,  18.4144
  29HE20020304,   A17,    17, 17,     21,20020330, 17.3240, -28.8300, 4599,     68.0,  19.9640,  36.2120,2,    143.2,2,  -999.00,9,     9.34,2,     0.20,2,  -999.00,9,   2362.4,2,   7.8832,    25.00,2,  19.9514
  29HE20020304,   A17,    17, 17,     22,20020330, 17.3240, -28.8300, 4599,     55.0,  22.4370,  36.6450,2,    204.6,2,  -999.00,9,     0.72,2,     0.09,2,  -999.00,9,   2394.9,2,   8.0402,    25.00,2,  22.4259
  29HE20020304,   A17,    17, 17,     23,20020330, 17.3240, -28.8300, 4599,     25.0,  23.3170,  36.1220,2,    212.9,2,  -999.00,9,     0.00,2,     0.07,2,  -999.00,9,   2365.3,2,   8.0842,    25.00,2,  23.3118
  29HE20020304,   A17,    17, 17,     24,20020330, 17.3240, -28.8300, 4599,      3.0,  23.3220,  36.1230,2,    214.6,2,  -999.00,9,     0.03,2,     0.04,2,  -999.00,9,   2365.4,2,   8.0822,    25.00,2,  23.3214
  29HE20020304,   A17,    18, 18,      1,20020331, 21.1460, -28.8420, 5167,   3007.0,   2.7310,  34.9290,2,    241.9,2,  -999.00,9,    21.77,2,     0.06,2,  -999.00,9,   2344.4,2,   7.7253,    25.00,2,   2.4853
  29HE20020304,   A17,    18, 18,      2,20020331, 21.1460, -28.8420, 5167,   2799.0,   2.8800,  34.9440,2,    240.9,2,  -999.00,9,    20.09,2,     0.07,2,  -999.00,9,   2340.1,2,   7.7253,    25.00,2,   2.6525
  29HE20020304,   A17,    18, 18,      3,20020331, 21.1460, -28.8420, 5167,   2597.0,   3.0750,  34.9620,2,    240.9,2,  -999.00,9,    21.62,2,     0.06,2,  -999.00,9,   2334.6,2,   7.7263,    25.00,2,   2.8639
  29HE20020304,   A17,    18, 18,      4,20020331, 21.1460, -28.8420, 5167,   2402.0,   3.2950,  34.9790,2,    239.9,2,  -999.00,9,    21.80,2,     0.05,2,  -999.00,9,   2333.1,2,   7.7233,    25.00,2,   3.0992
  29HE20020304,   A17,    18, 18,      5,20020331, 21.1460, -28.8420, 5167,   2197.0,   3.5450,  34.9960,2,    236.1,2,  -999.00,9,    21.92,2,     0.04,2,  -999.00,9,   2329.0,2,   7.7243,    25.00,2,   3.3651
  29HE20020304,   A17,    18, 18,      6,20020331, 21.1460, -28.8420, 5167,   1996.0,   3.8010,  35.0090,2,    231.2,2,  -999.00,9,    20.04,2,     0.06,2,  -999.00,9,   2324.2,2,   7.7223,    25.00,2,   3.6367
  29HE20020304,   A17,    18, 18,      7,20020331, 21.1460, -28.8420, 5167,   1798.0,   4.1020,  35.0180,2,    221.7,2,  -999.00,9,    22.43,2,     0.05,2,  -999.00,9,   2323.7,2,   7.7063,    25.00,2,   3.9525
  29HE20020304,   A17,    18, 18,      8,20020331, 21.1460, -28.8420, 5167,   1597.0,   4.4550,  35.0260,2,    211.4,2,  -999.00,9,    21.41,2,     0.03,2,  -999.00,9,   2321.0,2,   7.6963,    25.00,2,   4.3203
  29HE20020304,   A17,    18, 18,      9,20020331, 21.1460, -28.8420, 5167,   1399.0,   5.1130,  35.0550,2,    193.7,2,  -999.00,9,    25.34,2,     0.04,2,  -999.00,9,   2323.3,2,   7.6793,    25.00,2,   4.9900
  29HE20020304,   A17,    18, 18,     10,20020331, 21.1460, -28.8420, 5167,   1198.0,   5.7170,  35.0350,2,    174.7,2,  -999.00,9,    27.93,2,     0.04,2,  -999.00,9,   2321.8,2,   7.6463,    25.00,2,   5.6080
  29HE20020304,   A17,    18, 18,     11,20020331, 21.1460, -28.8420, 5167,    995.0,   6.2320,  34.9640,2,    135.4,2,  -999.00,9,    31.62,2,     0.05,2,  -999.00,9,   2315.9,2,   7.5983,    25.00,2,   6.1392
  29HE20020304,   A17,    18, 18,     12,20020331, 21.1460, -28.8420, 5167,    797.0,   7.2630,  35.0060,2,    117.9,2,  -999.00,9,    32.03,2,     0.03,2,  -999.00,9,   2316.2,2,   7.5873,    25.00,2,   7.1835
  29HE20020304,   A17,    18, 18,     13,20020331, 21.1460, -28.8420, 5167,    700.0,   8.4320,  35.1390,2,    112.0,2,  -999.00,9,    30.79,2,     0.03,2,  -999.00,9,   2318.3,2,   7.6033,    25.00,2,   8.3565
  29HE20020304,   A17,    18, 18,     14,20020331, 21.1460, -28.8420, 5167,    602.0,  10.0460,  35.3440,2,    119.0,2,  -999.00,9,    27.20,2,     0.05,2,  -999.00,9,   2324.8,2,   7.6513,    25.00,2,   9.9742
  29HE20020304,   A17,    18, 18,     15,20020331, 21.1460, -28.8420, 5167,    499.0,  11.7330,  35.5640,2,    135.7,2,  -999.00,9,    16.78,2,     0.04,2,  -999.00,9,   2334.3,2,   7.7153,    25.00,2,  11.6676
  29HE20020304,   A17,    18, 18,     16,20020331, 21.1460, -28.8420, 5167,    400.0,  13.1370,  35.7400,2,    136.0,2,  -999.00,9,    19.04,2,     0.00,2,  -999.00,9,   2343.7,2,   7.7493,    25.00,2,  13.0808
  29HE20020304,   A17,    18, 18,     17,20020331, 21.1460, -28.8420, 5167,    300.0,  14.7240,  35.9540,2,    131.4,2,  -999.00,9,    17.18,2,     0.03,2,  -999.00,9,   2355.7,2,   7.7762,    25.00,2,  14.6786
  29HE20020304,   A17,    18, 18,     18,20020331, 21.1460, -28.8420, 5167,    199.0,  16.7530,  36.2420,2,    133.0,2,  -999.00,9,    12.99,2,     0.02,2,  -999.00,9,   2367.6,2,   7.8192,    25.00,2,  16.7202
  29HE20020304,   A17,    18, 18,     19,20020331, 21.1460, -28.8420, 5167,    150.0,  17.9970,  36.4750,2,    154.3,2,  -999.00,9,     9.23,2,     0.03,2,  -999.00,9,   2386.6,2,   7.8782,    25.00,2,  17.9710
  29HE20020304,   A17,    18, 18,     20,20020331, 21.1460, -28.8420, 5167,    101.0,  21.0970,  36.8010,2,    190.9,2,  -999.00,9,     2.69,2,     0.18,2,  -999.00,9,   2405.7,2,   7.9742,    25.00,2,  21.0774
  29HE20020304,   A17,    18, 18,     21,20020331, 21.1460, -28.8420, 5167,     74.0,  22.6440,  36.8590,2,    215.1,2,  -999.00,9,     0.00,2,     0.05,2,  -999.00,9,   2409.3,2,   8.0612,    25.00,2,  22.6289
  29HE20020304,   A17,    18, 18,     22,20020331, 21.1460, -28.8420, 5167,     50.0,  22.6920,  36.8640,2,    216.2,2,  -999.00,9,     0.04,2,     0.01,2,  -999.00,9,   2412.9,2,   8.0542,    25.00,2,  22.6818
  29HE20020304,   A17,    18, 18,     23,20020331, 21.1460, -28.8420, 5167,     26.0,  22.6960,  36.8640,2,    214.2,2,  -999.00,9,     0.00,2,     0.05,2,  -999.00,9,   2413.0,2,   8.0642,    25.00,2,  22.6907
  29HE20020304,   A17,    18, 18,     24,20020331, 21.1460, -28.8420, 5167,      3.0,  22.6990,  36.8640,2,    215.0,2,  -999.00,9,     0.04,2,     0.01,2,  -999.00,9,   2413.0,2,   8.0622,    25.00,2,  22.6984
  29HE20020304,   A17,    19, 19,      1,20020401, 25.0410, -28.8420, 5441,   3017.0,   2.7550,  34.9350,2,    245.4,2,  -999.00,9,    21.34,2,     0.03,2,  -999.00,9,   2339.2,2,   7.7303,    25.00,2,   2.5077
  29HE20020304,   A17,    19, 19,      2,20020401, 25.0410, -28.8420, 5441,   2800.0,   2.9160,  34.9500,2,    245.5,2,  -999.00,9,    20.93,2,     0.01,2,  -999.00,9,   2336.0,2,   7.7293,    25.00,2,   2.6876
  29HE20020304,   A17,    19, 19,      3,20020401, 25.0410, -28.8420, 5441,   2599.0,   3.1130,  34.9720,2,    243.4,2,  -999.00,9,    20.89,2,     0.01,2,  -999.00,9,   2332.9,2,   7.7303,    25.00,2,   2.9010
  29HE20020304,   A17,    19, 19,      4,20020401, 25.0410, -28.8420, 5441,   2372.0,   3.3960,  35.0010,2,    240.9,2,  -999.00,9,    21.42,2,     0.03,2,  -999.00,9,   2330.8,2,   7.7303,    25.00,2,   3.2014
  29HE20020304,   A17,    19, 19,      5,20020401, 25.0410, -28.8420, 5441,   2200.0,   3.6090,  35.0150,2,    235.4,2,  -999.00,9,    20.98,2,     0.01,2,  -999.00,9,   2327.4,2,   7.7283,    25.00,2,   3.4277
  29HE20020304,   A17,    19, 19,      6,20020401, 25.0410, -28.8420, 5441,   2002.0,   3.9870,  35.0540,2,    231.3,2,  -999.00,9,    20.90,2,     0.01,2,  -999.00,9,   2331.3,2,   7.7273,    25.00,2,   3.8192
  29HE20020304,   A17,    19, 19,      7,20020401, 25.0410, -28.8420, 5441,   1801.0,   4.4340,  35.0970,2,    224.5,2,  -999.00,9,    22.11,2,     0.02,2,  -999.00,9,   2332.1,2,   7.7233,    25.00,2,   4.2795
  29HE20020304,   A17,    19, 19,      8,20020401, 25.0410, -28.8420, 5441,   1601.0,   4.9260,  35.1320,2,    214.3,2,  -999.00,9,    22.09,2,     0.01,2,  -999.00,9,   2329.1,2,   7.7183,    25.00,2,   4.7850
  29HE20020304,   A17,    19, 19,      9,20020401, 25.0410, -28.8420, 5441,   1400.0,   5.6530,  35.1900,2,    201.8,2,  -999.00,9,    24.69,2,     0.00,2,  -999.00,9,   2329.3,2,   7.7103,    25.00,2,   5.5240
  29HE20020304,   A17,    19, 19,     10,20020401, 25.0410, -28.8420, 5441,   1203.0,   6.2540,  35.1670,2,    185.7,2,  -999.00,9,    26.31,2,     0.00,2,  -999.00,9,   2327.3,2,   7.6913,    25.00,2,   6.1395
  29HE20020304,   A17,    19, 19,     11,20020401, 25.0410, -28.8420, 5441,   1000.0,   7.1860,  35.1780,2,    156.2,2,  -999.00,9,    24.62,2,     0.00,2,  -999.00,9,   2326.6,2,   7.6663,    25.00,2,   7.0853
  29HE20020304,   A17,    19, 19,     12,20020401, 25.0410, -28.8420, 5441,    801.0,   8.9030,  35.2950,2,    149.8,2,  -999.00,9,    22.33,2,     0.02,2,  -999.00,9,   2327.2,2,   7.6873,    25.00,2,   8.8132
  29HE20020304,   A17,    19, 19,     13,20020401, 25.0410, -28.8420, 5441,    703.0,  10.2150,  35.4160,2,    149.3,2,  -999.00,9,    16.77,2,     0.03,2,  -999.00,9,   2328.9,2,   7.7113,    25.00,2,  10.1298
  29HE20020304,   A17,    19, 19,     14,20020401, 25.0410, -28.8420, 5441,    577.0,  11.9540,  35.6130,2,    172.0,2,  -999.00,9,    13.02,2,     0.01,2,  -999.00,9,   2337.0,2,   7.7833,    25.00,2,  11.8772
  29HE20020304,   A17,    19, 19,     15,20020401, 25.0410, -28.8420, 5441,    502.0,  13.0320,  35.7490,2,    184.6,2,  -999.00,9,     9.93,2,     0.01,2,  -999.00,9,   2347.7,2,   7.8203,    25.00,2,  12.9616
  29HE20020304,   A17,    19, 19,     16,20020401, 25.0410, -28.8420, 5441,    402.0,  14.5790,  35.9560,2,    172.4,2,  -999.00,9,     7.76,2,     0.04,2,  -999.00,9,   2358.4,2,   7.8412,    25.00,2,  14.5184
  29HE20020304,   A17,    19, 19,     17,20020401, 25.0410, -28.8420, 5441,    300.0,  16.5080,  36.2500,2,    197.6,2,  -999.00,9,     3.33,2,     0.07,2,  -999.00,9,   2372.2,2,   7.9302,    25.00,2,  16.4589
  29HE20020304,   A17,    19, 19,     18,20020401, 25.0410, -28.8420, 5441,    203.0,  18.1320,  36.5130,2,    194.1,2,  -999.00,9,     3.48,2,     0.08,2,  -999.00,9,   2386.1,2,   7.9572,    25.00,2,  18.0966
  29HE20020304,   A17,    19, 19,     19,20020401, 25.0410, -28.8420, 5441,    150.0,  19.4030,  36.7880,2,    199.5,2,  -999.00,9,     1.99,2,     0.07,2,  -999.00,9,   2408.0,2,   7.9862,    25.00,2,  19.3756
  29HE20020304,   A17,    19, 19,     20,20020401, 25.0410, -28.8420, 5441,    105.0,  21.2000,  37.2240,2,    221.0,2,  -999.00,9,     0.01,2,     0.01,2,  -999.00,9,   2429.9,2,   8.0441,    25.00,2,  21.1796
  29HE20020304,   A17,    19, 19,     21,20020401, 25.0410, -28.8420, 5441,     75.0,  21.2030,  37.2240,2,    221.0,2,  -999.00,9,     0.01,2,     0.01,2,  -999.00,9,   2429.8,2,   8.0421,    25.00,2,  21.1884
  29HE20020304,   A17,    19, 19,     22,20020401, 25.0410, -28.8420, 5441,     51.0,  21.2070,  37.2240,2,    220.5,2,  -999.00,9,     0.01,2,     0.01,2,  -999.00,9,   2429.7,2,   8.0421,    25.00,2,  21.1971
  29HE20020304,   A17,    19, 19,     23,20020401, 25.0410, -28.8420, 5441,     27.0,  21.2070,  37.2240,2,    218.4,2,  -999.00,9,     0.00,2,     0.03,2,  -999.00,9,   2429.4,2,   8.0411,    25.00,2,  21.2017
  29HE20020304,   A17,    19, 19,     24,20020401, 25.0410, -28.8420, 5441,      2.0,  21.2160,  37.2240,2,    220.3,2,  -999.00,9,     0.01,2,     0.01,2,  -999.00,9,   2429.0,2,   8.0441,    25.00,2,  21.2156
END_DATA
