BOTTLE,20090410PRINUNIVRMK
# 11/01/07 this file initialized 
# Data from C. LoMonaco 10/29/07 with update on 4/10/09 
# Ship: Marion-Dufresne 
# Cruise: OISO-10 
# Cruise dates: 1/23-2/17/2003 
# EXPOCODE: 35MF20030123 
# Region: meridional section on SR03 line from Tasmania to Antarctica 
# Chief Scientist: N. Metzl 
# 10 stations;  with 24 place Rosette 
# Hydro: Who - N.Metzl; Status - final 
# 	Notes: both CTD and bottle salts 
# Nuts/O2: Who - N.Metzl; Status - final  
# 	Notes: both ctd and bottle oxygen 
# 	Nutrients compare favorably with WOCE and CLIVAR data 
# TCO2: Who - C. Lo Monaco; Status - final 
# 	Notes: CRM batch #52 
# 	Values corrected to CRM 
# TA: Who - C. Lo Monaco; Status - final 
# 	Notes: CRM batch #52 
# 	Values corrected to CRM 
# Other: ChloroA 
EXPOCODE,SECT_ID,STNNBR,CASTNO,BTLNBR,BTLNBR_FLAG_W,DATE,LATITUDE,LONGITUDE,DEPTH,CTDPRS,CTDTMP,CTDSAL,CTDSAL_FLAG_W,SALNTY,SALNTY_FLAG_W,CTDOXY,CTDOXY_FLAG_W,OXYGEN,OXYGEN_FLAG_W,SILCAT,SILCAT_FLAG_W,NITRAT,NITRAT_FLAG_W,PHSPHT,PHSPHT_FLAG_W,TCARBN,TCARBN_FLAG_W,ALKALI,ALKALI_FLAG_W,CHLORA,CHLORA_FLAG_W,THETA
,,,,,,,,,METERS,DBARS,ITS-90,PSS-78,,PSS-78,,UMOL/KG,,UMOL/KG,,UMOL/KG,,UMOL/KG,,UMOL/KG,,UMOL/KG,,UMOL/KG,,UG/L,,DEGC
  35MF20030123,  SR03,     1,  1,     19,2,20030129,-45.0000, 146.2200, 3200,      4.1,  15.7440,  35.4240,2,  35.4420,2,    239.0,2,    241.6,2,     0.15,2,     2.37,2,     0.14,2,   2062.3,2,   2330.0,2,     0.78,2,  15.7434
  35MF20030123,  SR03,     1,  1,     18,2,20030129,-45.0000, 146.2200, 3200,     11.6,  15.7500,  35.4240,2,-999.0000,9,    239.9,2,   -999.0,9,     0.14,2,     2.39,2,     0.14,2,   2062.8,2,   2332.6,2,     0.79,2,  15.7482
  35MF20030123,  SR03,     1,  1,     17,2,20030129,-45.0000, 146.2200, 3200,     22.0,  15.5310,  35.3940,2,  35.4100,2,    242.3,2,    241.8,2,     0.18,2,     2.54,2,     0.15,2,   2067.5,2,   2335.6,2,     0.78,2,  15.5276
  35MF20030123,  SR03,     1,  1,     16,2,20030129,-45.0000, 146.2200, 3200,     32.0,  14.7640,  35.2930,2,-999.0000,9,    237.3,2,   -999.0,9,     0.62,2,     4.53,2,     0.28,2,   2074.9,2,   2327.0,2,     0.46,2,  14.7592
  35MF20030123,  SR03,     1,  1,     15,2,20030129,-45.0000, 146.2200, 3200,     41.1,  14.4780,  35.2510,2,-999.0000,9,    237.8,2,   -999.0,9,     0.59,2,     4.52,2,     0.27,2,   2086.5,2,   2320.5,2,     0.33,2,  14.4719
  35MF20030123,  SR03,     1,  1,     14,2,20030129,-45.0000, 146.2200, 3200,     51.5,  14.4770,  35.2600,2,  35.2810,2,    238.7,2,    239.1,2,     0.66,2,     4.68,2,     0.28,2,   2072.5,2,   2322.2,2,     0.28,2,  14.4694
  35MF20030123,  SR03,     1,  1,     13,2,20030129,-45.0000, 146.2200, 3200,     74.1,  14.1410,  35.3110,2,-999.0000,9,    220.3,2,   -999.0,9,     1.46,2,     7.31,2,     0.40,2,   2073.8,2,   2325.3,2,     0.09,2,  14.1302
  35MF20030123,  SR03,     1,  1,     12,2,20030129,-45.0000, 146.2200, 3200,    100.4,  13.7280,  35.3960,2,-999.0000,9,    236.2,2,   -999.0,9,     1.02,2,     5.87,2,     0.34,2,   2093.8,2,   2332.1,2,     0.05,2,  13.7137
  35MF20030123,  SR03,     1,  1,     11,2,20030129,-45.0000, 146.2200, 3200,    126.0,  13.5710,  35.3700,2,-999.0000,9,    239.4,2,   -999.0,9,     1.03,2,     6.06,2,     0.33,2,   2091.0,2,   2326.3,2,     0.04,2,  13.5531
  35MF20030123,  SR03,     1,  1,     10,2,20030129,-45.0000, 146.2200, 3200,    151.4,  13.4360,  35.3420,2,-999.0000,9,    240.0,2,   -999.0,9,     1.05,2,     6.42,2,     0.37,2,   2088.1,2,   2323.7,2,  -999.00,9,  13.4147
  35MF20030123,  SR03,     1,  1,      9,2,20030129,-45.0000, 146.2200, 3200,    202.8,  12.3210,  35.1620,2,  35.1710,2,    223.5,2,    224.9,2,     2.74,2,    10.52,2,     0.59,2,   2109.7,2,   2312.9,2,  -999.00,9,  12.2940
  35MF20030123,  SR03,     1,  1,      8,2,20030129,-45.0000, 146.2200, 3200,    249.0,  11.4740,  35.0400,2,-999.0000,9,    238.5,2,   -999.0,9,     2.76,2,    11.25,2,     0.64,2,   2098.6,2,   2296.7,2,  -999.00,9,  11.4424
  35MF20030123,  SR03,     1,  1,      7,2,20030129,-45.0000, 146.2200, 3200,    298.6,  11.0020,  34.9660,2,-999.0000,9,    250.3,2,   -999.0,9,     2.56,2,    11.49,2,     0.65,2,   2096.6,2,   2291.1,2,  -999.00,9,  10.9650
  35MF20030123,  SR03,     1,  1,      6,2,20030129,-45.0000, 146.2200, 3200,    396.9,   9.2900,  34.6480,2,-999.0000,9,    260.6,2,   -999.0,9,     3.42,2,    15.11,2,     0.87,2,   2101.0,2,   2280.1,2,  -999.00,9,   9.2457
  35MF20030123,  SR03,     1,  1,      5,2,20030129,-45.0000, 146.2200, 3200,    498.6,   9.0490,  34.6360,2,  34.6650,2,    250.6,2,    247.7,2,     4.25,2,    16.62,2,     0.96,2,   2110.5,2,   2280.8,2,  -999.00,9,   8.9940
  35MF20030123,  SR03,     1,  1,      4,2,20030129,-45.0000, 146.2200, 3200,    599.0,   8.5070,  34.5780,2,-999.0000,9,    228.1,2,   -999.0,9,     7.06,2,    20.20,2,     1.17,2,   2124.3,2,   2279.7,2,  -999.00,9,   8.4429
  35MF20030123,  SR03,     1,  1,      3,2,20030129,-45.0000, 146.2200, 3200,    800.2,   7.0710,  34.5140,2,-999.0000,9,    187.7,2,   -999.0,9,    17.15,2,    26.17,2,     1.57,2,   2155.5,2,   2282.0,2,  -999.00,9,   6.9930
  35MF20030123,  SR03,     1,  1,      1,2,20030129,-45.0000, 146.2200, 3200,   1007.1,   5.5470,  34.4610,2,  34.4950,2,    183.3,2,    182.3,2,    30.67,2,    29.75,2,     1.81,2,   2185.1,2,   2297.4,2,  -999.00,9,   5.4589
  35MF20030123,  SR03,     1,  1,      2,2,20030129,-45.0000, 146.2200, 3200,   1007.6,   5.5460,  34.4610,2,-999.0000,9,    182.8,2,   -999.0,9,    29.96,2,    29.75,2,     1.83,2,   2181.9,2,   2295.0,2,  -999.00,9,   5.4579
  35MF20030123,  SR03,     2,  1,     19,2,20030130,-48.0000, 146.0200, 2700,      0.7,  10.8840,  34.5060,2,  34.5090,2,    281.2,2,    280.8,2,     0.91,2,    11.29,2,     0.63,2,   2067.9,2,   2280.8,2,     0.46,2,  10.8839
  35MF20030123,  SR03,     2,  1,     18,2,20030130,-48.0000, 146.0200, 2700,      9.6,  10.8850,  34.5060,2,-999.0000,9,    281.3,2,   -999.0,9,     0.93,2,    11.13,2,     0.63,2,   2069.9,2,   2281.8,2,     0.49,2,  10.8838
  35MF20030123,  SR03,     2,  1,     17,2,20030130,-48.0000, 146.0200, 2700,     21.3,  10.8850,  34.5060,2,  34.5070,2,    280.8,2,    281.3,2,     0.91,2,    11.10,2,     0.62,2,   2068.7,2,   2282.3,2,     0.45,2,  10.8824
  35MF20030123,  SR03,     2,  1,     16,2,20030130,-48.0000, 146.0200, 2700,     30.2,  10.7390,  34.5090,2,-999.0000,9,    283.8,2,   -999.0,9,     0.94,2,    11.16,2,     0.62,2,   2070.3,2,   2282.7,2,     0.59,2,  10.7354
  35MF20030123,  SR03,     2,  1,     24,2,20030130,-48.0000, 146.0200, 2700,     30.5,  10.7460,  34.5090,2,-999.0000,9,    282.4,2,   -999.0,9,  -999.00,9,  -999.00,9,  -999.00,9,   -999.0,9,   -999.0,9,  -999.00,9,  10.7423
  35MF20030123,  SR03,     2,  1,     15,2,20030130,-48.0000, 146.0200, 2700,     40.1,  10.5720,  34.5290,2,-999.0000,9,    281.4,2,   -999.0,9,     0.94,2,    11.24,2,     0.64,2,   2072.7,2,   2283.5,2,     0.70,2,  10.5672
  35MF20030123,  SR03,     2,  1,     23,2,20030130,-48.0000, 146.0200, 2700,     46.4,  10.4160,  34.5430,2,  34.5860,2,    279.0,2,    278.4,2,     1.05,2,    11.43,2,     0.67,2,   2078.3,2,   2286.0,2,     0.61,2,  10.4105
  35MF20030123,  SR03,     2,  1,     14,2,20030130,-48.0000, 146.0200, 2700,     49.3,  10.3700,  34.5450,2,-999.0000,9,    278.4,2,   -999.0,9,  -999.00,9,  -999.00,9,  -999.00,9,   -999.0,9,   -999.0,9,  -999.00,9,  10.3642
  35MF20030123,  SR03,     2,  1,     22,2,20030130,-48.0000, 146.0200, 2700,     58.2,  10.3110,  34.5430,2,-999.0000,9,    276.1,2,   -999.0,9,  -999.00,9,  -999.00,9,  -999.00,9,   -999.0,9,   -999.0,9,  -999.00,9,  10.3042
  35MF20030123,  SR03,     2,  1,     21,2,20030130,-48.0000, 146.0200, 2700,     70.7,  10.0440,  34.5530,2,-999.0000,9,    273.9,2,   -999.0,9,  -999.00,9,  -999.00,9,  -999.00,9,   -999.0,9,   -999.0,9,  -999.00,9,  10.0359
  35MF20030123,  SR03,     2,  1,     13,2,20030130,-48.0000, 146.0200, 2700,     75.0,   9.8000,  34.5700,2,-999.0000,9,    271.2,2,   -999.0,9,     1.73,2,    12.28,2,     0.76,2,   2100.4,2,   2294.8,2,     0.24,2,   9.7915
  35MF20030123,  SR03,     2,  1,     20,2,20030130,-48.0000, 146.0200, 2700,     79.8,   9.6440,  34.5940,2,-999.0000,9,    270.3,2,   -999.0,9,  -999.00,9,  -999.00,9,  -999.00,9,   -999.0,9,   -999.0,9,  -999.00,9,   9.6350
  35MF20030123,  SR03,     2,  1,     12,2,20030130,-48.0000, 146.0200, 2700,     98.4,   9.3700,  34.6050,2,-999.0000,9,    268.0,2,   -999.0,9,     2.68,2,    13.93,2,     0.80,2,   2095.3,2,   2283.1,2,     0.07,2,   9.3591
  35MF20030123,  SR03,     2,  1,     11,2,20030130,-48.0000, 146.0200, 2700,    125.3,   9.2150,  34.6370,2,-999.0000,9,    268.7,2,   -999.0,9,     2.99,2,    14.17,2,     0.80,2,   2105.5,2,   2289.4,2,     0.03,2,   9.2013
  35MF20030123,  SR03,     2,  1,     10,2,20030130,-48.0000, 146.0200, 2700,    149.8,   9.2200,  34.6490,2,-999.0000,9,    269.6,2,   -999.0,9,     2.89,2,    13.94,2,     0.79,2,   2100.4,2,   2286.3,2,  -999.00,9,   9.2036
  35MF20030123,  SR03,     2,  1,      9,2,20030130,-48.0000, 146.0200, 2700,    199.9,   9.2500,  34.6650,2,  34.6710,2,    269.0,2,    269.1,2,     2.81,2,    13.90,2,     0.76,2,   2100.7,2,   2286.1,2,  -999.00,9,   9.2280
  35MF20030123,  SR03,     2,  1,      8,2,20030130,-48.0000, 146.0200, 2700,    249.0,   9.2090,  34.6650,2,-999.0000,9,    267.0,2,   -999.0,9,     2.93,2,    13.97,2,     0.79,2,   2101.5,2,   2286.2,2,  -999.00,9,   9.1816
  35MF20030123,  SR03,     2,  1,      7,2,20030130,-48.0000, 146.0200, 2700,    296.5,   9.1690,  34.6650,2,-999.0000,9,    263.0,2,   -999.0,9,     3.11,2,    14.49,2,     0.83,2,   2105.5,2,   2287.4,2,  -999.00,9,   9.1364
  35MF20030123,  SR03,     2,  1,      6,2,20030130,-48.0000, 146.0200, 2700,    397.7,   9.0490,  34.6500,2,-999.0000,9,    259.9,2,   -999.0,9,     3.42,2,    15.23,2,     0.89,2,   2108.5,2,   2287.7,2,  -999.00,9,   9.0053
  35MF20030123,  SR03,     2,  1,      5,2,20030130,-48.0000, 146.0200, 2700,    500.6,   8.7390,  34.5980,2,  34.6260,2,    253.1,2,    253.8,2,     4.37,2,    16.89,2,     0.98,2,   2114.0,2,   2283.9,2,  -999.00,9,   8.6849
  35MF20030123,  SR03,     2,  1,      4,2,20030130,-48.0000, 146.0200, 2700,    599.9,   8.0710,  34.5040,2,-999.0000,9,    243.3,2,   -999.0,9,    15.29,3,    25.85,3,     1.55,3,   2125.3,2,   2281.8,2,  -999.00,9,   8.0088
  35MF20030123,  SR03,     2,  1,      3,2,20030130,-48.0000, 146.0200, 2700,    803.5,   6.8380,  34.4590,2,-999.0000,9,    198.5,2,   -999.0,9,    15.26,2,    25.84,2,     1.53,2,   2159.6,2,   2284.7,2,  -999.00,9,   6.7611
  35MF20030123,  SR03,     2,  1,      1,2,20030130,-48.0000, 146.0200, 2700,   1002.5,   4.9630,  34.3580,2,  34.3740,2,    208.0,2,    207.8,2,    24.58,2,    29.61,2,     1.79,2,   2178.5,2,   2289.0,2,  -999.00,9,   4.8800
  35MF20030123,  SR03,     2,  1,      2,2,20030130,-48.0000, 146.0200, 2700,   1003.2,   4.9480,  34.3580,2,-999.0000,9,    207.5,2,   -999.0,9,    24.59,2,    29.54,2,     1.80,2,   2179.9,2,   2289.1,2,  -999.00,9,   4.8650
  35MF20030123,  SR03,     3,  1,     24,2,20030131,-50.0000, 146.0000, 4725,      5.3,   9.6910,  34.3640,2,  34.4010,2,    283.7,2,    283.3,2,     1.55,2,    13.76,2,     0.78,2,   2079.0,2,   2280.1,2,     0.39,2,   9.6904
  35MF20030123,  SR03,     3,  1,     23,2,20030131,-50.0000, 146.0000, 4725,     10.0,   9.6920,  34.3640,2,-999.0000,9,    283.6,2,   -999.0,9,     1.53,2,    13.58,2,     0.79,2,   2079.8,2,   2280.6,2,     0.33,2,   9.6909
  35MF20030123,  SR03,     3,  1,     22,2,20030131,-50.0000, 146.0000, 4725,     30.5,   9.6870,  34.3650,2,-999.0000,9,    283.0,2,   -999.0,9,     1.54,2,    13.61,2,     0.78,2,   2078.2,2,   2280.7,2,     0.37,2,   9.6836
  35MF20030123,  SR03,     3,  1,     21,2,20030131,-50.0000, 146.0000, 4725,     48.4,   9.6570,  34.3670,2,  34.3870,2,    282.6,2,    282.6,2,     1.54,2,    13.60,2,     0.80,2,   2081.2,2,   2282.1,2,     0.45,2,   9.6516
  35MF20030123,  SR03,     3,  1,     20,2,20030131,-50.0000, 146.0000, 4725,     73.4,   9.3690,  34.3930,2,-999.0000,9,    281.2,2,   -999.0,9,     1.51,2,    13.82,2,     0.82,2,   2086.3,2,   2282.9,2,     0.44,2,   9.3609
  35MF20030123,  SR03,     3,  1,     19,2,20030131,-50.0000, 146.0000, 4725,     99.9,   9.1760,  34.3940,2,-999.0000,9,    278.3,2,   -999.0,9,     1.99,2,    14.29,2,     0.87,2,   2091.2,2,   2283.2,2,     0.27,2,   9.1652
  35MF20030123,  SR03,     3,  1,     18,2,20030131,-50.0000, 146.0000, 4725,    148.2,   8.6300,  34.5460,2,-999.0000,9,    269.7,2,   -999.0,9,     3.88,2,    16.14,2,     0.93,2,   2122.0,2,   2301.1,2,     0.07,2,   8.6144
  35MF20030123,  SR03,     3,  1,     17,2,20030131,-50.0000, 146.0000, 4725,    201.1,   8.3930,  34.5290,2,  34.5950,2,    267.1,2,    267.8,2,     4.09,2,    16.61,2,     0.97,2,   2124.3,2,   2301.4,2,  -999.00,9,   8.3722
  35MF20030123,  SR03,     3,  1,     16,2,20030131,-50.0000, 146.0000, 4725,    247.2,   7.9120,  34.4560,2,-999.0000,9,    268.5,2,   -999.0,9,     4.59,2,    17.64,2,     1.00,2,   2112.5,2,   2283.3,2,  -999.00,9,   7.8873
  35MF20030123,  SR03,     3,  1,     15,2,20030131,-50.0000, 146.0000, 4725,    300.2,   7.6860,  34.4280,2,-999.0000,9,    268.7,2,   -999.0,9,     5.29,2,    19.39,2,     1.06,2,   2134.6,2,   2303.6,2,  -999.00,9,   7.6564
  35MF20030123,  SR03,     3,  1,     14,2,20030131,-50.0000, 146.0000, 4725,    396.9,   7.2330,  34.3700,2,-999.0000,9,    268.8,2,   -999.0,9,     6.13,2,    19.49,2,     1.12,2,   2135.9,2,   2298.6,2,  -999.00,9,   7.1950
  35MF20030123,  SR03,     3,  1,     13,2,20030131,-50.0000, 146.0000, 4725,    499.8,   6.8240,  34.3780,2,  34.3960,2,    242.1,2,    242.9,2,    10.12,2,    22.96,2,     1.34,2,   2154.1,2,   2297.5,2,  -999.00,9,   6.7773
  35MF20030123,  SR03,     3,  1,     12,2,20030131,-50.0000, 146.0000, 4725,    749.2,   5.1230,  34.3430,2,-999.0000,9,    216.0,2,   -999.0,9,    20.63,2,    28.69,2,     1.72,2,   2194.1,2,   2316.8,2,  -999.00,9,   5.0614
  35MF20030123,  SR03,     3,  1,     11,2,20030131,-50.0000, 146.0000, 4725,   1000.0,   3.7250,  34.3630,2,  34.3870,2,    201.8,2,    202.0,2,    33.63,2,    32.11,2,     1.97,2,   2214.8,2,   2314.7,2,  -999.00,9,   3.6517
  35MF20030123,  SR03,     3,  1,     10,2,20030131,-50.0000, 146.0000, 4725,   1246.7,   2.9590,  34.4360,2,-999.0000,9,    186.6,2,   -999.0,9,    49.89,2,    34.29,2,     2.14,2,   2244.4,2,   2329.7,2,  -999.00,9,   2.8725
  35MF20030123,  SR03,     3,  1,      9,2,20030131,-50.0000, 146.0000, 4725,   1500.4,   2.6400,  34.5580,2,-999.0000,9,    176.3,2,   -999.0,9,    60.24,2,    34.55,2,     2.13,2,   2241.7,2,   2328.7,2,  -999.00,9,   2.5363
  35MF20030123,  SR03,     3,  1,      8,2,20030131,-50.0000, 146.0000, 4725,   1747.4,   2.5080,  34.6460,2,-999.0000,9,    175.2,2,   -999.0,9,    61.15,2,    33.01,2,     2.04,2,   2266.8,2,   2355.2,2,  -999.00,9,   2.3854
  35MF20030123,  SR03,     3,  1,      7,2,20030131,-50.0000, 146.0000, 4725,   1998.5,   2.3620,  34.7050,2,  34.7360,2,    181.4,2,    181.8,2,    67.05,2,    32.19,2,     1.98,2,   2288.0,3,   2380.7,3,  -999.00,9,   2.2199
  35MF20030123,  SR03,     3,  1,      6,2,20030131,-50.0000, 146.0000, 4725,   2499.0,   1.9980,  34.7520,2,-999.0000,9,    187.9,2,   -999.0,9,    75.36,2,    31.62,2,     1.95,2,   2275.1,3,   2369.4,2,  -999.00,9,   1.8174
  35MF20030123,  SR03,     3,  1,      5,2,20030131,-50.0000, 146.0000, 4725,   2973.0,   1.5620,  34.7490,2,  34.7570,2,    198.3,2,    200.0,2,    86.87,2,    31.38,2,     1.89,2,   2250.7,2,   2356.6,2,  -999.00,9,   1.3460
  35MF20030123,  SR03,     3,  1,      4,2,20030131,-50.0000, 146.0000, 4725,   3499.4,   1.1580,  34.7300,2,-999.0000,9,    202.0,2,   -999.0,9,    95.05,2,    32.27,2,     1.98,2,   2262.2,2,   2362.9,2,  -999.00,9,   0.9002
  35MF20030123,  SR03,     3,  1,      3,2,20030131,-50.0000, 146.0000, 4725,   3989.9,   1.0940,  34.7240,2,-999.0000,9,    205.7,2,   -999.0,9,    95.22,2,    31.84,2,     1.98,2,   2258.6,2,   2359.9,2,  -999.00,9,   0.7873
  35MF20030123,  SR03,     3,  1,      1,2,20030131,-50.0000, 146.0000, 4725,   4501.6,   1.1040,  34.7220,2,  34.7440,2,    209.6,2,    206.4,2,    98.81,2,    31.63,2,     1.92,2,   2257.4,2,   2361.3,2,  -999.00,9,   0.7408
  35MF20030123,  SR03,     3,  1,      2,2,20030131,-50.0000, 146.0000, 4725,   4501.8,   1.1050,  34.7220,2,-999.0000,9,    209.1,2,   -999.0,9,   102.54,2,    32.11,2,     1.96,2,   2253.4,2,   2360.0,2,  -999.00,9,   0.7418
  35MF20030123,  SR03,     4,  1,     19,2,20030131,-52.3000, 145.0000, 3300,      3.2,   6.5510,  33.7470,2,  33.7330,2,    307.4,2,    303.7,2,     0.34,2,    23.20,2,     1.21,2,   2099.6,2,   2276.1,2,     0.21,2,   6.5507
  35MF20030123,  SR03,     4,  1,     18,2,20030131,-52.3000, 145.0000, 3300,      9.8,   6.5580,  33.7470,2,-999.0000,9,    307.1,2,   -999.0,9,     0.21,2,    21.42,2,     1.06,2,   2108.1,2,   2282.2,2,     0.25,2,   6.5571
  35MF20030123,  SR03,     4,  1,     17,2,20030131,-52.3000, 145.0000, 3300,     19.7,   6.5550,  33.7470,2,  33.7400,2,    306.9,2,    313.5,2,     0.27,2,    23.12,2,     1.21,2,   2100.0,2,   2275.6,2,     0.24,2,   6.5533
  35MF20030123,  SR03,     4,  1,     16,2,20030131,-52.3000, 145.0000, 3300,     30.2,   6.4880,  33.7470,2,-999.0000,9,    305.8,2,   -999.0,9,     0.22,2,    23.86,2,     1.24,2,   2102.1,2,   2276.5,2,     0.21,2,   6.4854
  35MF20030123,  SR03,     4,  1,     15,2,20030131,-52.3000, 145.0000, 3300,     39.4,   6.2650,  33.7440,2,-999.0000,9,    308.8,2,   -999.0,9,     0.09,2,    23.04,2,     1.21,2,   2111.0,2,   2283.5,2,     0.22,2,   6.2617
  35MF20030123,  SR03,     4,  1,     14,2,20030131,-52.3000, 145.0000, 3300,     49.2,   5.7970,  33.7920,2,  33.8020,2,    312.8,2,    310.3,2,     0.15,2,    23.15,2,     1.25,2,   2110.2,2,   2279.0,2,     0.29,2,   5.7930
  35MF20030123,  SR03,     4,  1,     13,2,20030131,-52.3000, 145.0000, 3300,     71.1,   5.4920,  33.8070,2,-999.0000,9,    312.2,2,   -999.0,9,     0.36,2,    23.61,2,     1.29,2,   2125.7,2,   2287.8,2,     0.39,2,   5.4864
  35MF20030123,  SR03,     4,  1,     12,2,20030131,-52.3000, 145.0000, 3300,     98.9,   2.8560,  33.8640,2,-999.0000,9,    314.2,2,   -999.0,9,     8.82,2,    26.70,2,     1.64,2,   2150.3,2,   2290.4,2,     0.50,2,   2.8502
  35MF20030123,  SR03,     4,  1,     11,2,20030131,-52.3000, 145.0000, 3300,    116.0,   2.5830,  33.8710,2,-999.0000,9,    314.2,2,   -999.0,9,    10.91,2,    27.47,2,     1.61,2,   2150.4,2,   2284.6,2,     0.28,2,   2.5765
  35MF20030123,  SR03,     4,  1,     10,2,20030131,-52.3000, 145.0000, 3300,    147.7,   2.5520,  33.9250,2,-999.0000,9,    304.9,2,   -999.0,9,    12.90,2,    27.13,2,     1.52,2,   2157.0,2,   2288.3,2,  -999.00,9,   2.5437
  35MF20030123,  SR03,     4,  1,      9,2,20030131,-52.3000, 145.0000, 3300,    198.4,   3.3760,  34.1170,2,  34.1290,2,    265.6,2,    264.8,2,    19.11,2,    29.69,2,     1.76,2,   2183.2,2,   2297.6,2,  -999.00,9,   3.3633
  35MF20030123,  SR03,     4,  1,      8,2,20030131,-52.3000, 145.0000, 3300,    249.3,   2.9380,  34.1360,2,-999.0000,9,    260.2,2,   -999.0,9,    23.09,2,    30.18,2,     1.83,2,   2187.0,2,   2300.9,2,  -999.00,9,   2.9228
  35MF20030123,  SR03,     4,  1,      7,2,20030131,-52.3000, 145.0000, 3300,    299.8,   2.8500,  34.1740,2,-999.0000,9,    249.0,2,   -999.0,9,    25.88,2,    31.40,2,     1.88,2,   2195.3,2,   2300.7,2,  -999.00,9,   2.8318
  35MF20030123,  SR03,     4,  1,      6,2,20030131,-52.3000, 145.0000, 3300,    399.4,   2.8470,  34.2720,2,-999.0000,9,    219.8,2,   -999.0,9,    33.34,2,    32.29,2,     1.93,2,   2211.5,2,   2306.9,2,  -999.00,9,   2.8224
  35MF20030123,  SR03,     4,  1,      5,2,20030131,-52.3000, 145.0000, 3300,    498.9,   2.7440,  34.3540,2,  34.3550,2,    199.6,2,    201.7,2,    41.18,2,    34.27,2,     2.06,2,   2227.4,2,   2315.1,2,  -999.00,9,   2.7133
  35MF20030123,  SR03,     4,  1,      4,2,20030131,-52.3000, 145.0000, 3300,    598.8,   2.6540,  34.4140,2,-999.0000,9,    188.6,2,   -999.0,9,    48.17,2,    34.86,2,     2.14,2,   2239.5,2,   2325.1,2,  -999.00,9,   2.6170
  35MF20030123,  SR03,     4,  1,      3,2,20030131,-52.3000, 145.0000, 3300,    800.5,   2.5370,  34.5480,2,-999.0000,9,    175.7,2,   -999.0,9,    58.00,2,    34.62,2,     2.10,2,   2249.5,2,   2336.0,2,  -999.00,9,   2.4868
  35MF20030123,  SR03,     4,  1,      1,2,20030131,-52.3000, 145.0000, 3300,   1002.6,   2.4450,  34.6360,2,  34.6360,2,    177.9,2,    176.3,2,    62.35,2,    33.66,2,     2.06,2,   2263.4,3,   2347.6,2,  -999.00,9,   2.3810
  35MF20030123,  SR03,     4,  1,      2,2,20030131,-52.3000, 145.0000, 3300,   1002.8,   2.4440,  34.6370,2,-999.0000,9,    177.5,2,   -999.0,9,  -999.00,9,  -999.00,9,  -999.00,9,   -999.0,9,   -999.0,9,  -999.00,9,   2.3800
  35MF20030123,  SR03,     5,  1,     19,2,20030201,-54.5900, 144.2600, 2825,      3.2,   5.0480,  33.7420,2,  33.7560,2,    322.7,2,    322.6,2,     0.15,2,    23.20,2,     1.17,2,   2115.1,2,   2287.3,2,     0.59,2,   5.0478
  35MF20030123,  SR03,     5,  1,     18,2,20030201,-54.5900, 144.2600, 2825,     10.1,   5.0460,  33.7420,2,-999.0000,9,    323.6,2,   -999.0,9,     0.14,2,    21.87,2,     1.14,2,   2110.5,2,   2282.5,2,     0.60,2,   5.0452
  35MF20030123,  SR03,     5,  1,     22,2,20030201,-54.5900, 144.2600, 2825,     18.3,   5.0520,  33.7410,2,-999.0000,9,    322.7,2,   -999.0,9,  -999.00,9,  -999.00,9,  -999.00,9,   -999.0,9,   -999.0,9,  -999.00,9,   5.0506
  35MF20030123,  SR03,     5,  1,     17,2,20030201,-54.5900, 144.2600, 2825,     20.3,   5.0510,  33.7420,2,  33.7320,2,    322.9,2,    323.0,2,     0.16,2,    22.68,2,     1.17,2,   2109.4,2,   2283.4,2,     0.58,2,   5.0495
  35MF20030123,  SR03,     5,  1,     16,2,20030201,-54.5900, 144.2600, 2825,     30.4,   5.0530,  33.7410,2,-999.0000,9,    322.5,2,   -999.0,9,     0.21,2,    22.43,2,     1.16,2,   2115.3,2,   2284.9,2,     0.55,2,   5.0507
  35MF20030123,  SR03,     5,  1,     21,2,20030201,-54.5900, 144.2600, 2825,     37.2,   5.0480,  33.7410,2,-999.0000,9,    322.2,2,   -999.0,9,  -999.00,9,  -999.00,9,  -999.00,9,   -999.0,9,   -999.0,9,  -999.00,9,   5.0452
  35MF20030123,  SR03,     5,  1,     15,2,20030201,-54.5900, 144.2600, 2825,     40.7,   5.0050,  33.7400,2,-999.0000,9,    323.0,2,   -999.0,9,     0.13,2,    22.52,2,     1.18,2,   2118.9,2,   2287.5,2,     0.71,2,   5.0019
  35MF20030123,  SR03,     5,  1,     14,2,20030201,-54.5900, 144.2600, 2825,     51.4,   4.6200,  33.7490,2,  33.7380,2,    325.0,2,    324.8,2,     0.09,2,    22.98,2,     1.24,2,   2123.7,2,   2288.3,2,     0.76,2,   4.6163
  35MF20030123,  SR03,     5,  1,     20,2,20030201,-54.5900, 144.2600, 2825,     69.5,   4.1300,  33.7570,2,-999.0000,9,    325.8,2,   -999.0,9,  -999.00,9,  -999.00,9,  -999.00,9,   -999.0,9,   -999.0,9,  -999.00,9,   4.1253
  35MF20030123,  SR03,     5,  1,     13,2,20030201,-54.5900, 144.2600, 2825,     75.4,   2.0130,  33.7990,2,-999.0000,9,    336.1,2,   -999.0,9,     7.21,2,    25.85,2,     1.80,2,   2149.8,2,   2288.3,2,     1.62,2,   2.0091
  35MF20030123,  SR03,     5,  1,     12,2,20030201,-54.5900, 144.2600, 2825,    103.0,   0.8410,  33.8440,2,-999.0000,9,    330.6,2,   -999.0,9,    18.43,2,    27.25,2,     1.80,2,   2168.8,2,   2294.7,2,     0.45,2,   0.8367
  35MF20030123,  SR03,     5,  1,     11,2,20030201,-54.5900, 144.2600, 2825,    124.5,   0.5320,  33.8960,2,-999.0000,9,    324.4,2,   -999.0,9,    20.57,2,    28.15,2,     1.83,2,   2176.4,2,   2296.0,2,     0.16,2,   0.5271
  35MF20030123,  SR03,     5,  1,     10,2,20030201,-54.5900, 144.2600, 2825,    147.0,   0.7850,  34.0230,2,-999.0000,9,    290.5,2,   -999.0,9,    29.92,2,    30.45,2,     1.92,2,   2196.9,2,   2303.9,2,  -999.00,9,   0.7788
  35MF20030123,  SR03,     5,  1,      9,2,20030201,-54.5900, 144.2600, 2825,    201.3,   2.1020,  34.3050,2,  34.2850,2,    208.9,2,    209.5,2,    44.20,2,    33.63,2,     2.14,2,   2239.5,2,   2321.1,2,  -999.00,9,   2.0912
  35MF20030123,  SR03,     5,  1,      8,2,20030201,-54.5900, 144.2600, 2825,    249.9,   2.2660,  34.3940,2,-999.0000,9,    189.9,2,   -999.0,9,    47.93,2,    33.63,2,     2.13,2,   2252.3,2,   2327.7,2,  -999.00,9,   2.2521
  35MF20030123,  SR03,     5,  1,      7,2,20030201,-54.5900, 144.2600, 2825,    302.1,   2.2730,  34.4580,2,-999.0000,9,    179.9,2,   -999.0,9,    55.86,2,    33.89,2,     2.18,2,   2260.4,2,   2335.2,2,  -999.00,9,   2.2560
  35MF20030123,  SR03,     5,  1,      6,2,20030201,-54.5900, 144.2600, 2825,    397.1,   2.2780,  34.5440,2,-999.0000,9,    173.5,2,   -999.0,9,    57.84,2,    33.59,2,     2.18,2,   2267.9,3,   2343.6,2,  -999.00,9,   2.2552
  35MF20030123,  SR03,     5,  1,      5,2,20030201,-54.5900, 144.2600, 2825,    500.3,   2.2730,  34.6010,2,  34.6020,2,    173.3,2,    172.8,2,    58.58,2,    33.90,2,     2.07,2,   2264.1,3,   2346.1,2,  -999.00,9,   2.2438
  35MF20030123,  SR03,     5,  1,      4,2,20030201,-54.5900, 144.2600, 2825,    596.7,   2.2600,  34.6450,2,-999.0000,9,    175.4,2,   -999.0,9,    64.02,2,    33.46,2,     2.05,2,   2268.6,3,   2349.8,2,  -999.00,9,   2.2248
  35MF20030123,  SR03,     5,  1,      3,2,20030201,-54.5900, 144.2600, 2825,    799.9,   2.1460,  34.7070,2,-999.0000,9,    182.0,2,   -999.0,9,    63.61,2,    31.45,2,     1.89,2,   2262.4,3,   2352.9,2,  -999.00,9,   2.0981
  35MF20030123,  SR03,     5,  1,      1,2,20030201,-54.5900, 144.2600, 2825,    999.6,   2.0230,  34.7390,2,  34.7790,2,    191.6,2,   -999.0,9,    67.62,2,    31.68,2,     1.89,2,   2264.4,3,   2361.9,2,  -999.00,9,   1.9624
  35MF20030123,  SR03,     5,  1,      2,2,20030201,-54.5900, 144.2600, 2825,   1000.5,   2.0230,  34.7390,2,-999.0000,9,    191.1,2,   -999.0,9,    68.77,2,    30.30,2,     1.88,2,   -999.0,9,   -999.0,9,  -999.00,9,   1.9623
  35MF20030123,  SR03,     5,  1,     24,2,20030201,-54.5900, 144.2600, 2825,   1000.6,   2.0230,  34.7390,2,-999.0000,9,    191.3,2,   -999.0,9,  -999.00,9,  -999.00,9,  -999.00,9,   2271.4,3,   2367.0,2,  -999.00,9,   1.9623
  35MF20030123,  SR03,     6,  1,     24,2,20030202,-57.3000, 143.3400, 3488,      3.9,   4.5640,  33.7680,2,  33.7610,2,    320.5,2,    317.1,2,     1.07,2,    23.32,2,     1.19,2,   2121.7,2,   2280.9,2,     0.54,2,   4.5637
  35MF20030123,  SR03,     6,  1,     23,2,20030202,-57.3000, 143.3400, 3488,      9.2,   4.5570,  33.7680,2,-999.0000,9,    321.5,2,   -999.0,9,     0.91,2,    22.49,2,     1.15,2,   2108.3,2,   2268.1,2,     0.61,2,   4.5563
  35MF20030123,  SR03,     6,  1,     22,2,20030202,-57.3000, 143.3400, 3488,     34.3,   4.5530,  33.7680,2,-999.0000,9,    321.4,2,   -999.0,9,     0.91,2,    23.40,2,     1.24,2,   2109.8,2,   2268.2,2,     0.47,2,   4.5505
  35MF20030123,  SR03,     6,  1,     21,2,20030202,-57.3000, 143.3400, 3488,     49.2,   4.4330,  33.7650,2,  33.7720,2,    321.8,2,    325.6,2,     0.73,2,    23.61,2,     1.23,2,   2111.9,2,   2270.0,2,     0.72,2,   4.4295
  35MF20030123,  SR03,     6,  1,     20,2,20030202,-57.3000, 143.3400, 3488,     75.0,   1.0490,  33.8420,2,-999.0000,9,    328.5,2,   -999.0,9,    13.77,2,    27.53,2,     1.76,2,   2147.4,2,   2276.7,2,     0.81,2,   1.0458
  35MF20030123,  SR03,     6,  1,     19,2,20030202,-57.3000, 143.3400, 3488,     97.4,   0.6100,  33.8620,2,-999.0000,9,    325.3,2,   -999.0,9,    17.57,2,    28.30,2,     1.72,2,   2148.2,2,   2270.4,2,     0.34,2,   0.6061
  35MF20030123,  SR03,     6,  1,     18,2,20030202,-57.3000, 143.3400, 3488,    148.8,   1.6800,  34.1620,2,-999.0000,9,    254.1,2,   -999.0,9,    28.47,2,    32.78,2,     2.03,2,   2197.6,2,   2286.6,2,     0.03,2,   1.6726
  35MF20030123,  SR03,     6,  1,     17,2,20030202,-57.3000, 143.3400, 3488,    201.3,   2.0630,  34.2830,2,  34.3060,2,    216.7,2,    217.2,2,    43.66,2,    34.01,2,     2.11,2,   2219.3,2,   2299.0,2,  -999.00,9,   2.0522
  35MF20030123,  SR03,     6,  1,     16,2,20030202,-57.3000, 143.3400, 3488,    249.4,   2.2520,  34.3660,2,-999.0000,9,    196.5,2,   -999.0,9,    52.42,2,    35.07,2,     2.17,2,   2239.0,2,   2313.5,2,  -999.00,9,   2.2381
  35MF20030123,  SR03,     6,  1,     15,2,20030202,-57.3000, 143.3400, 3488,    300.0,   2.2840,  34.4320,2,-999.0000,9,    185.4,2,   -999.0,9,    57.64,2,    35.48,2,     2.22,2,   2258.3,2,   2326.2,2,  -999.00,9,   2.2671
  35MF20030123,  SR03,     6,  1,     14,2,20030202,-57.3000, 143.3400, 3488,    398.0,   2.3120,  34.5090,2,-999.0000,9,    177.2,2,   -999.0,9,  -999.00,9,  -999.00,9,  -999.00,9,   -999.0,9,   -999.0,9,  -999.00,9,   2.2891
  35MF20030123,  SR03,     6,  1,     13,2,20030202,-57.3000, 143.3400, 3488,    498.4,   2.2830,  34.5730,2,  34.5680,2,    174.6,2,    174.1,2,    67.01,2,    34.81,2,     2.17,2,   2251.1,2,   2323.5,2,  -999.00,9,   2.2539
  35MF20030123,  SR03,     6,  1,     12,2,20030202,-57.3000, 143.3400, 3488,    600.3,   2.2830,  34.6260,2,-999.0000,9,    175.4,2,   -999.0,9,    61.49,2,    33.98,2,     2.12,2,   2252.8,2,   2330.0,2,  -999.00,9,   2.2474
  35MF20030123,  SR03,     6,  1,     11,2,20030202,-57.3000, 143.3400, 3488,    797.2,   2.1610,  34.6900,2,-999.0000,9,    177.7,2,   -999.0,9,    69.37,2,    32.99,2,     2.02,2,   2252.8,2,   2335.6,2,  -999.00,9,   2.1132
  35MF20030123,  SR03,     6,  1,     10,2,20030202,-57.3000, 143.3400, 3488,   1000.9,   2.0950,  34.7310,2,  34.7180,2,    184.8,2,    185.9,2,    72.04,2,    31.73,2,     1.96,2,   2246.5,2,   2335.4,2,  -999.00,9,   2.0338
  35MF20030123,  SR03,     6,  1,      9,2,20030202,-57.3000, 143.3400, 3488,   1251.8,   1.9160,  34.7540,2,-999.0000,9,    190.9,2,   -999.0,9,    75.96,2,    31.06,2,     1.91,2,   2259.1,2,   2352.3,2,  -999.00,9,   1.8386
  35MF20030123,  SR03,     6,  1,      8,2,20030202,-57.3000, 143.3400, 3488,   1499.2,   1.6940,  34.7580,2,-999.0000,9,    194.6,2,   -999.0,9,    83.03,2,    30.71,2,     1.86,2,   2247.6,2,   2344.4,2,  -999.00,9,   1.6009
  35MF20030123,  SR03,     6,  1,      7,2,20030202,-57.3000, 143.3400, 3488,   1748.5,   1.4910,  34.7540,2,-999.0000,9,    198.8,2,   -999.0,9,    85.73,2,    31.17,2,     1.91,2,   2250.8,2,   2348.9,2,  -999.00,9,   1.3816
  35MF20030123,  SR03,     6,  1,      6,2,20030202,-57.3000, 143.3400, 3488,   2024.0,   1.2440,  34.7440,2,  34.7330,2,    202.1,2,    203.9,2,    96.19,2,    31.47,2,     1.92,2,   2276.1,3,   2371.0,2,  -999.00,9,   1.1168
  35MF20030123,  SR03,     6,  1,      5,2,20030202,-57.3000, 143.3400, 3488,   2499.7,   0.8530,  34.7240,2,-999.0000,9,    205.4,2,   -999.0,9,   106.28,2,    32.22,2,     2.02,2,   2272.2,3,   2364.8,2,  -999.00,9,   0.6939
  35MF20030123,  SR03,     6,  1,      4,2,20030202,-57.3000, 143.3400, 3488,   3003.1,   0.5330,  34.7090,2,  34.7070,2,    212.2,2,    214.3,2,   117.48,2,    32.87,2,     2.05,2,   2262.5,2,   2355.0,2,  -999.00,9,   0.3372
  35MF20030123,  SR03,     6,  1,      2,2,20030202,-57.3000, 143.3400, 3488,   3449.9,   0.4660,  34.7040,2,-999.0000,9,    216.2,2,   -999.0,9,   121.85,2,    32.35,2,     2.00,2,   2261.6,2,   2355.1,2,  -999.00,9,   0.2307
  35MF20030123,  SR03,     6,  1,      3,2,20030202,-57.3000, 143.3400, 3488,   3449.9,   0.4670,  34.7040,2,-999.0000,9,    216.3,2,   -999.0,9,   124.78,2,    31.68,3,     1.90,3,   2263.6,2,   2356.8,2,  -999.00,9,   0.2317
  35MF20030123,  SR03,     6,  1,      1,2,20030202,-57.3000, 143.3400, 3488,   3450.4,   0.4670,  34.7040,2,  34.7310,2,    216.2,2,    211.1,2,   123.21,2,    32.97,2,     2.05,2,   2263.3,2,   2356.3,2,  -999.00,9,   0.2316
  35MF20030123,  SR03,     7,  1,     19,2,20030203,-59.5300, 142.2900, 4150,      4.0,   4.1410,  33.7650,2,  33.7800,2,    321.6,2,    320.7,2,     3.98,2,    25.03,2,     1.31,2,   2117.9,2,   2268.6,2,     0.26,2,   4.1407
  35MF20030123,  SR03,     7,  1,     23,2,20030203,-59.5300, 142.2900, 4150,      7.4,   4.1390,  33.7650,2,-999.0000,9,    322.2,2,   -999.0,9,  -999.00,9,  -999.00,9,  -999.00,9,   -999.0,9,   -999.0,9,  -999.00,9,   4.1385
  35MF20030123,  SR03,     7,  1,     18,2,20030203,-59.5300, 142.2900, 4150,     11.0,   4.1400,  33.7650,2,-999.0000,9,    321.0,2,   -999.0,9,     3.75,2,    23.60,2,     1.19,2,   2117.5,2,   2268.0,2,     0.21,2,   4.1392
  35MF20030123,  SR03,     7,  1,     17,2,20030203,-59.5300, 142.2900, 4150,     20.2,   4.1430,  33.7650,2,  33.7980,2,    320.9,2,    319.2,2,     4.06,2,    25.38,2,     1.33,2,   2118.8,2,   2268.9,2,     0.24,2,   4.1416
  35MF20030123,  SR03,     7,  1,     16,2,20030203,-59.5300, 142.2900, 4150,     31.2,   4.1440,  33.7650,2,-999.0000,9,    320.6,2,   -999.0,9,     4.09,2,    25.34,2,     1.45,2,   2118.1,2,   2267.6,2,     0.26,2,   4.1419
  35MF20030123,  SR03,     7,  1,     15,2,20030203,-59.5300, 142.2900, 4150,     40.4,   4.1490,  33.7650,2,-999.0000,9,    318.1,2,   -999.0,9,     4.04,2,    25.24,2,     1.33,2,   2125.4,2,   2275.5,2,     0.18,2,   4.1462
  35MF20030123,  SR03,     7,  1,     22,2,20030203,-59.5300, 142.2900, 4150,     40.7,   4.1490,  33.7660,2,-999.0000,9,    318.8,2,   -999.0,9,  -999.00,9,  -999.00,9,  -999.00,9,   -999.0,9,   -999.0,9,  -999.00,9,   4.1462
  35MF20030123,  SR03,     7,  1,     24,2,20030203,-59.5300, 142.2900, 4150,     52.0,   4.0890,  33.7660,2,-999.0000,9,    319.0,2,   -999.0,9,  -999.00,9,  -999.00,9,  -999.00,9,   -999.0,9,   -999.0,9,  -999.00,9,   4.0855
  35MF20030123,  SR03,     7,  1,     14,2,20030203,-59.5300, 142.2900, 4150,     52.6,   4.0900,  33.7640,2,  33.7530,2,    318.5,2,    321.3,2,     3.83,2,    25.26,2,     1.31,2,   2127.7,2,   2278.5,2,     0.28,2,   4.0864
  35MF20030123,  SR03,     7,  1,     13,2,20030203,-59.5300, 142.2900, 4150,     74.0,   1.9010,  33.8510,2,-999.0000,9,    333.2,2,   -999.0,9,    14.12,2,    26.98,2,     1.55,2,   2157.9,2,   2290.8,2,     0.37,2,   1.8973
  35MF20030123,  SR03,     7,  1,     21,2,20030203,-59.5300, 142.2900, 4150,     74.9,   1.9560,  33.8540,2,-999.0000,9,    332.8,2,   -999.0,9,  -999.00,9,  -999.00,9,  -999.00,9,   -999.0,9,   -999.0,9,  -999.00,9,   1.9522
  35MF20030123,  SR03,     7,  1,     12,2,20030203,-59.5300, 142.2900, 4150,    100.7,   0.2180,  33.8950,2,-999.0000,9,    331.8,2,   -999.0,9,    19.53,2,    28.77,2,     1.78,2,   2167.0,2,   2287.0,2,     0.40,2,   0.2143
  35MF20030123,  SR03,     7,  1,     11,2,20030203,-59.5300, 142.2900, 4150,    123.9,   0.1700,  33.9640,2,-999.0000,9,    315.9,2,   -999.0,9,    22.58,2,    30.02,2,     1.84,2,   2179.9,2,   2291.4,2,     0.20,2,   0.1655
  35MF20030123,  SR03,     7,  1,     10,2,20030203,-59.5300, 142.2900, 4150,    149.9,   1.5710,  34.2440,2,-999.0000,9,    226.7,2,   -999.0,9,    44.21,2,    34.59,2,     2.10,2,   2226.7,2,   2306.2,2,  -999.00,9,   1.5637
  35MF20030123,  SR03,     7,  1,     20,2,20030203,-59.5300, 142.2900, 4150,    151.2,   1.5870,  34.2470,2,-999.0000,9,    227.2,2,   -999.0,9,  -999.00,9,  -999.00,9,  -999.00,9,   -999.0,9,   -999.0,9,  -999.00,9,   1.5796
  35MF20030123,  SR03,     7,  1,      9,2,20030203,-59.5300, 142.2900, 4150,    200.6,   2.0740,  34.3870,2,  34.3750,2,    191.3,2,    192.0,2,    54.89,2,    36.05,2,     2.24,2,   2238.4,2,   2307.0,2,  -999.00,9,   2.0632
  35MF20030123,  SR03,     7,  1,      8,2,20030203,-59.5300, 142.2900, 4150,    247.8,   2.1710,  34.4460,2,-999.0000,9,    181.8,2,   -999.0,9,    59.55,2,    35.98,2,     2.22,2,   2233.9,2,   2336.2,2,  -999.00,9,   2.1573
  35MF20030123,  SR03,     7,  1,      7,2,20030203,-59.5300, 142.2900, 4150,    298.3,   2.2130,  34.5030,2,-999.0000,9,    175.1,2,   -999.0,9,    63.00,2,    35.86,2,     2.21,2,   -999.0,9,   -999.0,9,  -999.00,9,   2.1963
  35MF20030123,  SR03,     7,  1,      6,2,20030203,-59.5300, 142.2900, 4150,    399.0,   2.2380,  34.5750,2,-999.0000,9,    171.7,2,   -999.0,9,    65.15,2,    35.28,2,     2.18,2,   2247.5,2,   2328.5,2,  -999.00,9,   2.2152
  35MF20030123,  SR03,     7,  1,      5,2,20030203,-59.5300, 142.2900, 4150,    499.6,   2.2350,  34.6260,2,  34.6140,2,    172.5,2,    173.8,2,    67.14,2,    34.65,2,     2.13,2,   2249.3,2,   2329.4,2,  -999.00,9,   2.2060
  35MF20030123,  SR03,     7,  1,      4,2,20030203,-59.5300, 142.2900, 4150,    609.5,   2.2030,  34.6640,2,-999.0000,9,    175.7,2,   -999.0,9,    69.38,2,    33.84,2,     2.05,2,   2248.8,2,   2332.6,2,  -999.00,9,   2.1672
  35MF20030123,  SR03,     7,  1,      3,2,20030203,-59.5300, 142.2900, 4150,    799.4,   2.1340,  34.7180,2,-999.0000,9,    184.2,2,   -999.0,9,    68.28,2,    31.62,2,     1.90,2,   2242.3,2,   2334.3,2,  -999.00,9,   2.0862
  35MF20030123,  SR03,     7,  1,      2,2,20030203,-59.5300, 142.2900, 4150,   1000.7,   2.0310,  34.7440,2,-999.0000,9,    192.7,2,   -999.0,9,    74.96,2,    31.70,2,     1.94,2,   2244.3,2,   2340.5,2,  -999.00,9,   1.9703
  35MF20030123,  SR03,     7,  1,      1,2,20030203,-59.5300, 142.2900, 4150,   1000.7,   2.0310,  34.7440,2,  34.7720,2,    191.7,2,    189.6,2,    72.78,2,    31.66,2,     1.90,2,   -999.0,9,   -999.0,9,  -999.00,9,   1.9703
  35MF20030123,  SR03,     8,  1,     19,2,20030203,-62.3000, 141.5500, 4160,      3.4,   2.6380,  33.7690,2,  33.7750,2,    325.4,2,    325.7,2,    19.19,2,    27.00,2,     1.60,2,   2135.5,2,   2270.9,2,     0.08,2,   2.6378
  35MF20030123,  SR03,     8,  1,     18,2,20030203,-62.3000, 141.5500, 4160,     10.1,   2.6360,  33.7710,2,-999.0000,9,    337.5,2,   -999.0,9,    19.48,2,    27.02,2,     1.59,2,   2138.4,2,   2272.4,2,     0.07,2,   2.6354
  35MF20030123,  SR03,     8,  1,     17,2,20030203,-62.3000, 141.5500, 4160,     19.9,   2.6360,  33.7730,2,  33.7760,2,    325.6,2,    325.6,2,    19.30,2,    27.06,2,     1.59,2,   2140.9,2,   2277.5,2,     0.07,2,   2.6349
  35MF20030123,  SR03,     8,  1,     16,2,20030203,-62.3000, 141.5500, 4160,     29.0,   2.6370,  33.7740,2,-999.0000,9,   -999.0,9,   -999.0,9,    18.23,2,    27.03,2,     1.56,2,   2140.4,2,   2275.0,2,     0.07,2,   2.6354
  35MF20030123,  SR03,     8,  1,     15,2,20030203,-62.3000, 141.5500, 4160,     41.5,   2.6370,  33.7710,2,-999.0000,9,   -999.0,9,   -999.0,9,    18.22,2,    26.95,2,     1.62,2,   2140.5,2,   2273.6,2,     0.07,2,   2.6347
  35MF20030123,  SR03,     8,  1,     14,2,20030203,-62.3000, 141.5500, 4160,     49.4,   2.5790,  33.7740,2,  33.7740,2,   -999.0,9,   -999.0,9,    19.31,2,    26.98,2,     1.61,2,   2143.1,2,   2275.6,2,     0.07,2,   2.5763
  35MF20030123,  SR03,     8,  1,     23,2,20030203,-62.3000, 141.5500, 4160,     49.8,   2.5990,-999.0000,9,-999.0000,9,    312.8,2,    312.8,2,  -999.00,9,  -999.00,9,  -999.00,9,   -999.0,9,   -999.0,9,  -999.00,9,-999.0000
  35MF20030123,  SR03,     8,  1,     13,2,20030203,-62.3000, 141.5500, 4160,     74.9,  -0.4630,  34.0090,2,-999.0000,9,   -999.0,9,   -999.0,9,    23.75,2,    29.11,2,     1.76,2,   2160.8,2,   2282.1,2,     0.11,2,  -0.4653
  35MF20030123,  SR03,     8,  1,     12,2,20030203,-62.3000, 141.5500, 4160,     98.8,   0.5750,  34.3320,2,-999.0000,9,   -999.0,9,   -999.0,9,    36.53,2,    32.48,2,     1.98,2,   2193.7,2,   2291.6,2,     0.44,2,   0.5710
  35MF20030123,  SR03,     8,  1,     11,2,20030203,-62.3000, 141.5500, 4160,    126.6,   1.8470,  34.4270,2,-999.0000,9,   -999.0,9,   -999.0,9,    55.12,2,    35.83,2,     2.21,2,   2239.6,2,   2310.7,2,     0.24,2,   1.8405
  35MF20030123,  SR03,     8,  1,     10,2,20030203,-62.3000, 141.5500, 4160,    148.0,   2.0050,  34.4730,2,-999.0000,9,    178.2,2,   -999.0,9,  -999.00,9,  -999.00,9,  -999.00,9,   -999.0,9,   -999.0,9,  -999.00,9,   1.9972
  35MF20030123,  SR03,     8,  1,      9,2,20030203,-62.3000, 141.5500, 4160,    203.0,   2.0190,  34.5230,2,  34.5240,2,    171.4,2,    175.0,2,    60.14,2,    35.66,2,     2.20,2,   2249.7,2,   2316.9,2,  -999.00,9,   2.0081
  35MF20030123,  SR03,     8,  1,      8,2,20030203,-62.3000, 141.5500, 4160,    251.3,   2.0560,  34.5710,2,-999.0000,9,    170.0,2,   -999.0,9,    61.38,2,    35.25,2,     2.19,2,   2252.2,2,   2323.1,2,  -999.00,9,   2.0423
  35MF20030123,  SR03,     8,  1,      7,2,20030203,-62.3000, 141.5500, 4160,    299.9,   2.0940,  34.6140,2,-999.0000,9,    174.0,2,   -999.0,9,    65.78,2,    34.57,2,     2.14,2,   2255.6,2,   2330.8,2,  -999.00,9,   2.0774
  35MF20030123,  SR03,     8,  1,      6,2,20030203,-62.3000, 141.5500, 4160,    401.0,   2.0870,  34.6610,2,-999.0000,9,    187.8,2,   -999.0,9,    67.34,2,    33.73,2,     2.08,2,   2252.5,2,   2332.3,2,  -999.00,9,   2.0645
  35MF20030123,  SR03,     8,  1,      5,2,20030203,-62.3000, 141.5500, 4160,    499.5,   2.0470,  34.6860,2,  34.7050,2,    182.5,2,    178.6,2,    69.45,2,    33.32,2,     2.01,2,   2250.2,2,   2332.5,2,  -999.00,9,   2.0187
  35MF20030123,  SR03,     8,  1,      4,2,20030203,-62.3000, 141.5500, 4160,    599.8,   2.0230,  34.7100,2,-999.0000,9,    189.8,2,   -999.0,9,    69.84,2,    32.43,2,     1.94,2,   2255.6,2,   2343.7,2,  -999.00,9,   1.9886
  35MF20030123,  SR03,     8,  1,      3,2,20030203,-62.3000, 141.5500, 4160,    799.0,   1.9130,  34.7360,2,-999.0000,9,   -999.0,9,   -999.0,9,    71.93,2,    31.57,2,     1.92,2,   2248.6,2,   2341.1,2,  -999.00,9,   1.8666
  35MF20030123,  SR03,     8,  1,      1,2,20030203,-62.3000, 141.5500, 4160,   1004.2,   1.7620,  34.7510,2,  34.7450,2,    179.1,2,    179.1,2,    77.19,2,    31.30,2,     1.91,2,   2238.4,2,   2333.9,2,  -999.00,9,   1.7031
  35MF20030123,  SR03,     8,  1,     24,2,20030203,-62.3000, 141.5500, 4160,   1004.3,   1.7650,  34.7450,2,-999.0000,9,   -999.0,9,   -999.0,9,  -999.00,9,  -999.00,9,  -999.00,9,   -999.0,9,   -999.0,9,  -999.00,9,   1.7061
  35MF20030123,  SR03,     8,  1,      2,2,20030203,-62.3000, 141.5500, 4160,   1005.0,   1.7610,  34.7490,2,-999.0000,9,   -999.0,9,   -999.0,9,    78.59,2,    31.09,2,     1.90,2,   2248.7,2,   2346.3,2,  -999.00,9,   1.7021
  35MF20030123,  SR03,     9,  1,     24,2,20030204,-64.0000, 141.5500, 3692,      4.9,   2.1560,  33.8180,2,  33.8320,2,    322.5,2,    329.4,2,    24.19,2,    27.85,2,     1.60,2,   2144.0,2,   2278.1,2,     0.06,2,   2.1557
  35MF20030123,  SR03,     9,  1,     23,2,20030204,-64.0000, 141.5500, 3692,     11.2,   2.1780,  33.8180,2,-999.0000,9,    322.5,2,   -999.0,9,    24.06,2,    27.54,2,     1.61,2,   2147.3,2,   2277.9,2,     0.06,2,   2.1774
  35MF20030123,  SR03,     9,  1,     22,2,20030204,-64.0000, 141.5500, 3692,     29.6,   1.9260,  33.8250,2,-999.0000,9,    323.1,2,   -999.0,9,    23.64,2,    27.67,2,     1.65,2,   2142.0,2,   2273.7,2,     0.07,2,   1.9245
  35MF20030123,  SR03,     9,  1,     21,2,20030204,-64.0000, 141.5500, 3692,     49.7,  -0.5060,  34.0290,2,  34.0640,2,    320.2,2,    314.1,2,    31.18,2,    30.24,2,     1.81,2,   2176.0,2,   2289.7,2,     0.09,2,  -0.5075
  35MF20030123,  SR03,     9,  1,     20,2,20030204,-64.0000, 141.5500, 3692,     69.6,   1.0460,  34.3000,2,-999.0000,9,    239.8,2,   -999.0,9,    42.77,2,    33.50,2,     2.05,2,   2215.2,2,   2304.6,2,     0.40,2,   1.0429
  35MF20030123,  SR03,     9,  1,     19,2,20030204,-64.0000, 141.5500, 3692,     99.5,   1.8990,  34.4980,2,-999.0000,9,    183.0,2,   -999.0,9,    58.36,2,    35.35,2,     2.17,2,   2248.3,2,   2319.5,2,     0.33,2,   1.8939
  35MF20030123,  SR03,     9,  1,     18,2,20030204,-64.0000, 141.5500, 3692,    148.0,   1.9710,  34.5800,2,-999.0000,9,    174.4,2,   -999.0,9,    66.22,2,    35.09,2,     2.18,2,   2249.7,2,   2322.4,2,     0.03,2,   1.9632
  35MF20030123,  SR03,     9,  1,     17,2,20030204,-64.0000, 141.5500, 3692,    196.4,   2.0150,  34.6290,2,  34.6200,2,    174.2,2,    174.2,2,    68.62,2,    34.55,2,     2.11,2,   2253.3,2,   2328.2,2,  -999.00,9,   2.0045
  35MF20030123,  SR03,     9,  1,     16,2,20030204,-64.0000, 141.5500, 3692,    248.9,   2.0170,  34.6560,2,-999.0000,9,    176.0,2,   -999.0,9,    71.60,2,    34.02,2,     2.09,2,   2251.1,2,   2330.3,2,  -999.00,9,   2.0035
  35MF20030123,  SR03,     9,  1,     15,2,20030204,-64.0000, 141.5500, 3692,    298.0,   1.9680,  34.6740,2,-999.0000,9,    177.6,2,   -999.0,9,    69.97,2,    33.72,2,     2.01,2,   2252.4,2,   2334.5,2,  -999.00,9,   1.9518
  35MF20030123,  SR03,     9,  1,     14,2,20030204,-64.0000, 141.5500, 3692,    399.2,   1.9450,  34.7100,2,-999.0000,9,    181.9,2,   -999.0,9,    70.34,2,    32.82,2,     2.00,2,   2252.6,2,   2340.5,2,  -999.00,9,   1.9230
  35MF20030123,  SR03,     9,  1,     13,2,20030204,-64.0000, 141.5500, 3692,    498.4,   1.8860,  34.7280,2,  34.7210,2,    185.5,2,    185.7,2,    71.48,2,    32.40,2,     1.96,2,   2246.2,2,   2335.4,2,  -999.00,9,   1.8584
  35MF20030123,  SR03,     9,  1,     12,2,20030204,-64.0000, 141.5500, 3692,    600.0,   1.8480,  34.7470,2,-999.0000,9,    188.8,2,   -999.0,9,    71.26,2,    31.93,2,     1.91,2,   2246.8,2,   2340.7,2,  -999.00,9,   1.8144
  35MF20030123,  SR03,     9,  1,     11,2,20030204,-64.0000, 141.5500, 3692,    800.8,   1.6350,  34.7480,2,-999.0000,9,    193.3,2,   -999.0,9,    74.83,2,    31.72,2,     1.88,2,   2242.8,2,   2341.9,2,  -999.00,9,   1.5902
  35MF20030123,  SR03,     9,  1,     10,2,20030204,-64.0000, 141.5500, 3692,    999.9,   1.4860,  34.7530,2,  34.7640,2,    197.9,2,    198.5,2,    84.04,2,    31.40,2,     1.91,2,   2240.6,2,   2344.9,2,  -999.00,9,   1.4296
  35MF20030123,  SR03,     9,  1,      9,2,20030204,-64.0000, 141.5500, 3692,   1198.8,   1.3170,  34.7480,2,-999.0000,9,    199.8,2,   -999.0,9,    86.77,2,    31.62,2,     1.90,2,   2245.0,2,   2348.1,2,  -999.00,9,   1.2491
  35MF20030123,  SR03,     9,  1,      8,2,20030204,-64.0000, 141.5500, 3692,   1498.1,   1.0800,  34.7390,2,-999.0000,9,    203.5,2,   -999.0,9,    91.68,2,    31.90,2,     1.90,2,   2247.3,2,   2350.8,2,  -999.00,9,   0.9942
  35MF20030123,  SR03,     9,  1,      7,2,20030204,-64.0000, 141.5500, 3692,   1749.6,   0.8660,  34.7270,2,-999.0000,9,    205.5,2,   -999.0,9,    97.24,2,    32.29,2,     1.97,2,   2254.0,2,   2353.4,2,  -999.00,9,   0.7651
  35MF20030123,  SR03,     9,  1,      6,2,20030204,-64.0000, 141.5500, 3692,   1997.8,   0.6670,  34.7160,2,-999.0000,9,    208.4,2,    209.4,2,    99.12,2,    32.66,2,     1.99,2,   2259.3,2,   2356.8,2,  -999.00,9,   0.5509
  35MF20030123,  SR03,     9,  1,      5,2,20030204,-64.0000, 141.5500, 3692,   2498.8,   0.3210,  34.7000,2,-999.0000,9,    216.4,2,   -999.0,9,   106.52,2,    32.95,2,     1.99,2,   2256.4,2,   2351.8,2,  -999.00,9,   0.1722
  35MF20030123,  SR03,     9,  1,      4,2,20030204,-64.0000, 141.5500, 3692,   2997.3,   0.1140,  34.6920,2,  34.6840,2,    224.3,2,    224.5,2,   104.75,2,    32.90,2,     1.99,2,   2254.5,2,   2347.9,2,  -999.00,9,  -0.0718
  35MF20030123,  SR03,     9,  1,      3,2,20030204,-64.0000, 141.5500, 3692,   3498.0,  -0.0970,  34.6810,2,-999.0000,9,    235.6,2,   -999.0,9,   105.16,2,    32.96,2,     2.01,2,   2252.8,2,   2350.5,2,  -999.00,9,  -0.3223
  35MF20030123,  SR03,     9,  1,      2,2,20030204,-64.0000, 141.5500, 3692,   3605.8,  -0.2010,  34.6720,2,-999.0000,9,    241.9,2,   -999.0,9,  -999.00,9,  -999.00,9,  -999.00,9,   -999.0,9,   -999.0,9,  -999.00,9,  -0.4336
  35MF20030123,  SR03,     9,  1,      1,2,20030204,-64.0000, 141.5500, 3692,   3606.0,  -0.2010,  34.6720,2,  34.6650,2,    241.4,2,    238.6,2,   103.13,2,    32.48,2,     1.97,2,   2245.4,2,   2345.3,2,  -999.00,9,  -0.4336
  35MF20030123,  SR03,    10,  1,      4,2,20030208,-66.0300, 138.3200,  738,     10.4,  -0.3600,  34.0960,2,-999.0000,9,    355.8,2,   -999.0,9,  -999.00,9,  -999.00,9,  -999.00,9,   -999.0,9,   -999.0,9,  -999.00,9,  -0.3603
  35MF20030123,  SR03,    10,  1,      2,2,20030208,-66.0300, 138.3200,  738,     12.1,  -0.3600,  34.0960,2,-999.0000,9,    354.9,2,   -999.0,9,  -999.00,9,  -999.00,9,  -999.00,9,   -999.0,9,   -999.0,9,  -999.00,9,  -0.3604
  35MF20030123,  SR03,    10,  1,      3,2,20030208,-66.0300, 138.3200,  738,     12.3,  -0.3600,  34.0960,2,  34.1020,2,    355.1,2,   -999.0,9,    39.26,2,    26.28,2,     1.55,2,   2163.2,2,   2299.3,2,     0.65,2,  -0.3604
  35MF20030123,  SR03,    10,  1,      1,2,20030208,-66.0300, 138.3200,  738,     12.7,  -0.3610,  34.0960,2,-999.0000,9,    354.8,2,   -999.0,9,  -999.00,9,  -999.00,9,  -999.00,9,   -999.0,9,   -999.0,9,  -999.00,9,  -0.3614
  35MF20030123,  SR03,    10,  1,      6,2,20030208,-66.0300, 138.3200,  738,     29.5,  -0.3630,  34.0960,2,-999.0000,9,    354.4,2,   -999.0,9,  -999.00,9,  -999.00,9,  -999.00,9,   -999.0,9,   -999.0,9,  -999.00,9,  -0.3639
  35MF20030123,  SR03,    10,  1,      5,2,20030208,-66.0300, 138.3200,  738,     29.9,  -0.3630,  34.0960,2,-999.0000,9,    354.1,2,   -999.0,9,  -999.00,9,  -999.00,9,  -999.00,9,   -999.0,9,   -999.0,9,  -999.00,9,  -0.3639
  35MF20030123,  SR03,    10,  1,     21,2,20030208,-66.0300, 138.3200,  738,     49.0,  -0.3620,  34.0960,2,-999.0000,9,    353.7,2,   -999.0,9,  -999.00,9,  -999.00,9,  -999.00,9,   -999.0,9,   -999.0,9,  -999.00,9,  -0.3635
  35MF20030123,  SR03,    10,  1,     24,2,20030208,-66.0300, 138.3200,  738,     49.1,  -0.3630,  34.0960,2,-999.0000,9,    353.0,2,   -999.0,9,  -999.00,9,  -999.00,9,  -999.00,9,   -999.0,9,   -999.0,9,  -999.00,9,  -0.3645
  35MF20030123,  SR03,    10,  1,     22,2,20030208,-66.0300, 138.3200,  738,     49.4,  -0.3620,  34.0960,2,-999.0000,9,    354.0,2,   -999.0,9,  -999.00,9,  -999.00,9,  -999.00,9,   -999.0,9,   -999.0,9,  -999.00,9,  -0.3636
  35MF20030123,  SR03,    10,  1,     23,2,20030208,-66.0300, 138.3200,  738,     49.5,  -0.3640,  34.0960,2,-999.0000,9,    353.4,2,   -999.0,9,  -999.00,9,  -999.00,9,  -999.00,9,   -999.0,9,   -999.0,9,  -999.00,9,  -0.3656
  35MF20030123,  SR03,    10,  1,     20,2,20030208,-66.0300, 138.3200,  738,     49.5,  -0.3620,  34.0960,2,  34.0880,2,    353.8,2,    353.2,2,    41.34,2,    26.25,2,     1.53,2,   2161.7,2,   2296.4,2,     0.67,2,  -0.3636
  35MF20030123,  SR03,    10,  1,      7,2,20030208,-66.0300, 138.3200,  738,     49.7,  -0.3620,  34.0960,2,-999.0000,9,    353.2,2,   -999.0,9,  -999.00,9,  -999.00,9,  -999.00,9,   -999.0,9,   -999.0,9,  -999.00,9,  -0.3636
  35MF20030123,  SR03,    10,  1,      8,2,20030208,-66.0300, 138.3200,  738,     49.8,  -0.3610,  34.0960,2,-999.0000,9,    353.7,2,   -999.0,9,  -999.00,9,  -999.00,9,  -999.00,9,   -999.0,9,   -999.0,9,  -999.00,9,  -0.3626
  35MF20030123,  SR03,    10,  1,      9,2,20030208,-66.0300, 138.3200,  738,     74.9,  -0.7060,  34.2430,2,-999.0000,9,    336.1,2,   -999.0,9,  -999.00,9,  -999.00,9,  -999.00,9,   -999.0,9,   -999.0,9,  -999.00,9,  -0.7082
  35MF20030123,  SR03,    10,  1,     10,2,20030208,-66.0300, 138.3200,  738,     75.2,  -0.7030,  34.2410,2,-999.0000,9,    336.0,2,   -999.0,9,  -999.00,9,  -999.00,9,  -999.00,9,   -999.0,9,   -999.0,9,  -999.00,9,  -0.7052
  35MF20030123,  SR03,    10,  1,     11,2,20030208,-66.0300, 138.3200,  738,    100.0,  -0.7140,  34.3990,2,-999.0000,9,    337.8,2,   -999.0,9,  -999.00,9,  -999.00,9,  -999.00,9,   -999.0,9,   -999.0,9,  -999.00,9,  -0.7169
  35MF20030123,  SR03,    10,  1,     19,2,20030208,-66.0300, 138.3200,  738,    100.2,  -0.7170,  34.3990,2,-999.0000,9,    337.0,2,   -999.0,9,    40.77,2,    28.04,2,     1.74,2,   2201.5,2,   2321.1,2,     0.31,2,  -0.7199
  35MF20030123,  SR03,    10,  1,     12,2,20030208,-66.0300, 138.3200,  738,    101.2,  -0.7120,  34.3990,2,-999.0000,9,    337.4,2,   -999.0,9,  -999.00,9,  -999.00,9,  -999.00,9,   -999.0,9,   -999.0,9,  -999.00,9,  -0.7150
  35MF20030123,  SR03,    10,  1,     18,2,20030208,-66.0300, 138.3200,  738,    201.3,  -1.1660,  34.4680,2,  34.4650,2,    326.4,2,    327.6,2,    44.50,2,    29.47,2,     1.86,2,   2209.9,2,   2318.9,2,  -999.00,9,  -1.1714
  35MF20030123,  SR03,    10,  1,     17,2,20030208,-66.0300, 138.3200,  738,    401.2,  -1.5460,  34.5130,2,-999.0000,9,    305.3,2,   -999.0,9,    52.24,2,    31.24,2,     1.91,2,   2224.5,2,   2323.2,2,  -999.00,9,  -1.5562
  35MF20030123,  SR03,    10,  1,     13,2,20030208,-66.0300, 138.3200,  738,    492.4,  -1.5940,  34.5250,2,-999.0000,9,    306.3,2,   -999.0,9,    51.45,2,    31.36,2,     1.90,2,   2224.3,2,   2322.4,2,  -999.00,9,  -1.6068
  35MF20030123,  SR03,    10,  1,     16,2,20030208,-66.0300, 138.3200,  738,    545.8,  -1.5810,  34.5340,2,  34.5360,2,    302.3,2,    301.7,2,    56.15,2,    31.52,2,     1.82,2,   2226.1,2,   2322.9,2,  -999.00,9,  -1.5955
  35MF20030123,  SR03,    10,  1,     15,2,20030208,-66.0300, 138.3200,  738,    699.0,  -1.4620,  34.5710,2,-999.0000,9,    294.2,2,   -999.0,9,  -999.00,9,  -999.00,9,  -999.00,9,   -999.0,9,   -999.0,9,  -999.00,9,  -1.4823
  35MF20030123,  SR03,    10,  1,     14,2,20030208,-66.0300, 138.3200,  738,    700.7,  -1.4660,  34.5710,2,-999.0000,9,    294.3,2,   -999.0,9,    58.02,2,    31.62,2,     1.95,2,   2227.0,2,   2324.1,2,  -999.00,9,  -1.4864
END_DATA
