,EXPOCODE,SECT_ID,STNNBR,CASTNO,BTLNBR,BTLNBR_FLAG_W,DATE,TIME,LATITUDE,LONGITUDE,DEPTH,CTDPRS,CTDTMP,SALNTY,SALNTY_FLAG_W,OXYGEN,OXYGEN_FLAG_W,SILCAT,SILCAT_FLAG_W,NO2+NO3,NO2+NO3_FLAG_W,PHSPHT,PHSPHT_FLAG_W,CFC-11,CFC-11_FLAG_W,CFC-12,CFC-12_FLAG_W,CFC113,CFC113_FLAG_W,CCL4,CCL4_FLAG_W,TCARBN,TCARBN_FLAG_W,ALKALI,ALKALI_FLAG_W,HELIUM,HELIUM_FLAG_W,DELHE3,DELHE3_FLAG_W,THETA
0,09FA20010524,P15S,2.0,1.0,24.0,2.0,20010527.0,102.0,-49.504,-170.0122,5356,2.7,9.88,-999,9.0,-999,9.0,1.57,3.0,11.19,3.0,0.79,3.0,3.204,4.0,2.009,3.0,0.798,4.0,4.527,2.0,2083.1,6.0,-999,9.0,-999,9.0,-999,9.0,-999
1,09FA20010524,P15S,2.0,1.0,23.0,2.0,20010527.0,102.0,-49.504,-170.0122,5356,47.4,9.85,34.382,2.0,271.2,2.0,1.44,2.0,11.34,2.0,0.85,2.0,3.64,2.0,2.679,4.0,0.766,4.0,4.537,2.0,2084.1,2.0,2285.9,6.0,-999,9.0,-999,9.0,9.8446
2,09FA20010524,P15S,2.0,1.0,22.0,2.0,20010527.0,102.0,-49.504,-170.0122,5356,98.7,9.73,34.368,2.0,271.2,2.0,1.52,2.0,11.8,2.0,0.88,2.0,3.598,2.0,2.04,2.0,0.745,4.0,-999,9.0,2084.6,2.0,2283.4,2.0,-999,9.0,-999,9.0,9.7189
3,09FA20010524,P15S,2.0,1.0,21.0,2.0,20010527.0,102.0,-49.504,-170.0122,5356,149.1,8.43,34.411,2.0,260,2.0,3.88,2.0,17.44,2.0,1.2,2.0,3.851,2.0,1.962,2.0,0.968,4.0,3.725,2.0,2116.9,2.0,2281.9,2.0,-999,9.0,-999,9.0,8.4146
4,09FA20010524,P15S,2.0,1.0,20.0,2.0,20010527.0,102.0,-49.504,-170.0122,5356,198.2,8.03,34.431,2.0,258.1,2.0,4.77,2.0,18.13,2.0,1.27,2.0,3.777,2.0,2.087,2.0,1.026,4.0,-999,9.0,2121.3,2.0,2284.6,2.0,-999,9.0,-999,9.0,8.0101
5,09FA20010524,P15S,2.0,1.0,19.0,2.0,20010527.0,102.0,-49.504,-170.0122,5356,248.7,7.64,34.388,2.0,263.6,2.0,5.24,2.0,18.81,2.0,1.31,2.0,3.937,6.0,2.174,6.0,1.07,4.0,-999,9.0,2122.6,2.0,-999,9.0,-999,9.0,-999,9.0,7.6156
6,09FA20010524,P15S,2.0,1.0,18.0,2.0,20010527.0,102.0,-49.504,-170.0122,5356,299.1,7.54,34.393,2.0,268.8,2.0,5.43,2.0,18.55,2.0,1.31,2.0,-999,9.0,-999,9.0,-999,9.0,-999,9.0,2120.9,2.0,2283.2,2.0,-999,9.0,-999,9.0,7.5108
7,09FA20010524,P15S,2.0,1.0,17.0,2.0,20010527.0,102.0,-49.504,-170.0122,5356,400,7.1,34.349,2.0,262.2,2.0,6.98,2.0,20.13,2.0,1.41,2.0,3.836,2.0,2.238,2.0,1.043,4.0,3.973,2.0,2129.1,2.0,2282.9,2.0,-999,9.0,-999,9.0,7.0621
8,09FA20010524,P15S,2.0,1.0,16.0,2.0,20010527.0,102.0,-49.504,-170.0122,5356,498.8,6.56,34.303,2.0,-999,9.0,9.1,2.0,21.95,2.0,1.48,2.0,3.764,2.0,2.326,2.0,1.028,4.0,-999,9.0,2135.5,2.0,2283,2.0,-999,9.0,-999,9.0,6.5145
9,09FA20010524,P15S,2.0,1.0,15.0,2.0,20010527.0,102.0,-49.504,-170.0122,5356,700.6,5.82,34.326,2.0,227.3,2.0,17.27,2.0,25.97,2.0,1.74,2.0,2.662,2.0,1.473,3.0,1.095,4.0,2.83,2.0,2161,2.0,2288,2.0,-999,9.0,-999,9.0,5.7589
10,09FA20010524,P15S,2.0,1.0,14.0,2.0,20010527.0,102.0,-49.504,-170.0122,5356,900.1,4.66,34.305,2.0,218.1,2.0,26.8,2.0,29.46,2.0,1.97,2.0,2.401,2.0,1.475,2.0,1.095,4.0,-999,9.0,2181.7,2.0,2295.1,2.0,-999,9.0,-999,9.0,4.5883
11,09FA20010524,P15S,2.0,1.0,13.0,2.0,20010527.0,102.0,-49.504,-170.0122,5356,1100.3,3.74,34.347,2.0,203.6,2.0,41.16,2.0,31.82,2.0,2.16,2.0,1.69,2.0,0.88,2.0,1.097,4.0,2.323,2.0,2205.6,2.0,2305.5,6.0,-999,9.0,-999,9.0,3.6584
12,09FA20010524,P15S,2.0,1.0,12.0,2.0,20010527.0,102.0,-49.504,-170.0122,5356,1299.5,3.19,34.423,2.0,188.3,2.0,56.27,2.0,33.57,2.0,2.29,2.0,1.013,2.0,0.661,2.0,0.944,4.0,-999,9.0,2229.6,6.0,2322.6,2.0,-999,9.0,-999,9.0,3.097
13,09FA20010524,P15S,2.0,1.0,11.0,2.0,20010527.0,102.0,-49.504,-170.0122,5356,1498.7,2.94,-999,9.0,-999,9.0,70.1,3.0,34.06,3.0,2.35,3.0,0.555,2.0,0.582,3.0,0.912,4.0,-999,9.0,2247.2,2.0,2336.4,2.0,-999,9.0,-999,9.0,-999
14,09FA20010524,P15S,2.0,1.0,10.0,2.0,20010527.0,102.0,-49.504,-170.0122,5356,1689.6,2.64,34.556,2.0,171.3,2.0,76.6,2.0,34.39,2.0,2.35,2.0,0.472,2.0,0.374,2.0,0.914,4.0,-999,9.0,2254.4,2.0,2343.8,2.0,-999,9.0,-999,9.0,2.5208
15,09FA20010524,P15S,2.0,1.0,9.0,2.0,20010527.0,102.0,-49.504,-170.0122,5356,1997.6,2.39,34.639,2.0,-999,9.0,84.77,2.0,33.63,2.0,2.32,2.0,0.187,2.0,0.099,2.0,0.991,4.0,0.355,2.0,2259.8,2.0,2349.9,2.0,-999,9.0,-999,9.0,2.2478
16,09FA20010524,P15S,2.0,1.0,8.0,2.0,20010527.0,102.0,-49.504,-170.0122,5356,2499.1,2.11,34.721,2.0,184.3,2.0,87.08,2.0,31.71,2.0,2.17,2.0,0.177,2.0,0.213,3.0,0.888,4.0,-999,9.0,2252.4,2.0,2351.5,2.0,-999,9.0,-999,9.0,1.9274
17,09FA20010524,P15S,2.0,1.0,7.0,2.0,20010527.0,102.0,-49.504,-170.0122,5356,2940.7,1.81,34.737,2.0,192.7,2.0,94.67,2.0,31.34,2.0,2.15,2.0,0.058,2.0,0.036,2.0,0.92,4.0,0.176,2.0,2254.1,2.0,2360.6,2.0,-999,9.0,-999,9.0,1.5918
18,09FA20010524,P15S,2.0,1.0,6.0,2.0,20010527.0,102.0,-49.504,-170.0122,5356,3190.1,1.63,34.734,2.0,198.1,2.0,100.7,2.0,31.36,2.0,2.18,2.0,0.058,2.0,0.048,2.0,0.934,4.0,-999,9.0,2255.5,2.0,2361.6,2.0,-999,9.0,-999,9.0,1.3915
19,09FA20010524,P15S,2.0,1.0,5.0,9.0,20010527.0,102.0,-49.504,-170.0122,5356,-999,-999,-999,9.0,-999,9.0,37.78,4.0,21.96,4.0,2.05,4.0,1.822,4.0,1.057,4.0,1.122,4.0,2.142,4.0,-999,9.0,-999,9.0,-999,9.0,-999,9.0,-999
20,09FA20010524,P15S,2.0,1.0,4.0,2.0,20010527.0,102.0,-49.504,-170.0122,5356,3998.4,1.08,34.709,2.0,204.7,2.0,116.38,2.0,31.99,2.0,2.21,2.0,0.071,2.0,0.061,2.0,0.814,4.0,-999,9.0,2261.2,2.0,2369.6,2.0,-999,9.0,-999,9.0,0.7729
21,09FA20010524,P15S,2.0,1.0,3.0,2.0,20010527.0,102.0,-49.504,-170.0122,5356,4500.4,0.96,34.707,2.0,207.3,2.0,121.28,2.0,32.17,2.0,2.24,2.0,0.081,2.0,0.032,2.0,0.887,4.0,0.259,2.0,2261.3,2.0,2369.8,2.0,-999,9.0,-999,9.0,0.6016
22,09FA20010524,P15S,2.0,1.0,2.0,2.0,20010527.0,102.0,-49.504,-170.0122,5356,5001.3,0.97,34.705,2.0,208,2.0,123.16,2.0,32.21,2.0,2.24,2.0,0.205,2.0,0.215,3.0,0.995,4.0,-999,9.0,2262.3,2.0,2365.5,6.0,-999,9.0,-999,9.0,0.5534
23,09FA20010524,P15S,2.0,1.0,1.0,2.0,20010527.0,102.0,-49.504,-170.0122,5356,5345.9,0.99,34.706,2.0,208.1,2.0,123.71,2.0,32.76,4.0,2.25,2.0,0.121,2.0,0.165,3.0,0.87,4.0,0.276,2.0,2262.4,6.0,2362.7,2.0,-999,9.0,-999,9.0,0.531
24,09FA20010524,P15S,3.0,1.0,24.0,2.0,20010527.0,803.0,-48.9922,-169.9897,5343,2,11.08,34.567,2.0,262.8,2.0,1.09,2.0,7.95,2.0,0.58,4.0,-999,9.0,-999,9.0,-999,9.0,-999,9.0,-999,9.0,2291.1,2.0,-999,9.0,-999,9.0,11.08
25,09FA20010524,P15S,3.0,1.0,23.0,2.0,20010527.0,803.0,-48.9922,-169.9897,5343,23,11.07,34.566,2.0,262.4,2.0,1.04,2.0,7.86,2.0,0.59,4.0,-999,9.0,-999,9.0,-999,9.0,-999,9.0,-999,9.0,-999,9.0,-999,9.0,-999,9.0,11.067
26,09FA20010524,P15S,3.0,1.0,22.0,2.0,20010527.0,803.0,-48.9922,-169.9897,5343,72.3,11.07,34.561,2.0,262.6,2.0,1,2.0,7.89,2.0,0.62,4.0,-999,9.0,-999,9.0,-999,9.0,-999,9.0,-999,9.0,-999,9.0,-999,9.0,-999,9.0,11.061
27,09FA20010524,P15S,3.0,1.0,21.0,2.0,20010527.0,803.0,-48.9922,-169.9897,5343,124.5,10.64,34.746,2.0,238.9,2.0,2.79,2.0,11.93,2.0,0.83,4.0,-999,9.0,-999,9.0,-999,9.0,-999,9.0,-999,9.0,-999,9.0,-999,9.0,-999,9.0,10.625
28,09FA20010524,P15S,3.0,1.0,20.0,2.0,20010527.0,803.0,-48.9922,-169.9897,5343,223.4,9.36,34.608,2.0,239.5,2.0,4.35,2.0,15.39,2.0,1.04,4.0,-999,9.0,-999,9.0,-999,9.0,-999,9.0,-999,9.0,-999,9.0,-999,9.0,-999,9.0,9.3352
29,09FA20010524,P15S,3.0,1.0,19.0,2.0,20010527.0,803.0,-48.9922,-169.9897,5343,273.4,8.85,34.554,2.0,237.9,2.0,4.88,2.0,17.1,2.0,1.14,4.0,-999,9.0,-999,9.0,-999,9.0,-999,9.0,-999,9.0,-999,9.0,-999,9.0,-999,9.0,8.8206
30,09FA20010524,P15S,3.0,1.0,18.0,2.0,20010527.0,803.0,-48.9922,-169.9897,5343,449.5,7.52,34.4,2.0,264.5,2.0,5.76,2.0,18.59,2.0,1.3,4.0,-999,9.0,-999,9.0,-999,9.0,-999,9.0,-999,9.0,-999,9.0,-999,9.0,-999,9.0,7.4758
31,09FA20010524,P15S,3.0,1.0,17.0,2.0,20010527.0,803.0,-48.9922,-169.9897,5343,548.9,7.12,34.379,2.0,249,2.0,8.26,2.0,21.02,2.0,1.36,4.0,-999,9.0,-999,9.0,-999,9.0,-999,9.0,-999,9.0,-999,9.0,-999,9.0,-999,9.0,7.0673
32,09FA20010524,P15S,3.0,1.0,16.0,2.0,20010527.0,803.0,-48.9922,-169.9897,5343,598.8,7.15,34.413,2.0,236.5,2.0,9.36,2.0,22,2.0,1.39,4.0,-999,9.0,-999,9.0,-999,9.0,-999,9.0,-999,9.0,-999,9.0,-999,9.0,-999,9.0,7.0922
33,09FA20010524,P15S,3.0,1.0,15.0,2.0,20010527.0,803.0,-48.9922,-169.9897,5343,798.9,6.28,34.377,2.0,220,2.0,16.44,2.0,25.38,2.0,1.63,4.0,-999,9.0,-999,9.0,-999,9.0,-999,9.0,-999,9.0,-999,9.0,-999,9.0,-999,9.0,6.207
34,09FA20010524,P15S,3.0,1.0,14.0,2.0,20010527.0,803.0,-48.9922,-169.9897,5343,997.7,5.08,34.342,2.0,212.1,2.0,26.13,2.0,28.58,2.0,1.86,4.0,-999,9.0,-999,9.0,-999,9.0,-999,9.0,-999,9.0,-999,9.0,-999,9.0,-999,9.0,4.9965
35,09FA20010524,P15S,3.0,1.0,13.0,2.0,20010527.0,803.0,-48.9922,-169.9897,5343,1199,4,34.369,2.0,196.9,2.0,41.76,2.0,31.33,2.0,2.05,4.0,-999,9.0,-999,9.0,-999,9.0,-999,9.0,-999,9.0,-999,9.0,-999,9.0,-999,9.0,3.9078
36,09FA20010524,P15S,3.0,1.0,12.0,2.0,20010527.0,803.0,-48.9922,-169.9897,5343,1397,3.2,34.416,2.0,188.3,2.0,55.83,2.0,33.31,2.0,2.18,4.0,-999,9.0,-999,9.0,-999,9.0,-999,9.0,-999,9.0,-999,9.0,-999,9.0,-999,9.0,3.0989
37,09FA20010524,P15S,3.0,1.0,11.0,2.0,20010527.0,803.0,-48.9922,-169.9897,5343,1559.5,3.17,34.516,2.0,173.4,2.0,73.96,4.0,33.73,4.0,2.24,4.0,-999,9.0,-999,9.0,-999,9.0,-999,9.0,-999,9.0,-999,9.0,-999,9.0,-999,9.0,3.0553
38,09FA20010524,P15S,3.0,1.0,10.0,2.0,20010527.0,803.0,-48.9922,-169.9897,5343,1808.3,2.63,34.567,2.0,167.8,2.0,78.32,2.0,34.1,2.0,2.23,4.0,-999,9.0,-999,9.0,-999,9.0,-999,9.0,-999,9.0,-999,9.0,-999,9.0,-999,9.0,2.5008
39,09FA20010524,P15S,3.0,1.0,9.0,2.0,20010527.0,803.0,-48.9922,-169.9897,5343,2247.5,2.29,34.68,2.0,178,2.0,84.43,2.0,32.87,2.0,2.12,4.0,-999,9.0,-999,9.0,-999,9.0,-999,9.0,-999,9.0,-999,9.0,-999,9.0,-999,9.0,2.1273
40,09FA20010524,P15S,3.0,1.0,8.0,2.0,20010527.0,803.0,-48.9922,-169.9897,5343,2806.2,1.93,34.735,2.0,190.6,2.0,92.21,2.0,31.38,2.0,2.04,4.0,-999,9.0,-999,9.0,-999,9.0,-999,9.0,-999,9.0,-999,9.0,-999,9.0,-999,9.0,1.7222
41,09FA20010524,P15S,3.0,1.0,7.0,2.0,20010527.0,803.0,-48.9922,-169.9897,5343,3057.7,1.75,34.734,2.0,194.5,2.0,97.38,2.0,31.3,2.0,2.02,4.0,0.06,2.0,0.012,2.0,0.94,4.0,-999,9.0,-999,9.0,-999,9.0,-999,9.0,-999,9.0,1.5218
42,09FA20010524,P15S,3.0,1.0,6.0,2.0,20010527.0,803.0,-48.9922,-169.9897,5343,3246.4,1.6,34.735,2.0,197.6,2.0,101.6,2.0,31.4,2.0,2.03,4.0,0.057,2.0,0.007,2.0,0.832,4.0,-999,9.0,-999,9.0,-999,9.0,-999,9.0,-999,9.0,1.3566
43,09FA20010524,P15S,3.0,1.0,5.0,2.0,20010527.0,803.0,-48.9922,-169.9897,5343,3747.1,1.25,34.723,2.0,201.8,2.0,110.85,2.0,31.82,2.0,2.08,4.0,0.049,2.0,0.031,2.0,0.845,4.0,-999,9.0,-999,9.0,-999,9.0,-999,9.0,-999,9.0,0.9646
44,09FA20010524,P15S,3.0,1.0,4.0,2.0,20010527.0,803.0,-48.9922,-169.9897,5343,4250.2,1.02,34.712,2.0,206.7,2.0,120.81,2.0,31.57,4.0,2.13,4.0,0.073,2.0,0.035,2.0,0.817,4.0,-999,9.0,-999,9.0,-999,9.0,-999,9.0,-999,9.0,0.6875
45,09FA20010524,P15S,3.0,1.0,3.0,2.0,20010527.0,803.0,-48.9922,-169.9897,5343,4649.3,0.95,34.707,2.0,208.5,2.0,120.79,4.0,32.32,4.0,2.08,4.0,0.1,2.0,0.032,3.0,0.825,4.0,-999,9.0,-999,9.0,-999,9.0,-999,9.0,-999,9.0,0.575
46,09FA20010524,P15S,3.0,1.0,2.0,9.0,20010527.0,803.0,-48.9922,-169.9897,5343,-999,-999,-999,9.0,-999,9.0,-999,9.0,-999,9.0,-999,9.0,-999,9.0,-999,9.0,-999,9.0,-999,9.0,-999,9.0,-999,9.0,-999,9.0,-999,9.0,-999
47,09FA20010524,P15S,3.0,1.0,1.0,2.0,20010527.0,803.0,-48.9922,-169.9897,5343,5333,0.99,34.703,2.0,209,2.0,125.86,2.0,32.5,4.0,2.23,4.0,0.214,2.0,0.167,2.0,0.859,4.0,-999,9.0,-999,9.0,-999,9.0,-999,9.0,-999,9.0,0.5326
48,09FA20010524,P15S,4.0,1.0,24.0,2.0,20010527.0,1442.0,-48.4987,-170.0033,5421,5.3,11.58,34.676,2.0,260.2,2.0,1.15,2.0,5.88,2.0,0.49,2.0,3.284,2.0,3.386,4.0,0.843,4.0,-999,9.0,2075,6.0,2293.3,2.0,-999,9.0,-999,9.0,11.579
49,09FA20010524,P15S,4.0,1.0,23.0,2.0,20010527.0,1442.0,-48.4987,-170.0033,5421,49.1,11.58,34.675,2.0,259.4,2.0,1.04,2.0,5.91,2.0,0.52,2.0,3.348,2.0,2.879,4.0,0.675,4.0,-999,9.0,2074.6,2.0,2292.5,6.0,-999,9.0,-999,9.0,11.574
50,09FA20010524,P15S,4.0,1.0,22.0,2.0,20010527.0,1442.0,-48.4987,-170.0033,5421,101.1,11.6,34.677,2.0,259,2.0,1.04,2.0,6.06,2.0,0.61,2.0,3.271,2.0,1.96,2.0,0.802,4.0,-999,9.0,2074.8,2.0,2291.8,2.0,-999,9.0,-999,9.0,11.587
51,09FA20010524,P15S,4.0,1.0,21.0,2.0,20010527.0,1442.0,-48.4987,-170.0033,5421,148.5,10.58,34.746,2.0,241.4,2.0,3.03,2.0,11.54,2.0,0.79,2.0,3.336,2.0,1.885,2.0,1.258,4.0,-999,9.0,2108.9,2.0,2292.4,2.0,-999,9.0,-999,9.0,10.562
52,09FA20010524,P15S,4.0,1.0,20.0,9.0,20010527.0,1442.0,-48.4987,-170.0033,5421,-999,-999,-999,9.0,-999,9.0,-999,9.0,-999,9.0,-999,9.0,3.551,3.0,2.144,4.0,1.246,4.0,-999,9.0,-999,9.0,-999,9.0,-999,9.0,-999,9.0,-999
53,09FA20010524,P15S,4.0,1.0,19.0,2.0,20010527.0,1442.0,-48.4987,-170.0033,5421,244.4,8.36,34.455,2.0,-999,9.0,4.5,2.0,17.42,2.0,1.12,2.0,-999,9.0,-999,9.0,-999,9.0,-999,9.0,2120.6,2.0,2284.8,2.0,-999,9.0,-999,9.0,8.3347
54,09FA20010524,P15S,4.0,1.0,18.0,2.0,20010527.0,1442.0,-48.4987,-170.0033,5421,297.3,7.89,34.412,2.0,259.2,2.0,4.88,2.0,18.13,2.0,1.2,2.0,3.838,2.0,2.048,2.0,1.152,4.0,-999,9.0,2123.2,2.0,2280.6,2.0,-999,9.0,-999,9.0,7.8602
55,09FA20010524,P15S,4.0,1.0,17.0,2.0,20010527.0,1442.0,-48.4987,-170.0033,5421,398.5,7.59,34.404,2.0,264.2,2.0,5.43,2.0,18.51,2.0,1.2,2.0,3.811,6.0,2.121,6.0,1.003,4.0,-999,9.0,2122.7,2.0,2282.8,2.0,-999,9.0,-999,9.0,7.5507
56,09FA20010524,P15S,4.0,1.0,16.0,2.0,20010527.0,1442.0,-48.4987,-170.0033,5421,498.7,7.25,34.366,2.0,266.5,2.0,6.17,2.0,19.22,2.0,1.27,2.0,3.867,2.0,2.33,2.0,1.051,4.0,-999,9.0,2124.3,2.0,2281.9,2.0,-999,9.0,-999,9.0,7.2018
57,09FA20010524,P15S,4.0,1.0,15.0,2.0,20010527.0,1442.0,-48.4987,-170.0033,5421,698.8,6.76,34.381,2.0,234.1,2.0,11.36,2.0,23,2.0,1.52,2.0,2.734,2.0,1.425,2.0,1.203,4.0,-999,9.0,2146.2,2.0,2286.6,2.0,-999,9.0,-999,9.0,6.6941
58,09FA20010524,P15S,4.0,1.0,14.0,2.0,20010527.0,1442.0,-48.4987,-170.0033,5421,898.5,5.87,34.356,2.0,217.1,2.0,18.63,2.0,26.46,2.0,1.78,2.0,1.911,2.0,1.136,2.0,1.101,4.0,-999,9.0,2166.4,2.0,2286.7,2.0,-999,9.0,-999,9.0,5.7901
59,09FA20010524,P15S,4.0,1.0,13.0,2.0,20010527.0,1442.0,-48.4987,-170.0033,5421,1098.7,4.8,34.371,2.0,200,2.0,33.1,2.0,29.82,2.0,2.03,2.0,1.172,2.0,0.684,2.0,1.212,4.0,-999,9.0,2192.8,2.0,2302.1,6.0,-999,9.0,-999,9.0,4.7096
60,09FA20010524,P15S,4.0,1.0,12.0,2.0,20010527.0,1442.0,-48.4987,-170.0033,5421,1298.3,3.71,34.379,2.0,195.1,2.0,46.22,2.0,32.18,2.0,2.14,2.0,1.076,2.0,0.548,2.0,0.93,4.0,-999,9.0,2214.7,6.0,2311.9,2.0,-999,9.0,-999,9.0,3.612
61,09FA20010524,P15S,4.0,1.0,11.0,2.0,20010527.0,1442.0,-48.4987,-170.0033,5421,1498.3,3.18,34.447,2.0,181.6,2.0,60.31,2.0,33.39,2.0,2.24,2.0,0.68,2.0,0.461,2.0,0.871,4.0,-999,9.0,2235.5,2.0,2328.4,2.0,-999,9.0,-999,9.0,3.0705
62,09FA20010524,P15S,4.0,1.0,10.0,2.0,20010527.0,1442.0,-48.4987,-170.0033,5421,1687.8,2.91,34.523,2.0,169.1,2.0,74.03,2.0,33.9,2.0,2.35,2.0,0.256,2.0,0.154,2.0,0.792,4.0,-999,9.0,2252.7,2.0,2340,2.0,-999,9.0,-999,9.0,2.7875
63,09FA20010524,P15S,4.0,1.0,9.0,2.0,20010527.0,1442.0,-48.4987,-170.0033,5421,1998.1,2.51,34.607,2.0,167.5,2.0,84.88,2.0,33.87,2.0,2.34,2.0,0.203,3.0,0.068,3.0,0.903,4.0,-999,9.0,2263,2.0,2352.1,2.0,-999,9.0,-999,9.0,2.3661
64,09FA20010524,P15S,4.0,1.0,8.0,2.0,20010527.0,1442.0,-48.4987,-170.0033,5421,2497.7,2.17,34.699,2.0,179,2.0,89.27,2.0,32.2,2.0,2.21,2.0,0.104,3.0,0.032,3.0,0.785,4.0,-999,9.0,2258.9,2.0,2352.6,2.0,-999,9.0,-999,9.0,1.9865
65,09FA20010524,P15S,4.0,1.0,7.0,2.0,20010527.0,1442.0,-48.4987,-170.0033,5421,2940.9,1.87,34.735,2.0,192.5,2.0,93.44,2.0,31.14,2.0,2.14,2.0,0.067,2.0,0.022,2.0,0.9,4.0,-999,9.0,2253.8,2.0,2354.5,2.0,-999,9.0,-999,9.0,1.6505
66,09FA20010524,P15S,4.0,1.0,6.0,2.0,20010527.0,1442.0,-48.4987,-170.0033,5421,3187.5,1.66,34.735,2.0,196.4,2.0,99.35,2.0,31.18,2.0,2.16,2.0,0.066,2.0,0.009,2.0,0.804,4.0,-999,9.0,2254.1,2.0,2357.9,2.0,-999,9.0,-999,9.0,1.421
67,09FA20010524,P15S,4.0,1.0,5.0,2.0,20010527.0,1442.0,-48.4987,-170.0033,5421,3497.7,1.42,34.729,2.0,199.9,2.0,106.44,2.0,31.41,2.0,2.18,2.0,0.046,2.0,0.01,2.0,0.876,4.0,-999,9.0,2258.2,2.0,2359.7,2.0,-999,9.0,-999,9.0,1.1558
68,09FA20010524,P15S,4.0,1.0,4.0,2.0,20010527.0,1442.0,-48.4987,-170.0033,5421,3996.5,1.13,34.716,2.0,204.4,2.0,116.19,2.0,31.81,2.0,2.22,2.0,0.064,2.0,0.024,2.0,0.794,4.0,-999,9.0,2260.8,2.0,2361.8,2.0,-999,9.0,-999,9.0,0.8217
69,09FA20010524,P15S,4.0,1.0,3.0,2.0,20010527.0,1442.0,-48.4987,-170.0033,5421,4497.2,0.97,34.709,2.0,207.4,2.0,122.05,2.0,32.05,2.0,2.23,2.0,0.085,2.0,0.012,2.0,0.857,4.0,-999,9.0,2262.3,2.0,2363.3,2.0,-999,9.0,-999,9.0,0.6116
70,09FA20010524,P15S,4.0,1.0,2.0,2.0,20010527.0,1442.0,-48.4987,-170.0033,5421,4997.7,0.97,34.704,2.0,208.3,2.0,123,2.0,32.17,2.0,2.19,4.0,0.097,3.0,0.027,3.0,0.882,4.0,-999,9.0,2261.6,2.0,2364.7,6.0,-999,9.0,-999,9.0,0.5538
71,09FA20010524,P15S,4.0,1.0,1.0,2.0,20010527.0,1442.0,-48.4987,-170.0033,5421,5411.3,1.01,34.705,2.0,208.4,2.0,123.64,2.0,31.81,4.0,2.19,2.0,0.143,2.0,0.125,3.0,0.849,4.0,-999,9.0,2263.5,6.0,2365.5,2.0,-999,9.0,-999,9.0,0.5422
72,09FA20010524,P15S,5.0,1.0,24.0,2.0,20010527.0,2204.0,-47.9975,-170.003,5415,2.1,10.72,34.46,2.0,266.7,2.0,1.23,2.0,9.18,2.0,0.78,2.0,3.434,2.0,2.137,4.0,0.75,4.0,-999,9.0,2076.6,6.0,2286.9,6.0,-999,9.0,-999,9.0,10.72
73,09FA20010524,P15S,5.0,1.0,23.0,2.0,20010527.0,2204.0,-47.9975,-170.003,5415,23.6,10.69,34.456,2.0,266.1,2.0,1.18,2.0,9.16,2.0,0.76,2.0,-999,9.0,-999,9.0,-999,9.0,-999,9.0,-999,9.0,-999,9.0,-999,9.0,-999,9.0,10.687
74,09FA20010524,P15S,5.0,1.0,22.0,2.0,20010527.0,2204.0,-47.9975,-170.003,5415,72.2,10.69,34.456,2.0,266.1,2.0,1.11,2.0,9.13,2.0,0.74,2.0,3.431,2.0,2.012,2.0,0.796,4.0,-999,9.0,-999,9.0,-999,9.0,-999,9.0,-999,9.0,10.681
75,09FA20010524,P15S,5.0,1.0,21.0,2.0,20010527.0,2204.0,-47.9975,-170.003,5415,123.5,10.12,34.576,2.0,249.5,2.0,2.53,2.0,13.2,2.0,0.94,2.0,-999,9.0,-999,9.0,-999,9.0,-999,9.0,-999,9.0,-999,9.0,-999,9.0,-999,9.0,10.106
76,09FA20010524,P15S,5.0,1.0,20.0,2.0,20010527.0,2204.0,-47.9975,-170.003,5415,174.1,9.37,34.584,2.0,244.7,2.0,3.82,2.0,15.36,2.0,1.05,2.0,3.517,2.0,1.978,2.0,1.235,4.0,-999,9.0,-999,9.0,-999,9.0,-999,9.0,-999,9.0,9.3507
77,09FA20010524,P15S,5.0,1.0,19.0,2.0,20010527.0,2204.0,-47.9975,-170.003,5415,222.9,8.71,34.518,2.0,245.8,2.0,4.65,2.0,17.16,2.0,1.16,2.0,-999,9.0,-999,9.0,-999,9.0,-999,9.0,-999,9.0,-999,9.0,-999,9.0,-999,9.0,8.6864
78,09FA20010524,P15S,5.0,1.0,18.0,2.0,20010527.0,2204.0,-47.9975,-170.003,5415,272.9,8.46,34.506,2.0,241.1,2.0,5.4,2.0,18.14,2.0,1.23,2.0,3.452,2.0,1.928,2.0,1.204,4.0,-999,9.0,-999,9.0,-999,9.0,-999,9.0,-999,9.0,8.4315
79,09FA20010524,P15S,5.0,1.0,17.0,2.0,20010527.0,2204.0,-47.9975,-170.003,5415,450.4,7.36,34.38,2.0,264.6,2.0,6.19,2.0,19.06,2.0,1.3,2.0,-999,9.0,-999,9.0,-999,9.0,-999,9.0,-999,9.0,-999,9.0,-999,9.0,-999,9.0,7.3162
80,09FA20010524,P15S,5.0,1.0,16.0,2.0,20010527.0,2204.0,-47.9975,-170.003,5415,551.9,6.99,34.353,2.0,256.9,2.0,8.16,2.0,20.8,2.0,1.41,2.0,3.677,2.0,2.097,2.0,1.151,4.0,-999,9.0,-999,9.0,-999,9.0,-999,9.0,-999,9.0,6.9376
81,09FA20010524,P15S,5.0,1.0,15.0,2.0,20010527.0,2204.0,-47.9975,-170.003,5415,600.6,6.99,34.396,2.0,239,2.0,9.81,2.0,21.92,2.0,1.48,2.0,-999,9.0,-999,9.0,-999,9.0,-999,9.0,-999,9.0,-999,9.0,-999,9.0,-999,9.0,6.9327
82,09FA20010524,P15S,5.0,1.0,14.0,2.0,20010527.0,2204.0,-47.9975,-170.003,5415,802.6,6.05,-999,9.0,-999,9.0,16.26,3.0,25.5,3.0,1.72,3.0,2.635,2.0,1.32,2.0,1.253,4.0,-999,9.0,-999,9.0,-999,9.0,-999,9.0,-999,9.0,-999
83,09FA20010524,P15S,5.0,1.0,13.0,2.0,20010527.0,2204.0,-47.9975,-170.003,5415,1000.2,5.03,34.339,2.0,211.4,2.0,27.11,2.0,28.76,2.0,1.94,2.0,-999,9.0,-999,9.0,-999,9.0,-999,9.0,-999,9.0,-999,9.0,-999,9.0,-999,9.0,4.9467
84,09FA20010524,P15S,5.0,1.0,12.0,2.0,20010527.0,2204.0,-47.9975,-170.003,5415,1199.6,3.87,34.354,2.0,201.6,2.0,42.14,2.0,31.43,2.0,2.14,2.0,-999,9.0,-999,9.0,-999,9.0,-999,9.0,-999,9.0,-999,9.0,-999,9.0,-999,9.0,3.7789
85,09FA20010524,P15S,5.0,1.0,11.0,2.0,20010527.0,2204.0,-47.9975,-170.003,5415,1399.2,3.31,-999,9.0,-999,9.0,58.39,3.0,33.24,3.0,2.26,3.0,-999,9.0,-999,9.0,-999,9.0,-999,9.0,-999,9.0,-999,9.0,-999,9.0,-999,9.0,-999
86,09FA20010524,P15S,5.0,1.0,10.0,2.0,20010527.0,2204.0,-47.9975,-170.003,5415,1572.4,2.95,34.5,2.0,174.3,2.0,70.37,2.0,33.98,2.0,2.33,2.0,-999,9.0,-999,9.0,-999,9.0,-999,9.0,-999,9.0,-999,9.0,-999,9.0,-999,9.0,2.8369
87,09FA20010524,P15S,5.0,1.0,9.0,2.0,20010527.0,2204.0,-47.9975,-170.003,5415,1852.6,2.63,34.585,2.0,163.1,2.0,88.18,4.0,34.27,2.0,2.36,2.0,-999,9.0,-999,9.0,-999,9.0,-999,9.0,-999,9.0,-999,9.0,-999,9.0,-999,9.0,2.497
88,09FA20010524,P15S,5.0,1.0,8.0,2.0,20010527.0,2204.0,-47.9975,-170.003,5415,2311.4,2.3,34.678,2.0,176.9,2.0,85.34,2.0,32.67,2.0,2.22,2.0,-999,9.0,-999,9.0,-999,9.0,-999,9.0,-999,9.0,-999,9.0,-999,9.0,-999,9.0,2.1313
89,09FA20010524,P15S,5.0,1.0,7.0,2.0,20010527.0,2204.0,-47.9975,-170.003,5415,2748.6,1.99,34.73,2.0,188.9,2.0,93.78,2.0,31.5,2.0,2.15,2.0,-999,9.0,-999,9.0,-999,9.0,-999,9.0,-999,9.0,-999,9.0,-999,9.0,-999,9.0,1.7864
90,09FA20010524,P15S,5.0,1.0,6.0,2.0,20010527.0,2204.0,-47.9975,-170.003,5415,3071.4,1.74,34.737,2.0,194.9,2.0,98.03,2.0,31.31,2.0,2.12,2.0,-999,9.0,-999,9.0,-999,9.0,-999,9.0,-999,9.0,-999,9.0,-999,9.0,-999,9.0,1.5106
91,09FA20010524,P15S,5.0,1.0,5.0,2.0,20010527.0,2204.0,-47.9975,-170.003,5415,3749.8,1.28,34.723,2.0,202.6,2.0,111.76,2.0,31.58,2.0,2.17,2.0,-999,9.0,-999,9.0,-999,9.0,-999,9.0,-999,9.0,-999,9.0,-999,9.0,-999,9.0,0.9935
92,09FA20010524,P15S,5.0,1.0,4.0,2.0,20010527.0,2204.0,-47.9975,-170.003,5415,4248.1,1.06,34.712,2.0,206.3,2.0,119.18,2.0,31.99,2.0,2.21,2.0,-999,9.0,-999,9.0,-999,9.0,-999,9.0,-999,9.0,-999,9.0,-999,9.0,-999,9.0,0.7265
93,09FA20010524,P15S,5.0,1.0,3.0,2.0,20010527.0,2204.0,-47.9975,-170.003,5415,4745.6,0.98,34.708,2.0,207.2,2.0,122.04,2.0,32.13,2.0,2.19,2.0,-999,9.0,-999,9.0,-999,9.0,-999,9.0,-999,9.0,-999,9.0,-999,9.0,-999,9.0,0.593
94,09FA20010524,P15S,5.0,1.0,2.0,2.0,20010527.0,2204.0,-47.9975,-170.003,5415,5246,0.99,34.705,2.0,208.4,2.0,124.02,2.0,32.18,2.0,2.19,2.0,-999,9.0,-999,9.0,-999,9.0,-999,9.0,-999,9.0,-999,9.0,-999,9.0,-999,9.0,0.5432
95,09FA20010524,P15S,5.0,1.0,1.0,2.0,20010527.0,2204.0,-47.9975,-170.003,5415,5405.1,1.01,34.706,2.0,208.7,2.0,124.99,2.0,32.33,4.0,2.21,2.0,-999,9.0,-999,9.0,-999,9.0,-999,9.0,-999,9.0,-999,9.0,-999,9.0,-999,9.0,0.5429
96,09FA20010524,P15S,6.0,1.0,24.0,2.0,20010528.0,509.0,-47.5045,-169.9992,5420,3,10.39,34.409,2.0,268.2,2.0,1.25,2.0,9.7,2.0,0.8,2.0,3.638,2.0,2.976,4.0,0.774,4.0,-999,9.0,2078,6.0,2284.4,2.0,-999,9.0,-999,9.0,10.39
97,09FA20010524,P15S,6.0,1.0,23.0,2.0,20010528.0,509.0,-47.5045,-169.9992,5420,47.3,10.4,34.408,2.0,267.9,2.0,1.27,2.0,9.7,2.0,0.81,2.0,3.47,2.0,2.958,4.0,0.776,4.0,-999,9.0,2077.4,2.0,2285.1,6.0,-999,9.0,-999,9.0,10.395
98,09FA20010524,P15S,6.0,1.0,22.0,2.0,20010528.0,509.0,-47.5045,-169.9992,5420,97.3,10.37,34.413,2.0,266.5,2.0,1.35,2.0,10.36,2.0,0.79,2.0,3.553,2.0,2.098,2.0,0.752,4.0,-999,9.0,2082.1,2.0,2286.1,2.0,-999,9.0,-999,9.0,10.359
99,09FA20010524,P15S,6.0,1.0,21.0,2.0,20010528.0,509.0,-47.5045,-169.9992,5420,147.2,8.1,34.384,2.0,261.7,2.0,4.19,2.0,17.87,2.0,1.19,2.0,3.944,2.0,2.234,2.0,1.129,4.0,-999,9.0,2118,2.0,2279.8,2.0,-999,9.0,-999,9.0,8.0852
100,09FA20010524,P15S,6.0,1.0,20.0,2.0,20010528.0,509.0,-47.5045,-169.9992,5420,197.8,7.67,34.381,2.0,261.4,2.0,5.34,2.0,18.76,2.0,1.26,2.0,3.906,2.0,2.154,2.0,1.087,4.0,-999,9.0,2122.5,2.0,2280.7,2.0,-999,9.0,-999,9.0,7.6506
101,09FA20010524,P15S,6.0,1.0,19.0,9.0,20010528.0,509.0,-47.5045,-169.9992,5420,-999,-999,-999,9.0,-999,9.0,-999,9.0,-999,9.0,-999,9.0,-999,9.0,-999,9.0,-999,9.0,-999,9.0,-999,9.0,-999,9.0,-999,9.0,-999,9.0,-999
102,09FA20010524,P15S,6.0,1.0,18.0,2.0,20010528.0,509.0,-47.5045,-169.9992,5420,298.3,7.22,34.354,2.0,267,2.0,6.21,2.0,19.25,2.0,1.25,2.0,3.995,2.0,2.14,2.0,1.045,4.0,-999,9.0,2122.9,2.0,2281.7,2.0,-999,9.0,-999,9.0,7.1917
103,09FA20010524,P15S,6.0,1.0,17.0,2.0,20010528.0,509.0,-47.5045,-169.9992,5420,399,6.75,34.318,2.0,259.4,2.0,8.28,2.0,21.08,2.0,1.4,2.0,3.821,2.0,2.087,2.0,1.109,4.0,-999,9.0,2131.6,2.0,2285.1,2.0,-999,9.0,-999,9.0,6.7133
104,09FA20010524,P15S,6.0,1.0,16.0,2.0,20010528.0,509.0,-47.5045,-169.9992,5420,500.2,6.3,34.3,2.0,251.5,2.0,10.91,2.0,22.86,2.0,1.52,2.0,3.532,2.0,2.068,2.0,1.146,4.0,-999,9.0,2140.7,2.0,2282.4,2.0,-999,9.0,-999,9.0,6.2553
105,09FA20010524,P15S,6.0,1.0,15.0,2.0,20010528.0,509.0,-47.5045,-169.9992,5420,699.4,5.48,34.308,2.0,226.4,2.0,19.27,2.0,26.55,2.0,1.79,2.0,2.773,2.0,1.392,2.0,1.133,4.0,-999,9.0,2164.5,2.0,2287.4,2.0,-999,9.0,-999,9.0,5.4209
106,09FA20010524,P15S,6.0,1.0,14.0,2.0,20010528.0,509.0,-47.5045,-169.9992,5420,898.2,4.53,34.34,2.0,208.4,2.0,32.96,2.0,29.95,2.0,2.01,2.0,1.697,2.0,0.989,2.0,1.163,4.0,-999,9.0,2190.2,2.0,2298.2,6.0,-999,9.0,-999,9.0,4.4593
107,09FA20010524,P15S,6.0,1.0,13.0,2.0,20010528.0,509.0,-47.5045,-169.9992,5420,1098.9,3.52,34.365,2.0,199.5,2.0,45.14,2.0,32.09,2.0,2.13,2.0,1.447,6.0,0.775,6.0,1.031,4.0,-999,9.0,2212.9,2.0,2309,2.0,-999,9.0,-999,9.0,3.4404
108,09FA20010524,P15S,6.0,1.0,12.0,2.0,20010528.0,509.0,-47.5045,-169.9992,5420,1298.3,3.06,34.427,2.0,187.6,2.0,57.64,2.0,33.31,2.0,2.24,2.0,0.999,2.0,0.502,2.0,1.018,4.0,-999,9.0,2231,6.0,2318.9,2.0,-999,9.0,-999,9.0,2.9684
109,09FA20010524,P15S,6.0,1.0,11.0,2.0,20010528.0,509.0,-47.5045,-169.9992,5420,1499,2.74,34.508,2.0,176.7,2.0,69.69,2.0,33.87,2.0,2.31,2.0,0.61,2.0,0.395,2.0,0.961,4.0,-999,9.0,2246.2,2.0,2333.6,2.0,-999,9.0,-999,9.0,2.6354
110,09FA20010524,P15S,6.0,1.0,10.0,2.0,20010528.0,509.0,-47.5045,-169.9992,5420,1687,2.56,34.568,2.0,173.3,2.0,73.92,2.0,33.69,2.0,2.27,2.0,0.394,2.0,0.231,2.0,0.874,4.0,-999,9.0,2252.9,2.0,2338.6,2.0,-999,9.0,-999,9.0,2.442
111,09FA20010524,P15S,6.0,1.0,9.0,2.0,20010528.0,509.0,-47.5045,-169.9992,5420,1997.8,2.37,34.65,2.0,174,2.0,81.75,2.0,32.91,2.0,2.23,2.0,0.185,2.0,0.057,2.0,0.981,4.0,-999,9.0,2256.1,2.0,2350.2,2.0,-999,9.0,-999,9.0,2.2281
112,09FA20010524,P15S,6.0,1.0,8.0,2.0,20010528.0,509.0,-47.5045,-169.9992,5420,2498,2.09,34.723,2.0,186,2.0,85.4,2.0,31.27,2.0,2.11,2.0,0.106,2.0,0.021,2.0,0.922,4.0,-999,9.0,2251.9,2.0,2351.2,2.0,-999,9.0,-999,9.0,1.9079
113,09FA20010524,P15S,6.0,1.0,7.0,2.0,20010528.0,509.0,-47.5045,-169.9992,5420,2937,1.74,34.736,2.0,194.8,2.0,96.05,2.0,31.09,2.0,2.1,2.0,0.059,2.0,0.011,2.0,0.956,4.0,-999,9.0,2252.7,2.0,2357.5,2.0,-999,9.0,-999,9.0,1.5236
114,09FA20010524,P15S,6.0,1.0,6.0,2.0,20010528.0,509.0,-47.5045,-169.9992,5420,3184.4,1.56,34.735,2.0,198.1,2.0,102.48,2.0,31.14,2.0,2.09,2.0,0.032,3.0,0.014,2.0,0.473,4.0,-999,9.0,2255.2,2.0,2358.2,2.0,-999,9.0,-999,9.0,1.3237
115,09FA20010524,P15S,6.0,1.0,5.0,2.0,20010528.0,509.0,-47.5045,-169.9992,5420,3496.9,1.33,34.726,2.0,201.2,2.0,109.13,2.0,31.37,2.0,2.11,2.0,0.058,2.0,0.023,2.0,0.945,4.0,-999,9.0,2257.9,2.0,2361.2,2.0,-999,9.0,-999,9.0,1.0681
116,09FA20010524,P15S,6.0,1.0,4.0,2.0,20010528.0,509.0,-47.5045,-169.9992,5420,3998.5,1.07,34.713,2.0,206.1,2.0,117.41,2.0,31.73,2.0,2.15,2.0,0.07,2.0,0.029,2.0,0.901,4.0,-999,9.0,2259,2.0,2361.4,2.0,-999,9.0,-999,9.0,0.7632
117,09FA20010524,P15S,6.0,1.0,3.0,2.0,20010528.0,509.0,-47.5045,-169.9992,5420,4502.9,0.95,34.708,2.0,207.5,2.0,121.23,2.0,31.97,2.0,2.17,2.0,0.084,2.0,0.02,2.0,0.968,4.0,-999,9.0,2260.9,2.0,2363.5,2.0,-999,9.0,-999,9.0,0.5916
118,09FA20010524,P15S,6.0,1.0,2.0,2.0,20010528.0,509.0,-47.5045,-169.9992,5420,4998.7,0.96,34.707,2.0,208.1,2.0,123.25,2.0,32.03,2.0,2.16,4.0,0.104,2.0,0.043,2.0,0.987,4.0,-999,9.0,2262.3,2.0,2364.3,6.0,-999,9.0,-999,9.0,0.544
119,09FA20010524,P15S,6.0,1.0,1.0,2.0,20010528.0,509.0,-47.5045,-169.9992,5420,5409.7,1,34.706,2.0,209.1,2.0,123.66,2.0,32.14,4.0,2.18,2.0,0.121,2.0,0.115,3.0,0.928,4.0,-999,9.0,2261.2,6.0,2365.7,2.0,-999,9.0,-999,9.0,0.5327
120,09FA20010524,P15S,7.0,1.0,24.0,2.0,20010528.0,1215.0,-47.107,-170.4608,5496,2.9,11,34.544,2.0,264,2.0,1.1,2.0,7.37,2.0,0.61,2.0,-999,9.0,-999,9.0,-999,9.0,-999,9.0,2072.8,2.0,2291.8,2.0,-999,9.0,-999,9.0,11
121,09FA20010524,P15S,7.0,1.0,23.0,2.0,20010528.0,1215.0,-47.107,-170.4608,5496,24.7,11.01,34.546,2.0,263.8,2.0,1.07,2.0,7.36,2.0,0.64,2.0,-999,9.0,-999,9.0,-999,9.0,-999,9.0,-999,9.0,-999,9.0,-999,9.0,-999,9.0,11.007
122,09FA20010524,P15S,7.0,1.0,22.0,2.0,20010528.0,1215.0,-47.107,-170.4608,5496,73.1,11.07,34.568,2.0,263.2,2.0,1.07,2.0,7.19,2.0,0.63,2.0,-999,9.0,-999,9.0,-999,9.0,-999,9.0,-999,9.0,-999,9.0,-999,9.0,-999,9.0,11.061
123,09FA20010524,P15S,7.0,1.0,21.0,2.0,20010528.0,1215.0,-47.107,-170.4608,5496,124.5,10.63,34.533,2.0,277.7,2.0,1.56,2.0,10.03,2.0,0.83,2.0,-999,9.0,-999,9.0,-999,9.0,-999,9.0,-999,9.0,-999,9.0,-999,9.0,-999,9.0,10.615
124,09FA20010524,P15S,7.0,1.0,20.0,9.0,20010528.0,1215.0,-47.107,-170.4608,5496,-999,-999,-999,9.0,-999,9.0,-999,9.0,-999,9.0,-999,9.0,-999,9.0,-999,9.0,-999,9.0,-999,9.0,-999,9.0,-999,9.0,-999,9.0,-999,9.0,-999
125,09FA20010524,P15S,7.0,1.0,19.0,2.0,20010528.0,1215.0,-47.107,-170.4608,5496,222.6,8.99,34.539,2.0,245.2,2.0,4.31,2.0,16.21,2.0,1.08,2.0,-999,9.0,-999,9.0,-999,9.0,-999,9.0,-999,9.0,-999,9.0,-999,9.0,-999,9.0,8.9659
126,09FA20010524,P15S,7.0,1.0,18.0,2.0,20010528.0,1215.0,-47.107,-170.4608,5496,272.6,8.43,-999,9.0,-999,9.0,5.28,3.0,17.83,3.0,1.21,3.0,-999,9.0,-999,9.0,-999,9.0,-999,9.0,-999,9.0,-999,9.0,-999,9.0,-999,9.0,-999
127,09FA20010524,P15S,7.0,1.0,17.0,2.0,20010528.0,1215.0,-47.107,-170.4608,5496,449.5,7.64,34.431,2.0,266.7,2.0,6.78,2.0,19.58,2.0,1.34,2.0,-999,9.0,-999,9.0,-999,9.0,-999,9.0,-999,9.0,-999,9.0,-999,9.0,-999,9.0,7.5953
128,09FA20010524,P15S,7.0,1.0,16.0,2.0,20010528.0,1215.0,-47.107,-170.4608,5496,548.1,6.93,34.344,2.0,256.7,2.0,8.35,2.0,20.78,2.0,1.4,2.0,3.693,2.0,2.064,2.0,1.074,4.0,-999,9.0,-999,9.0,-999,9.0,-999,9.0,-999,9.0,6.8782
129,09FA20010524,P15S,7.0,1.0,15.0,2.0,20010528.0,1215.0,-47.107,-170.4608,5496,598.8,6.65,34.32,2.0,255,2.0,9.19,2.0,21.78,2.0,1.45,2.0,-999,9.0,-999,9.0,-999,9.0,-999,9.0,-999,9.0,-999,9.0,-999,9.0,-999,9.0,6.5945
130,09FA20010524,P15S,7.0,1.0,14.0,2.0,20010528.0,1215.0,-47.107,-170.4608,5496,799.8,5.87,34.328,2.0,-999,9.0,17.49,2.0,25.72,2.0,1.73,2.0,2.818,2.0,1.448,2.0,1.073,4.0,-999,9.0,-999,9.0,-999,9.0,-999,9.0,-999,9.0,5.7995
131,09FA20010524,P15S,7.0,1.0,13.0,2.0,20010528.0,1215.0,-47.107,-170.4608,5496,1001.2,4.92,34.358,2.0,-999,9.0,30.47,2.0,29.42,2.0,1.97,2.0,-999,9.0,-999,9.0,-999,9.0,-999,9.0,-999,9.0,-999,9.0,-999,9.0,-999,9.0,4.8374
132,09FA20010524,P15S,7.0,1.0,12.0,2.0,20010528.0,1215.0,-47.107,-170.4608,5496,1200.8,3.73,34.357,2.0,200.7,2.0,43.79,2.0,31.96,2.0,2.15,2.0,1.459,2.0,0.707,2.0,1.055,4.0,-999,9.0,-999,9.0,-999,9.0,-999,9.0,-999,9.0,3.6401
133,09FA20010524,P15S,7.0,1.0,11.0,2.0,20010528.0,1215.0,-47.107,-170.4608,5496,1399.1,3.21,34.428,2.0,189.6,2.0,57.42,2.0,33.28,2.0,2.24,2.0,-999,9.0,-999,9.0,-999,9.0,-999,9.0,-999,9.0,-999,9.0,-999,9.0,-999,9.0,3.1086
134,09FA20010524,P15S,7.0,1.0,10.0,2.0,20010528.0,1215.0,-47.107,-170.4608,5496,1650.3,2.72,34.521,2.0,175,2.0,70.55,2.0,33.99,2.0,2.28,2.0,0.528,2.0,0.25,2.0,0.942,4.0,-999,9.0,-999,9.0,-999,9.0,-999,9.0,-999,9.0,2.6031
135,09FA20010524,P15S,7.0,1.0,9.0,2.0,20010528.0,1215.0,-47.107,-170.4608,5496,1816.2,2.58,34.576,2.0,170.2,2.0,77.81,2.0,33.85,2.0,2.29,2.0,-999,9.0,-999,9.0,-999,9.0,-999,9.0,-999,9.0,-999,9.0,-999,9.0,-999,9.0,2.4508
136,09FA20010524,P15S,7.0,1.0,8.0,2.0,20010528.0,1215.0,-47.107,-170.4608,5496,2249.4,2.29,34.682,2.0,177.4,2.0,83.18,2.0,32.37,2.0,2.19,2.0,0.137,2.0,0.077,2.0,0.895,4.0,-999,9.0,-999,9.0,-999,9.0,-999,9.0,-999,9.0,2.1271
137,09FA20010524,P15S,7.0,1.0,7.0,2.0,20010528.0,1215.0,-47.107,-170.4608,5496,2819.7,1.93,34.734,2.0,190.2,2.0,91.42,2.0,31.34,2.0,2.12,2.0,-999,9.0,-999,9.0,-999,9.0,-999,9.0,-999,9.0,-999,9.0,-999,9.0,-999,9.0,1.7209
138,09FA20010524,P15S,7.0,1.0,6.0,2.0,20010528.0,1215.0,-47.107,-170.4608,5496,3059,1.75,34.737,2.0,194.3,2.0,96.48,2.0,31.25,2.0,2.1,2.0,0.053,2.0,0.003,2.0,0.907,4.0,-999,9.0,-999,9.0,-999,9.0,-999,9.0,-999,9.0,1.5216
139,09FA20010524,P15S,7.0,1.0,5.0,2.0,20010528.0,1215.0,-47.107,-170.4608,5496,3250.2,1.63,34.734,2.0,196.3,2.0,102.05,2.0,31.31,2.0,2.11,2.0,-999,9.0,-999,9.0,-999,9.0,-999,9.0,-999,9.0,-999,9.0,-999,9.0,-999,9.0,1.3855
140,09FA20010524,P15S,7.0,1.0,4.0,2.0,20010528.0,1215.0,-47.107,-170.4608,5496,3750,1.26,34.718,2.0,202.2,2.0,112.87,2.0,31.78,2.0,2.14,2.0,-999,9.0,-999,9.0,-999,9.0,-999,9.0,-999,9.0,-999,9.0,-999,9.0,-999,9.0,0.974
141,09FA20010524,P15S,7.0,1.0,3.0,2.0,20010528.0,1215.0,-47.107,-170.4608,5496,4250,1.01,34.709,2.0,206,2.0,121.39,2.0,32.05,2.0,2.17,2.0,-999,9.0,-999,9.0,-999,9.0,-999,9.0,-999,9.0,-999,9.0,-999,9.0,-999,9.0,0.6778
142,09FA20010524,P15S,7.0,1.0,2.0,2.0,20010528.0,1215.0,-47.107,-170.4608,5496,4848.1,0.96,34.704,2.0,208.5,2.0,124.46,2.0,32.11,2.0,2.18,2.0,-999,9.0,-999,9.0,-999,9.0,-999,9.0,-999,9.0,-999,9.0,-999,9.0,-999,9.0,0.5618
143,09FA20010524,P15S,7.0,1.0,1.0,2.0,20010528.0,1215.0,-47.107,-170.4608,5496,5486,1.01,34.703,2.0,209,2.0,124.28,2.0,32.19,2.0,2.19,2.0,-999,9.0,-999,9.0,-999,9.0,-999,9.0,-999,9.0,-999,9.0,-999,9.0,-999,9.0,0.5329
144,09FA20010524,P15S,8.0,1.0,24.0,2.0,20010528.0,1921.0,-46.7257,-170.9075,5405,3.4,11.68,34.764,2.0,258,2.0,1.29,2.0,5.81,2.0,0.51,2.0,3.227,2.0,2.06,4.0,0.748,4.0,-999,9.0,2076.7,6.0,2297,2.0,-999,9.0,-999,9.0,11.68
145,09FA20010524,P15S,8.0,1.0,23.0,2.0,20010528.0,1921.0,-46.7257,-170.9075,5405,48,11.69,34.766,2.0,257.2,2.0,1.19,2.0,5.88,2.0,0.52,2.0,3.685,2.0,2.357,2.0,0.841,4.0,-999,9.0,2078.3,2.0,2297.2,6.0,-999,9.0,-999,9.0,11.684
146,09FA20010524,P15S,8.0,1.0,22.0,2.0,20010528.0,1921.0,-46.7257,-170.9075,5405,96.8,11.7,34.766,2.0,256.6,2.0,1.14,2.0,5.94,2.0,0.54,2.0,3.204,2.0,1.862,2.0,0.788,4.0,-999,9.0,2077.7,2.0,2298.7,2.0,-999,9.0,-999,9.0,11.688
147,09FA20010524,P15S,8.0,1.0,21.0,2.0,20010528.0,1921.0,-46.7257,-170.9075,5405,151.3,11.31,34.834,2.0,238.1,2.0,2.38,2.0,9.7,2.0,0.74,2.0,3.273,2.0,1.803,2.0,1.072,4.0,-999,9.0,2100.3,2.0,2296.6,2.0,-999,9.0,-999,9.0,11.291
148,09FA20010524,P15S,8.0,1.0,20.0,9.0,20010528.0,1921.0,-46.7257,-170.9075,5405,-999,-999,-999,9.0,-999,9.0,-999,9.0,-999,9.0,-999,9.0,-999,9.0,-999,9.0,-999,9.0,-999,9.0,-999,9.0,-999,9.0,-999,9.0,-999,9.0,-999
149,09FA20010524,P15S,8.0,1.0,19.0,2.0,20010528.0,1921.0,-46.7257,-170.9075,5405,237.7,10.04,34.699,2.0,236.2,2.0,3.58,2.0,13.6,2.0,0.92,2.0,3.448,2.0,2.14,2.0,1.113,4.0,-999,9.0,2115.7,2.0,2290.6,2.0,-999,9.0,-999,9.0,10.012
150,09FA20010524,P15S,8.0,1.0,18.0,2.0,20010528.0,1921.0,-46.7257,-170.9075,5405,296.8,9.46,34.625,2.0,237.4,2.0,4.27,2.0,15.31,2.0,1.05,2.0,3.385,2.0,1.857,2.0,1.179,4.0,-999,9.0,2122.3,2.0,2288.2,2.0,-999,9.0,-999,9.0,9.4267
151,09FA20010524,P15S,8.0,1.0,17.0,2.0,20010528.0,1921.0,-46.7257,-170.9075,5405,398.6,8.48,34.502,2.0,243.5,2.0,5.06,2.0,17.66,2.0,1.2,2.0,3.483,2.0,1.943,2.0,1.1,4.0,-999,9.0,2125.7,2.0,2284.3,2.0,-999,9.0,-999,9.0,8.438
152,09FA20010524,P15S,8.0,1.0,16.0,2.0,20010528.0,1921.0,-46.7257,-170.9075,5405,498.2,7.91,34.455,2.0,244.3,2.0,6.38,2.0,19.13,2.0,1.31,2.0,3.465,6.0,2.066,6.0,1.111,4.0,-999,9.0,2130.6,2.0,2283.5,2.0,-999,9.0,-999,9.0,7.8593
153,09FA20010524,P15S,8.0,1.0,15.0,2.0,20010528.0,1921.0,-46.7257,-170.9075,5405,698.4,7.16,34.413,2.0,235.6,2.0,9.47,2.0,21.94,2.0,1.47,2.0,2.909,2.0,1.622,2.0,1.138,4.0,-999,9.0,2142,2.0,2284,2.0,-999,9.0,-999,9.0,7.092
154,09FA20010524,P15S,8.0,1.0,14.0,2.0,20010528.0,1921.0,-46.7257,-170.9075,5405,897,6.2,34.369,2.0,220.5,2.0,16.4,2.0,25.36,2.0,1.72,2.0,2.166,2.0,1.231,2.0,1.084,4.0,-999,9.0,2160,2.0,2287.4,2.0,-999,9.0,-999,9.0,6.118
155,09FA20010524,P15S,8.0,1.0,13.0,2.0,20010528.0,1921.0,-46.7257,-170.9075,5405,1097,4.95,34.342,2.0,208.9,2.0,28.23,2.0,29.16,2.0,1.98,2.0,1.935,2.0,1.005,2.0,1.075,4.0,-999,9.0,2185.8,2.0,2296.3,6.0,-999,9.0,-999,9.0,4.8585
156,09FA20010524,P15S,8.0,1.0,12.0,2.0,20010528.0,1921.0,-46.7257,-170.9075,5405,1296.1,3.94,34.369,2.0,197.5,2.0,42.29,2.0,31.76,2.0,2.16,2.0,1.26,2.0,0.642,2.0,1.058,4.0,-999,9.0,2208.8,2.0,2309.3,2.0,-999,9.0,-999,9.0,3.8399
157,09FA20010524,P15S,8.0,1.0,11.0,9.0,20010528.0,1921.0,-46.7257,-170.9075,5405,-999,-999,-999,9.0,-999,9.0,-999,9.0,-999,9.0,-999,9.0,-999,9.0,-999,9.0,-999,9.0,-999,9.0,-999,9.0,-999,9.0,-999,9.0,-999,9.0,-999
158,09FA20010524,P15S,8.0,1.0,10.0,2.0,20010528.0,1921.0,-46.7257,-170.9075,5405,1686,2.93,34.467,2.0,185.7,3.0,62.9,2.0,33.7,2.0,2.26,2.0,0.762,2.0,0.416,2.0,0.985,4.0,-999,9.0,2238.8,2.0,2327.4,2.0,-999,9.0,-999,9.0,2.8076
159,09FA20010524,P15S,8.0,1.0,9.0,2.0,20010528.0,1921.0,-46.7257,-170.9075,5405,1995.8,2.6,34.568,2.0,-999,9.0,77.18,2.0,33.76,2.0,2.3,2.0,0.351,2.0,0.159,2.0,1.005,4.0,-999,9.0,2256.8,2.0,2342.9,2.0,-999,9.0,-999,9.0,2.455
160,09FA20010524,P15S,8.0,1.0,8.0,2.0,20010528.0,1921.0,-46.7257,-170.9075,5405,2440,2.31,34.678,2.0,177.8,2.0,82.56,2.0,32.14,2.0,2.19,2.0,0.149,2.0,0.06,2.0,0.907,4.0,-999,9.0,2258.8,2.0,2347,3.0,-999,9.0,-999,9.0,2.1294
161,09FA20010524,P15S,8.0,1.0,7.0,2.0,20010528.0,1921.0,-46.7257,-170.9075,5405,2935.5,1.99,34.731,2.0,189.3,2.0,90.9,2.0,31.02,2.0,2.12,2.0,0.078,2.0,0.021,2.0,0.969,4.0,-999,9.0,2253.2,2.0,2352.2,2.0,-999,9.0,-999,9.0,1.7685
162,09FA20010524,P15S,8.0,1.0,6.0,2.0,20010528.0,1921.0,-46.7257,-170.9075,5405,3186,1.77,34.735,2.0,194.4,2.0,96.34,2.0,30.89,2.0,2.1,2.0,0.057,2.0,0.024,2.0,0.914,4.0,-999,9.0,2253.3,2.0,2357.7,2.0,-999,9.0,-999,9.0,1.5287
163,09FA20010524,P15S,8.0,1.0,5.0,2.0,20010528.0,1921.0,-46.7257,-170.9075,5405,3495.1,1.53,34.732,2.0,198.9,2.0,104.91,2.0,31.1,2.0,2.13,2.0,0.066,2.0,0.029,2.0,0.907,4.0,-999,9.0,2256.5,2.0,2360.7,2.0,-999,9.0,-999,9.0,1.2633
164,09FA20010524,P15S,8.0,1.0,4.0,2.0,20010528.0,1921.0,-46.7257,-170.9075,5405,3997,1.19,34.717,2.0,203.9,2.0,114.06,2.0,31.45,2.0,2.16,2.0,0.064,2.0,0.027,2.0,0.929,4.0,-999,9.0,2260.6,2.0,2364.6,2.0,-999,9.0,-999,9.0,0.8799
165,09FA20010524,P15S,8.0,1.0,3.0,2.0,20010528.0,1921.0,-46.7257,-170.9075,5405,4497.9,1,34.71,2.0,207.2,2.0,120.88,2.0,31.76,2.0,2.18,2.0,0.095,2.0,0.064,2.0,0.986,4.0,-999,9.0,2256.6,2.0,2362.4,2.0,-999,9.0,-999,9.0,0.6406
166,09FA20010524,P15S,8.0,1.0,2.0,2.0,20010528.0,1921.0,-46.7257,-170.9075,5405,4999.5,0.97,34.704,2.0,208.8,2.0,124.01,2.0,31.84,2.0,2.19,2.0,0.115,2.0,0.057,2.0,0.989,4.0,-999,9.0,2261.6,2.0,2365.5,6.0,-999,9.0,-999,9.0,0.5536
167,09FA20010524,P15S,8.0,1.0,1.0,2.0,20010528.0,1921.0,-46.7257,-170.9075,5405,5395.4,0.99,34.701,2.0,208.6,2.0,126.22,2.0,31.99,2.0,2.21,2.0,0.13,2.0,0.107,2.0,0.937,4.0,-999,9.0,2262.4,6.0,2365.1,2.0,-999,9.0,-999,9.0,0.5249
168,09FA20010524,P15S,9.0,1.0,24.0,2.0,20010529.0,217.0,-46.3365,-171.373,5202,3,11.69,34.734,2.0,258.5,2.0,1.11,2.0,5.71,2.0,0.51,2.0,3.229,2.0,1.919,2.0,0.732,4.0,-999,9.0,2073.8,2.0,2295.7,6.0,-999,9.0,-999,9.0,11.69
169,09FA20010524,P15S,9.0,1.0,23.0,2.0,20010529.0,217.0,-46.3365,-171.373,5202,24.4,11.69,34.734,2.0,258.4,2.0,1.12,2.0,5.71,2.0,0.53,2.0,3.291,2.0,1.934,2.0,0.724,4.0,-999,9.0,-999,9.0,-999,9.0,-999,9.0,-999,9.0,11.687
170,09FA20010524,P15S,9.0,1.0,22.0,2.0,20010529.0,217.0,-46.3365,-171.373,5202,73.7,11.75,34.761,2.0,257.1,2.0,1.07,2.0,5.47,2.0,0.53,2.0,3.147,2.0,1.807,2.0,0.758,4.0,-999,9.0,-999,9.0,-999,9.0,-999,9.0,-999,9.0,11.741
171,09FA20010524,P15S,9.0,1.0,21.0,2.0,20010529.0,217.0,-46.3365,-171.373,5202,120.5,11.78,34.768,2.0,256.8,2.0,1.05,2.0,5.62,2.0,0.52,2.0,3.225,2.0,1.844,2.0,0.744,4.0,-999,9.0,-999,9.0,-999,9.0,-999,9.0,-999,9.0,11.765
172,09FA20010524,P15S,9.0,1.0,20.0,2.0,20010529.0,217.0,-46.3365,-171.373,5202,175,11.13,34.826,2.0,235,2.0,2.71,2.0,10.82,2.0,0.82,2.0,3.237,2.0,1.826,2.0,1.073,4.0,-999,9.0,-999,9.0,-999,9.0,-999,9.0,-999,9.0,11.108
173,09FA20010524,P15S,9.0,1.0,19.0,2.0,20010529.0,217.0,-46.3365,-171.373,5202,217.5,10.51,34.756,2.0,235,2.0,3.36,2.0,12.5,2.0,0.9,2.0,3.225,6.0,1.808,6.0,1.136,4.0,-999,9.0,-999,9.0,-999,9.0,-999,9.0,-999,9.0,10.484
174,09FA20010524,P15S,9.0,1.0,18.0,2.0,20010529.0,217.0,-46.3365,-171.373,5202,274.9,9.71,34.655,2.0,237.6,2.0,3.91,2.0,14.52,2.0,1.04,2.0,-999,9.0,-999,9.0,-999,9.0,-999,9.0,-999,9.0,-999,9.0,-999,9.0,-999,9.0,9.6787
175,09FA20010524,P15S,9.0,1.0,17.0,2.0,20010529.0,217.0,-46.3365,-171.373,5202,448,8.07,34.46,2.0,247.4,2.0,5.64,2.0,18.58,2.0,1.33,2.0,-999,9.0,-999,9.0,-999,9.0,-999,9.0,-999,9.0,-999,9.0,-999,9.0,-999,9.0,8.0241
176,09FA20010524,P15S,9.0,1.0,16.0,2.0,20010529.0,217.0,-46.3365,-171.373,5202,546.4,7.6,34.421,2.0,251.7,2.0,6.55,2.0,19.44,2.0,1.39,2.0,-999,9.0,-999,9.0,-999,9.0,-999,9.0,-999,9.0,-999,9.0,-999,9.0,-999,9.0,7.5456
177,09FA20010524,P15S,9.0,1.0,15.0,2.0,20010529.0,217.0,-46.3365,-171.373,5202,599.9,7.48,34.423,2.0,243.7,2.0,7.65,2.0,20.44,2.0,1.41,2.0,-999,9.0,-999,9.0,-999,9.0,-999,9.0,-999,9.0,-999,9.0,-999,9.0,-999,9.0,7.4206
178,09FA20010524,P15S,9.0,1.0,14.0,2.0,20010529.0,217.0,-46.3365,-171.373,5202,802.5,6.68,34.385,2.0,227.5,2.0,12.81,2.0,23.63,2.0,1.62,2.0,-999,9.0,-999,9.0,-999,9.0,-999,9.0,-999,9.0,-999,9.0,-999,9.0,-999,9.0,6.6042
179,09FA20010524,P15S,9.0,1.0,13.0,2.0,20010529.0,217.0,-46.3365,-171.373,5202,1000.7,5.54,34.36,2.0,211.2,2.0,23.03,2.0,27.12,2.0,1.9,2.0,-999,9.0,-999,9.0,-999,9.0,-999,9.0,-999,9.0,-999,9.0,-999,9.0,-999,9.0,5.4528
180,09FA20010524,P15S,9.0,1.0,12.0,2.0,20010529.0,217.0,-46.3365,-171.373,5202,1196.5,4.43,34.356,2.0,202.4,2.0,35.41,2.0,30.52,2.0,2.06,2.0,-999,9.0,-999,9.0,-999,9.0,-999,9.0,-999,9.0,-999,9.0,-999,9.0,-999,9.0,4.3341
181,09FA20010524,P15S,9.0,1.0,11.0,2.0,20010529.0,217.0,-46.3365,-171.373,5202,1401.1,3.54,34.397,2.0,191.8,2.0,50.24,2.0,32.56,2.0,2.22,2.0,-999,9.0,-999,9.0,-999,9.0,-999,9.0,-999,9.0,-999,9.0,-999,9.0,-999,9.0,3.4349
182,09FA20010524,P15S,9.0,1.0,10.0,2.0,20010529.0,217.0,-46.3365,-171.373,5202,1649.6,2.92,34.466,2.0,182,2.0,63.62,2.0,33.75,2.0,2.34,2.0,-999,9.0,-999,9.0,-999,9.0,-999,9.0,-999,9.0,-999,9.0,-999,9.0,-999,9.0,2.8008
183,09FA20010524,P15S,9.0,1.0,9.0,2.0,20010529.0,217.0,-46.3365,-171.373,5202,1818.3,2.75,34.519,2.0,175.2,2.0,71.02,2.0,33.85,2.0,2.35,2.0,-999,9.0,-999,9.0,-999,9.0,-999,9.0,-999,9.0,-999,9.0,-999,9.0,-999,9.0,2.6185
184,09FA20010524,P15S,9.0,1.0,8.0,2.0,20010529.0,217.0,-46.3365,-171.373,5202,2070,2.5,34.609,2.0,170.2,2.0,81.62,2.0,33.63,2.0,2.33,2.0,-999,9.0,-999,9.0,-999,9.0,-999,9.0,-999,9.0,-999,9.0,-999,9.0,-999,9.0,2.3499
185,09FA20010524,P15S,9.0,1.0,7.0,2.0,20010529.0,217.0,-46.3365,-171.373,5202,2295.1,2.35,34.664,2.0,175.9,2.0,82.01,2.0,32.95,2.0,2.24,2.0,-999,9.0,-999,9.0,-999,9.0,-999,9.0,-999,9.0,-999,9.0,-999,9.0,-999,9.0,2.182
186,09FA20010524,P15S,9.0,1.0,6.0,2.0,20010529.0,217.0,-46.3365,-171.373,5202,2752.7,2.04,34.723,2.0,188.9,2.0,88.36,2.0,31.15,2.0,2.13,2.0,-999,9.0,-999,9.0,-999,9.0,-999,9.0,-999,9.0,-999,9.0,-999,9.0,-999,9.0,1.8351
187,09FA20010524,P15S,9.0,1.0,5.0,2.0,20010529.0,217.0,-46.3365,-171.373,5202,3062.5,1.81,34.735,2.0,194,2.0,94.83,2.0,30.94,2.0,2.12,2.0,-999,9.0,-999,9.0,-999,9.0,-999,9.0,-999,9.0,-999,9.0,-999,9.0,-999,9.0,1.5799
188,09FA20010524,P15S,9.0,1.0,4.0,2.0,20010529.0,217.0,-46.3365,-171.373,5202,3647.4,1.36,34.724,2.0,200.8,2.0,107.93,2.0,31.33,2.0,2.15,2.0,-999,9.0,-999,9.0,-999,9.0,-999,9.0,-999,9.0,-999,9.0,-999,9.0,-999,9.0,1.082
189,09FA20010524,P15S,9.0,1.0,3.0,2.0,20010529.0,217.0,-46.3365,-171.373,5202,4146.7,1.07,34.711,2.0,205.4,2.0,116.62,2.0,31.76,2.0,2.19,2.0,-999,9.0,-999,9.0,-999,9.0,-999,9.0,-999,9.0,-999,9.0,-999,9.0,-999,9.0,0.7473
190,09FA20010524,P15S,9.0,1.0,2.0,2.0,20010529.0,217.0,-46.3365,-171.373,5202,4645.6,0.95,34.706,2.0,208,2.0,122.17,2.0,31.99,2.0,2.2,2.0,-999,9.0,-999,9.0,-999,9.0,-999,9.0,-999,9.0,-999,9.0,-999,9.0,-999,9.0,0.5755
191,09FA20010524,P15S,9.0,1.0,1.0,2.0,20010529.0,217.0,-46.3365,-171.373,5202,5191.5,0.97,34.704,2.0,209.1,2.0,124.74,2.0,32.01,2.0,2.21,2.0,-999,9.0,-999,9.0,-999,9.0,-999,9.0,-999,9.0,-999,9.0,-999,9.0,-999,9.0,0.5306
192,09FA20010524,P15S,10.0,1.0,24.0,2.0,20010529.0,951.0,-45.9563,-171.821,4981,4.6,11.82,34.708,2.0,-999,9.0,0.98,2.0,5.17,2.0,0.47,2.0,3.222,2.0,1.863,2.0,0.69,4.0,3.593,2.0,2069.4,6.0,2297.6,2.0,-999,9.0,-999,9.0,11.819
193,09FA20010524,P15S,10.0,1.0,23.0,2.0,20010529.0,951.0,-45.9563,-171.821,4981,50.2,11.82,34.71,2.0,259.2,2.0,0.94,2.0,5.3,2.0,0.51,2.0,3.197,2.0,1.881,2.0,0.672,4.0,3.471,2.0,2064.5,2.0,2300.5,2.0,-999,9.0,-999,9.0,11.814
194,09FA20010524,P15S,10.0,1.0,22.0,2.0,20010529.0,951.0,-45.9563,-171.821,4981,99.8,11.82,34.717,2.0,259,2.0,0.9,2.0,5.44,2.0,0.52,2.0,3.237,2.0,2.156,4.0,0.69,4.0,3.562,2.0,2071.5,2.0,2299.2,2.0,-999,9.0,-999,9.0,11.807
195,09FA20010524,P15S,10.0,1.0,21.0,2.0,20010529.0,951.0,-45.9563,-171.821,4981,149.1,10.99,-999,9.0,-999,9.0,-999,9.0,-999,9.0,-999,9.0,3.329,3.0,2.154,4.0,1.002,4.0,1.836,2.0,2101.7,2.0,-999,9.0,-999,9.0,-999,9.0,-999
196,09FA20010524,P15S,10.0,1.0,20.0,2.0,20010529.0,951.0,-45.9563,-171.821,4981,197.4,10.51,34.76,2.0,236.6,2.0,3.2,2.0,12.3,2.0,0.81,2.0,3.152,2.0,1.84,2.0,1.013,4.0,-999,9.0,2109.9,2.0,2297.1,2.0,-999,9.0,-999,9.0,10.486
197,09FA20010524,P15S,10.0,1.0,19.0,2.0,20010529.0,951.0,-45.9563,-171.821,4981,251.6,9.96,34.686,2.0,237.3,2.0,3.69,2.0,13.83,2.0,0.95,2.0,3.336,2.0,1.96,2.0,0.993,4.0,1.792,2.0,2116.3,2.0,2294.5,2.0,-999,9.0,-999,9.0,9.9309
198,09FA20010524,P15S,10.0,1.0,18.0,2.0,20010529.0,951.0,-45.9563,-171.821,4981,302.6,9.42,34.625,2.0,248.1,2.0,3.41,2.0,13.97,4.0,0.97,2.0,3.478,2.0,1.941,2.0,1.012,4.0,-999,9.0,2112,2.0,2287.3,2.0,-999,9.0,-999,9.0,9.3861
199,09FA20010524,P15S,10.0,1.0,17.0,2.0,20010529.0,951.0,-45.9563,-171.821,4981,396.5,8.43,34.513,2.0,237.6,2.0,5.41,2.0,18.61,2.0,1.24,2.0,-999,9.0,-999,9.0,-999,9.0,2.537,2.0,2128.5,2.0,2285.8,2.0,-999,9.0,-999,9.0,8.3884
200,09FA20010524,P15S,10.0,1.0,16.0,2.0,20010529.0,951.0,-45.9563,-171.821,4981,498.8,7.93,34.478,2.0,235.5,2.0,6.68,2.0,20.19,2.0,1.37,2.0,3.282,2.0,1.935,2.0,1.021,4.0,-999,9.0,2133.8,2.0,2282.3,2.0,-999,9.0,-999,9.0,7.8792
201,09FA20010524,P15S,10.0,1.0,15.0,2.0,20010529.0,951.0,-45.9563,-171.821,4981,696.2,7.17,34.432,2.0,227.3,2.0,10.38,2.0,22.9,2.0,1.52,2.0,2.482,2.0,1.355,2.0,1.011,4.0,2.211,6.0,2143.3,2.0,2283.9,2.0,-999,9.0,-999,9.0,7.1022
202,09FA20010524,P15S,10.0,1.0,14.0,2.0,20010529.0,951.0,-45.9563,-171.821,4981,899.1,6.28,34.393,2.0,213.7,2.0,17.43,2.0,25.96,2.0,1.72,2.0,1.636,3.0,0.941,3.0,0.996,4.0,-999,9.0,2158.7,2.0,2292,3.0,-999,9.0,-999,9.0,6.1972
203,09FA20010524,P15S,10.0,1.0,13.0,2.0,20010529.0,951.0,-45.9563,-171.821,4981,1098.5,4.87,34.346,2.0,207.9,2.0,29.26,2.0,29.36,2.0,1.95,2.0,1.673,3.0,0.941,3.0,0.998,4.0,1.906,2.0,2185.3,2.0,2298,2.0,-999,9.0,-999,9.0,4.7791
204,09FA20010524,P15S,10.0,1.0,12.0,2.0,20010529.0,951.0,-45.9563,-171.821,4981,1295.3,3.97,34.382,2.0,194.3,2.0,43.91,2.0,31.66,2.0,2.13,2.0,1.116,2.0,0.571,2.0,0.927,4.0,-999,9.0,2209.1,6.0,2312.3,2.0,-999,9.0,-999,9.0,3.8697
205,09FA20010524,P15S,10.0,1.0,11.0,2.0,20010529.0,951.0,-45.9563,-171.821,4981,1496.7,3.24,34.442,2.0,183,2.0,59.26,2.0,33.1,2.0,2.26,2.0,0.74,2.0,0.326,2.0,0.916,4.0,1.124,2.0,2232.5,2.0,2326,2.0,-999,9.0,-999,9.0,3.13
206,09FA20010524,P15S,10.0,1.0,10.0,2.0,20010529.0,951.0,-45.9563,-171.821,4981,1689.6,2.79,34.504,2.0,176.6,2.0,68.96,2.0,33.03,4.0,2.32,2.0,0.585,6.0,0.306,6.0,0.854,4.0,-999,9.0,2245.9,2.0,2336.3,2.0,-999,9.0,-999,9.0,2.669
207,09FA20010524,P15S,10.0,1.0,9.0,2.0,20010529.0,951.0,-45.9563,-171.821,4981,1845.6,2.63,34.56,2.0,171.6,2.0,75.96,2.0,33.82,2.0,2.34,2.0,0.365,2.0,0.16,2.0,0.91,4.0,0.53,2.0,2253.9,2.0,2342.2,2.0,-999,9.0,-999,9.0,2.4977
208,09FA20010524,P15S,10.0,1.0,8.0,2.0,20010529.0,951.0,-45.9563,-171.821,4981,1999.2,2.48,34.61,2.0,172.1,2.0,79.75,2.0,33.71,2.0,2.3,2.0,0.276,2.0,0.113,2.0,0.818,4.0,-999,9.0,2255.7,2.0,2348.7,2.0,-999,9.0,-999,9.0,2.3364
209,09FA20010524,P15S,10.0,1.0,7.0,2.0,20010529.0,951.0,-45.9563,-171.821,4981,2187.6,2.35,34.655,2.0,174,2.0,83.67,2.0,32.67,2.0,2.28,2.0,0.168,2.0,0.063,2.0,0.951,4.0,-999,9.0,2256.3,2.0,2352.8,2.0,-999,9.0,-999,9.0,2.1917
210,09FA20010524,P15S,10.0,1.0,6.0,2.0,20010529.0,951.0,-45.9563,-171.821,4981,2397.6,2.2,34.693,2.0,177.8,2.0,88.31,2.0,32.31,2.0,2.24,2.0,0.108,2.0,0.042,2.0,0.851,4.0,-999,9.0,2247.1,3.0,2353.5,2.0,-999,9.0,-999,9.0,2.0252
211,09FA20010524,P15S,10.0,1.0,5.0,2.0,20010529.0,951.0,-45.9563,-171.821,4981,2697.4,2.01,34.728,2.0,187.7,2.0,89.58,2.0,31.15,2.0,2.14,2.0,0.08,2.0,0.029,2.0,0.904,4.0,0.193,2.0,2253.9,2.0,2355.7,2.0,-999,9.0,-999,9.0,1.8109
212,09FA20010524,P15S,10.0,1.0,4.0,2.0,20010529.0,951.0,-45.9563,-171.821,4981,2937.6,1.82,34.733,2.0,193.1,2.0,94.64,2.0,31.06,2.0,2.14,2.0,0.05,2.0,0.02,2.0,0.859,4.0,-999,9.0,2250.9,2.0,2357.3,2.0,-999,9.0,-999,9.0,1.6019
213,09FA20010524,P15S,10.0,1.0,3.0,2.0,20010529.0,951.0,-45.9563,-171.821,4981,3348.9,1.48,34.73,2.0,198.5,2.0,104.97,2.0,31.01,4.0,2.16,2.0,0.051,2.0,0.014,2.0,0.837,4.0,0.148,2.0,2252.8,2.0,2357.7,2.0,-999,9.0,-999,9.0,1.2293
214,09FA20010524,P15S,10.0,1.0,2.0,2.0,20010529.0,951.0,-45.9563,-171.821,4981,3699,1.23,34.72,2.0,-999,9.0,112.46,2.0,31.45,2.0,2.18,2.0,0.052,2.0,0.026,2.0,0.907,4.0,0.184,2.0,2257,2.0,2361.6,6.0,-999,9.0,-999,9.0,0.9501
215,09FA20010524,P15S,10.0,1.0,1.0,2.0,20010529.0,951.0,-45.9563,-171.821,4981,3999.5,1.08,34.715,2.0,205.2,2.0,117.14,2.0,31.54,4.0,2.19,2.0,0.077,2.0,0.136,3.0,0.909,4.0,0.185,2.0,2258.9,6.0,2366.6,2.0,-999,9.0,-999,9.0,0.7728
216,09FA20010524,P15S,11.0,1.0,24.0,2.0,20010530.0,24.0,-45.3843,-172.4882,4964,3.1,12.04,34.719,2.0,257.9,2.0,0.94,2.0,4.64,2.0,0.45,2.0,3.146,2.0,1.844,2.0,0.664,4.0,-999,9.0,2067.5,6.0,2294.5,2.0,-999,9.0,-999,9.0,12.04
217,09FA20010524,P15S,11.0,1.0,23.0,2.0,20010530.0,24.0,-45.3843,-172.4882,4964,22.4,12.05,34.718,2.0,257.6,2.0,0.87,2.0,4.59,2.0,0.46,2.0,-0.005,4.0,-0.005,4.0,0.658,4.0,-999,9.0,2068.3,2.0,2295.3,6.0,-999,9.0,-999,9.0,12.047
218,09FA20010524,P15S,11.0,1.0,22.0,2.0,20010530.0,24.0,-45.3843,-172.4882,4964,73.2,12.03,34.713,2.0,257.6,2.0,0.83,2.0,4.71,2.0,0.45,2.0,3.189,2.0,2.208,4.0,0.694,4.0,-999,9.0,2068.1,2.0,2294.4,2.0,-999,9.0,-999,9.0,12.021
219,09FA20010524,P15S,11.0,1.0,21.0,2.0,20010530.0,24.0,-45.3843,-172.4882,4964,123.9,11.44,34.81,2.0,239.7,2.0,2.12,2.0,9.41,2.0,0.73,2.0,3.248,2.0,2.075,4.0,0.892,4.0,-999,9.0,2096,2.0,2294.9,2.0,-999,9.0,-999,9.0,11.424
220,09FA20010524,P15S,11.0,1.0,20.0,2.0,20010530.0,24.0,-45.3843,-172.4882,4964,174.8,10.76,34.798,2.0,237.6,2.0,2.92,2.0,11.28,2.0,0.81,2.0,3.255,2.0,1.901,2.0,1.004,4.0,-999,9.0,2106.5,2.0,2293.9,2.0,-999,9.0,-999,9.0,10.739
221,09FA20010524,P15S,11.0,1.0,19.0,2.0,20010530.0,24.0,-45.3843,-172.4882,4964,223.8,9.95,34.692,2.0,247.7,2.0,2.88,2.0,12.13,2.0,0.86,2.0,3.416,2.0,2.015,2.0,0.898,4.0,-999,9.0,2107.8,2.0,2289.2,2.0,-999,9.0,-999,9.0,9.9242
222,09FA20010524,P15S,11.0,1.0,18.0,2.0,20010530.0,24.0,-45.3843,-172.4882,4964,279.3,9.52,34.643,2.0,241.5,2.0,3.68,2.0,14.13,2.0,0.98,2.0,3.679,2.0,1.876,2.0,0.901,4.0,-999,9.0,2115.2,2.0,2286.8,2.0,-999,9.0,-999,9.0,9.4886
223,09FA20010524,P15S,11.0,1.0,17.0,2.0,20010530.0,24.0,-45.3843,-172.4882,4964,452.1,7.91,34.468,2.0,239.2,2.0,6.31,2.0,19.59,2.0,1.32,2.0,3.408,2.0,1.787,2.0,0.909,4.0,-999,9.0,2132.6,2.0,-999,9.0,-999,9.0,-999,9.0,7.8642
224,09FA20010524,P15S,11.0,1.0,16.0,2.0,20010530.0,24.0,-45.3843,-172.4882,4964,551,7.49,34.429,2.0,242.8,2.0,7.04,2.0,20.38,2.0,1.37,2.0,-999,9.0,-999,9.0,-999,9.0,-999,9.0,-999,9.0,-999,9.0,-999,9.0,-999,9.0,7.4355
225,09FA20010524,P15S,11.0,1.0,15.0,2.0,20010530.0,24.0,-45.3843,-172.4882,4964,597.2,7.36,34.421,2.0,241.5,2.0,7.57,2.0,20.83,2.0,1.39,2.0,3.378,2.0,1.777,2.0,0.901,4.0,-999,9.0,-999,9.0,2273.2,4.0,-999,9.0,-999,9.0,7.3014
226,09FA20010524,P15S,11.0,1.0,14.0,2.0,20010530.0,24.0,-45.3843,-172.4882,4964,801.4,6.62,34.38,2.0,229.4,2.0,12.05,2.0,23.74,2.0,1.59,2.0,-999,9.0,-999,9.0,-999,9.0,-999,9.0,-999,9.0,-999,9.0,-999,9.0,-999,9.0,6.5447
227,09FA20010524,P15S,11.0,1.0,13.0,2.0,20010530.0,24.0,-45.3843,-172.4882,4964,1001.4,5.61,34.356,2.0,212.3,2.0,21.95,2.0,27.28,2.0,1.84,2.0,1.744,2.0,0.962,2.0,0.828,4.0,-999,9.0,2170.1,2.0,2289,2.0,-999,9.0,-999,9.0,5.5222
228,09FA20010524,P15S,11.0,1.0,12.0,2.0,20010530.0,24.0,-45.3843,-172.4882,4964,1198.5,4.34,-999,9.0,-999,9.0,53.02,4.0,32.88,4.0,2.23,4.0,-999,9.0,-999,9.0,-999,9.0,-999,9.0,-999,9.0,-999,9.0,-999,9.0,-999,9.0,-999
229,09FA20010524,P15S,11.0,1.0,11.0,2.0,20010530.0,24.0,-45.3843,-172.4882,4964,1396.8,3.43,34.408,2.0,186.6,2.0,53.38,2.0,32.93,2.0,2.23,2.0,0.835,2.0,0.385,2.0,0.776,4.0,-999,9.0,2223.1,2.0,-999,9.0,-999,9.0,-999,9.0,3.3265
230,09FA20010524,P15S,11.0,1.0,10.0,2.0,20010530.0,24.0,-45.3843,-172.4882,4964,1652.2,2.88,34.493,2.0,177.3,2.0,68.75,2.0,33.8,2.0,2.3,2.0,-999,9.0,-999,9.0,-999,9.0,-999,9.0,-999,9.0,-999,9.0,-999,9.0,-999,9.0,2.761
231,09FA20010524,P15S,11.0,1.0,9.0,2.0,20010530.0,24.0,-45.3843,-172.4882,4964,1815.9,2.69,34.566,2.0,167.5,2.0,80.03,2.0,33.71,2.0,2.35,2.0,0.256,2.0,0.121,2.0,0.713,4.0,-999,9.0,2258.9,2.0,2345.4,2.0,-999,9.0,-999,9.0,2.5594
232,09FA20010524,P15S,11.0,1.0,8.0,2.0,20010530.0,24.0,-45.3843,-172.4882,4964,2246.6,2.27,34.665,2.0,170.6,2.0,91.1,2.0,33.16,2.0,2.29,2.0,-999,9.0,-999,9.0,-999,9.0,-999,9.0,-999,9.0,-999,9.0,-999,9.0,-999,9.0,2.1077
233,09FA20010524,P15S,11.0,1.0,7.0,2.0,20010530.0,24.0,-45.3843,-172.4882,4964,2605.6,2.03,-999,9.0,-999,9.0,90.8,3.0,31.61,3.0,2.17,3.0,0.063,2.0,0.024,2.0,0.745,4.0,-999,9.0,2255.7,2.0,2352.9,2.0,-999,9.0,-999,9.0,-999
234,09FA20010524,P15S,11.0,1.0,6.0,2.0,20010530.0,24.0,-45.3843,-172.4882,4964,2996.3,1.74,34.736,2.0,195.4,2.0,97.09,2.0,31.1,2.0,2.13,2.0,-999,9.0,-999,9.0,-999,9.0,-999,9.0,-999,9.0,-999,9.0,-999,9.0,-999,9.0,1.5179
235,09FA20010524,P15S,11.0,1.0,5.0,2.0,20010530.0,24.0,-45.3843,-172.4882,4964,3246.8,1.54,34.732,2.0,197.6,2.0,104.55,2.0,31.38,2.0,2.15,2.0,0.055,6.0,0.027,6.0,0.701,4.0,-999,9.0,-999,9.0,2356.1,6.0,-999,9.0,-999,9.0,1.298
236,09FA20010524,P15S,11.0,1.0,4.0,2.0,20010530.0,24.0,-45.3843,-172.4882,4964,3742.2,1.19,34.719,2.0,204.1,2.0,113.92,2.0,31.62,2.0,2.16,2.0,-999,9.0,-999,9.0,-999,9.0,-999,9.0,-999,9.0,-999,9.0,-999,9.0,-999,9.0,0.9067
237,09FA20010524,P15S,11.0,1.0,3.0,2.0,20010530.0,24.0,-45.3843,-172.4882,4964,4244.6,0.97,34.71,2.0,208,2.0,118.07,2.0,31.56,2.0,2.13,4.0,0.154,2.0,0.075,2.0,0.725,4.0,-999,9.0,2256.3,2.0,-999,9.0,-999,9.0,-999,9.0,0.6396
238,09FA20010524,P15S,11.0,1.0,2.0,2.0,20010530.0,24.0,-45.3843,-172.4882,4964,4751.2,0.94,34.705,2.0,208,2.0,122.53,2.0,31.91,2.0,2.18,2.0,0.112,2.0,0.056,2.0,0.744,4.0,-999,9.0,-999,9.0,-999,9.0,-999,9.0,-999,9.0,0.5537
239,09FA20010524,P15S,11.0,1.0,1.0,2.0,20010530.0,24.0,-45.3843,-172.4882,4964,4953.6,0.94,34.706,2.0,208.9,2.0,127.03,2.0,32.14,2.0,2.21,2.0,0.126,2.0,0.145,3.0,0.701,4.0,-999,9.0,2260.8,6.0,2362.2,2.0,-999,9.0,-999,9.0,0.53
